a,Rstar,R0,psi,pi,mean_nz,meannh
1.63130062026819e-05,1.53598309220299,0.0268366685322903,78.1907034551961,5.849322542528e-06,2712.51504339234,2863.84154010262
1.65661364384294e-05,1.29075854470037,0.00816794113779016,18.4576600349009,3.76238559372894e-06,11738.0980806109,12392.9461578253
2.10455299135717e-05,1.58179346570538,0.0422560878232209,39.9545016409147,8.08201830297708e-06,5341.48366227807,5639.47574597795
1.79001504282709e-05,1.16380269616485,0.094983169954575,30.5892051583181,2.78376772595609e-06,7004.29577175235,7395.05325110493
2.2875069770054e-05,1.23368935899094,0.0317277995835155,70.1816787929083,4.47494558509741e-06,3024.29437357956,3193.01449687961
1.67986317570694e-05,1.04309554349528,0.0185743479044116,26.1001692507812,7.07159424720083e-07,8232.80081893558,8692.09445827519
1.2251447790795e-05,1.4386465270906,0.0240364882910147,47.3511529614723,3.8274447745682e-06,4498.12394062738,4749.06645221343
1.90395394542553e-05,1.7433436152189,0.020843956725381,77.4018671404952,8.29091817247776e-06,2740.33999024645,2893.21879234905
2.12725360838994e-05,1.16856167445462,0.0724062531565148,46.1794160250293,3.30794731013569e-06,4613.51581993267,4870.89584377753
2.29171315767188e-05,1.7627120452749,0.00726725214672526,61.5892672452441,9.98842666340536e-06,3449.68940683545,3642.14157920097
1.78074389706692e-05,1.20657476126997,0.0175766576024498,81.8591099875489,3.10325825571329e-06,2590.20711296219,2734.71026294968
2.1092008701562e-05,1.62632498474501,0.0848905898321255,65.5682910082305,8.87619747419261e-06,3238.72714180741,3419.41009630903
2.2588441455164e-05,1.09921130599164,0.0486991336523276,41.4157480765229,2.14307808032374e-06,5150.70094219138,5438.04958974373
1.80586379483202e-05,1.04564314907209,0.0253963658299512,63.1763384655664,8.08799757279926e-07,3362.33366449012,3549.91241191783
2.08330892264787e-05,1.67871959601525,0.0211768147885381,56.9802360556148,8.60502883328759e-06,3731.21311368762,3939.37100403712
2.11175885013649e-05,1.20299669867702,0.0285140147732139,65.6178413894967,3.66794517620897e-06,3236.26258721598,3416.80804850326
1.53218110850751e-05,1.35840800829622,0.117205069631764,42.4198000916734,4.5792034877584e-06,5027.32086631505,5307.78635401481
2.18262542326972e-05,1.59483180134037,0.0382505925316236,90.2988471904464,8.46421277314249e-06,2346.76141984482,2477.68315800994
1.4688923187579e-05,1.30550608786791,0.0588564453759647,52.6618774653081,3.6523145843656e-06,4040.12962914933,4265.52143463403
1.31515958760101e-05,1.1633089164807,0.00196070648420482,35.3836093815117,1.84986456370883e-06,6041.48278650683,6378.52660392073
1.96591464196639e-05,1.57015676435874,0.041272820220121,46.4643327460948,7.4458081099212e-06,4584.91599631353,4840.70048573902
1.56611007292662e-05,1.06708055253673,0.00225750752225463,44.5689455518395,9.86725683070468e-07,4782.1279174318,5048.91451694882
2.19276372261783e-05,1.50294339598711,0.0777440127102925,69.1185011887673,7.95620972768322e-06,3071.15454883268,3242.48891981168
1.26581497638524e-05,1.31860378527064,0.00560214825481208,22.6950408943073,3.07567987616642e-06,9496.26327662344,10026.0432890848
1.69668243140392e-05,1.17240778633446,0.00340238784055388,29.2417805398465,2.50352251509544e-06,7332.72436333081,7741.80430261007
1.4918254130845e-05,1.31550595988759,0.0115965586666003,57.7734472712734,3.61986126923464e-06,3679.53486382746,3884.8097144952
1.47775091321077e-05,1.16793941112208,0.0472973404280027,37.2306588426721,2.23033133832567e-06,5737.64036467212,6057.73334180949
2.01933187171603e-05,1.31116688097855,0.0391473216513826,92.7965385587166,4.9874330121396e-06,2283.25305747792,2410.63177455927
1.81555742339585e-05,1.61457208677543,0.00618015496014439,58.0952804772231,6.95360093603899e-06,3658.97317623546,3863.10092611298
1.94070171702588e-05,1.4558472041562,0.0168277643089923,38.3896648275166,6.1805064552161e-06,5562.11113948319,5872.41164642475
1.88076517670508e-05,1.08621787121504,0.0666355861397907,68.9634989771634,1.59939188119464e-06,3078.10792782195,3249.83021572157
1.44903496818496e-05,1.84285964359883,0.0108082089052403,34.8965548316223,6.69969404213442e-06,6127.0420348096,6468.8590538831
2.20763365630796e-05,1.24909054043144,0.0602720704382986,60.6134194482858,4.68465760444991e-06,3505.6923069914,3701.26878375731
1.32065768220434e-05,1.71887573596016,0.00590472729799905,60.5297435389947,5.55604576761754e-06,3510.57914361938,3706.42824850167
1.97637771207383e-05,1.0510933564775,0.0349995955339648,60.0110626890119,9.95535344132834e-07,3541.17774848737,3738.73389631866
2.16824313622573e-05,1.70427421527523,0.0786606119496278,49.6480132841194,9.72478651825609e-06,4287.89585615135,4527.11010852963
1.88758240888054e-05,1.28292072811944,0.00780106701814238,47.1949229426662,4.19530785533701e-06,4513.17473346084,4764.95690260298
1.72509191004233e-05,1.0073059790615,0.109375007143219,108.784187933837,1.40483703868579e-07,1946.13631103797,2054.70787114322
2.31424013102492e-05,1.44396099975383,0.104021561141291,62.8420879956634,7.94124511294536e-06,3380.36176891846,3568.94627293805
1.33481486336198e-05,1.58357031106291,0.0916723814715723,34.9552220877121,5.41536499389847e-06,6116.60799202781,6457.84291400123
1.76503027713038e-05,1.59409829962545,0.0890280012474018,61.415886154137,7.22073857348264e-06,3459.50848319687,3652.50844475541
2.26085099623986e-05,1.40097490991255,0.0819540891503603,31.6212544962459,7.04828428562882e-06,6771.97723274095,7149.77406484659
1.41898809703728e-05,1.11797743562554,0.0403460674666917,70.8000327048475,1.56035554854748e-06,2997.69200184692,3164.92802509441
2.05916588749085e-05,1.13704996011013,0.0245497188268669,60.7257929651639,2.54434715554357e-06,3499.15083907286,3694.36237872041
2.16377342282748e-05,1.20038781293711,0.000576809935117184,129.618659692922,3.61412098065515e-06,1632.10605040619,1723.15840842694
1.22296504474282e-05,1.78438054719884,0.00844569186601975,53.4634583402829,5.42165023480704e-06,3978.98021347668,4200.96059941103
1.85076564629339e-05,1.29558530560215,0.167717973814281,37.5933702361533,5.07326606223643e-06,5681.52896839165,5998.49158831853
1.97149829093283e-05,1.06756738280593,0.0269511210804495,31.3466677861179,1.2823150372738e-06,6832.26962172396,7213.43006135144
1.90765029181279e-05,1.15392539719728,0.0230059185659365,84.4945819879975,2.6045390641165e-06,2508.93303508855,2648.90204562197
2.27702230335753e-05,1.24402859748099,0.0381366177432806,22.0691666826024,4.64359026206085e-06,9771.91446646141,10317.0725793959
1.39355538631137e-05,1.24694820343566,0.0655407563856977,24.4734119375315,2.95334893010889e-06,8791.60866680794,9282.07722411112
2.22899654078353e-05,1.25928316826866,0.0312022541518032,49.5788129648205,4.73715006440317e-06,4293.94213678925,4533.49370064873
1.41067932997411e-05,1.10704388145227,0.0973845109177787,69.7301051558197,1.51117818393389e-06,3044.02190314884,3213.84259101378
1.66988978797691e-05,1.47326608314297,0.0674746075007137,47.7380718172335,5.75232447620929e-06,4461.27782435313,4710.16475519438
2.02075878184056e-05,1.66037335665547,0.00883924454862947,80.569182874111,8.10858881799796e-06,2631.93683262569,2778.76801109758
1.92226634141486e-05,1.46574771062188,0.0929133279392413,66.3065419548309,6.73359167407672e-06,3202.39206249186,3381.04794611183
1.48720046225125e-05,1.26120401743605,0.000809552828504234,51.2134720496782,3.0825439259634e-06,4155.52538757692,4387.35492172993
1.77547417696165e-05,1.44302477467131,0.0293030220891087,33.6871605002407,5.61535078585304e-06,6350.35465347694,6704.62989516434
2.33174685524991e-05,1.2295650050792,0.00715343622707289,56.3222481040439,4.38473386671814e-06,3775.19600402612,3985.8076233333
1.42030748435743e-05,1.45294358721402,0.0139608448472054,35.0213462947281,4.49032002268466e-06,6104.89024271318,6445.47145183164
1.8861069866742e-05,1.21623981788511,0.0349294326665299,59.8516401081844,3.47468276731794e-06,3550.69004450549,3748.776866788
1.46103937949957e-05,1.4717224126298,0.122053076129259,76.4917992374397,5.33392270845528e-06,2773.15888708047,2927.86859835936
1.98639223499335e-05,1.27874030609974,0.00513118846206789,67.2753011665031,4.35219083079319e-06,3155.93081758649,3331.99470915781
1.23230322771901e-05,1.75028562867334,0.0865041964882321,38.5097597757359,5.7825931051148e-06,5544.53516387639,5853.85513770668
1.6366501237778e-05,1.34169344596376,0.159794807983038,74.8593072730505,4.96072289166724e-06,2834.04292108934,2992.1492467371
1.53613160785809e-05,1.49714269727168,0.0546747024448711,43.1989166364001,5.39582455951635e-06,4935.58012634055,5210.92755771109
1.44319103669124e-05,1.11825845606963,0.00266321012426465,89.7581425593663,1.53026174278999e-06,2360.97783974212,2492.69268724836
2.00688293617638e-05,1.39563023026464,0.116744503646322,36.8505563489557,6.44087031824738e-06,5797.64398532365,6121.08446009988
1.5818572634507e-05,1.59050734614032,0.000241179665041522,62.2887609446338,5.87428182357721e-06,3410.63469996049,3600.90807815274
1.3460825619556e-05,1.15096636745032,0.113429892870072,61.6243256918954,1.99145034181596e-06,3447.71071590451,3640.0525005443
2.13437947037984e-05,1.16709143756786,0.0234830369570483,28.6357472128122,3.12918781934327e-06,7490.70137748007,7908.59457962774
1.2375013783643e-05,1.16631580344562,0.0199654798056894,98.9135399184386,1.80059556799872e-06,2141.33243987993,2260.79365253145
1.84196827882212e-05,1.5968556415638,0.0527083402203658,57.2423359056732,7.26764087997095e-06,3713.97728578982,3921.17361927716
1.44979320307458e-05,1.42318313741411,0.0151325260705645,55.6341658243028,4.37712960504415e-06,3822.31355767399,4035.55378335312
1.57490770492433e-05,1.13010404377844,0.0888274475272952,46.3027842010712,1.98984502782869e-06,4601.08849009372,4857.77521482028
1.81036113673132e-05,1.15087646991561,0.0456174481647481,29.8672640766075,2.48672202228953e-06,7176.51660167903,7576.88198160964
1.48982302249465e-05,1.1348217854352,0.01023152567752,66.9673680556046,1.78824463433717e-06,3170.55231080577,3347.43191005434
2.06299516140204e-05,1.70555835151338,0.0073443914515794,48.802841497126,8.59719762991407e-06,4362.92798937642,4606.3281539727
1.34184128112411e-05,1.50027706898088,0.00125377828567077,50.7837053709278,4.48001313513081e-06,4191.04432055111,4424.85539420081
1.82341309535243e-05,1.28366250357504,0.137642411744221,136.823990023951,4.6723917631466e-06,1545.84117777409,1632.08096858111
2.24573059053607e-05,1.35478253785731,0.000284667550147879,42.7027392103922,5.88253048483126e-06,4993.61311886751,5272.19810996112
1.46621245987751e-05,1.70938067819137,0.128762835024693,62.399077461257,6.98382454790798e-06,3404.55600323123,3594.49026150492
1.85437938805092e-05,1.59209503286949,0.0624834854658489,81.0615964087853,7.35585723897593e-06,2615.8493323891,2761.7830172019
1.53360471473644e-05,1.5079061552819,0.00133007144086962,111.364683739711,5.17242206782742e-06,1900.83725520283,2006.88165976639
2.39510720604742e-05,1.09019458047971,0.0800496206475603,56.6302865176261,2.1539002695625e-06,3754.47693869985,3963.93267738673
2.296814441502e-05,1.36950481197254,0.00278856451099328,70.2219111755918,6.21419942405231e-06,3022.54917268734,3191.17193426484
1.20255720076449e-05,1.83859461352482,0.0116836329509314,23.6210080983952,5.54971304673677e-06,9115.82881892423,9624.38505463574
2.06278791618431e-05,1.47244411065463,0.0838566298353417,54.2726264732944,7.22424872917503e-06,3919.10121566127,4137.74105644805
1.59106362647004e-05,1.16305610944742,0.00570436130086099,77.8634640644953,2.24337288211093e-06,2723.98901818698,2875.95562799571
2.28212145525841e-05,1.19567169420395,0.00104334655550026,20.3560793810493,3.73850734859484e-06,10615.3307997663,11207.5416430803
1.70469206363987e-05,1.75170953315525,0.0915706294031882,63.9014804156446,8.05256491693763e-06,3323.87603151481,3509.30929448369
1.71022925537294e-05,1.43711283433373,0.127272137483661,53.3912720962629,5.96031609266184e-06,3984.41106673313,4206.69443052541
2.36174811017923e-05,1.51321055807887,0.0509798414409213,54.1354044659569,8.4400176286138e-06,3929.12851121396,4148.32775738032
1.67584412405463e-05,1.30085261048915,0.0353257406017494,37.1830392024747,4.01763994515725e-06,5745.08953421315,6065.59808756374
1.9378801680157e-05,1.12134140801115,0.0488537869515972,69.3786206386817,2.20466145027955e-06,3059.55595493138,3230.24326052871
1.9629651865907e-05,1.62260745143853,0.00091184922613376,48.3834158385492,7.53878058211649e-06,4401.14699163503,4646.67932789747
2.20585549302455e-05,1.59615068160447,0.0277697711979299,53.9152025363207,8.47383760184914e-06,3945.32712271717,4165.43006124694
1.99732046078844e-05,1.1731674980936,0.0652638480655988,42.6477439157772,3.15395647155325e-06,5000.1295049105,5279.07803384826
2.09807373551717e-05,1.36404382506192,0.0561918626174354,77.5630785491651,5.93270245026604e-06,2734.60719980494,2887.16617949918
1.69412730891583e-05,1.79513621172752,0.00838513428045545,52.1649597323226,7.56727806298736e-06,4078.99033507749,4306.55011176003
1.74377677998813e-05,1.75472206346093,0.0485550316482264,60.8737689527427,7.88275070094584e-06,3490.57403471014,3685.30708935893
2.00776117038718e-05,1.14038689648108,0.0498441820861233,54.8082139817787,2.60125146245385e-06,3880.44885164139,4096.93234426304
1.43447010268606e-05,1.60921871794552,0.00637745026767593,26.8657776495415,5.46539982520828e-06,7993.67888517805,8439.63232771017
2.00551586236032e-05,1.39407762701949,0.0192112821566382,90.989171132871,5.78011570599684e-06,2328.85807653883,2458.78101831811
1.44736580656618e-05,1.08377135710534,0.0400638972911206,43.9662955330268,1.16543295654492e-06,4848.43681066495,5118.92266801214
1.74594628894441e-05,1.17366199429612,0.047479854242557,97.3840558644516,2.71212956418545e-06,2175.1377083849,2296.48485817275
2.11296720887711e-05,1.89506829112496,0.010609193974773,65.5115886428446,1.00866481558031e-05,3241.55203398813,3422.39258431151
1.73139831800144e-05,1.15767580683127,0.0177000255177733,30.8219287247329,2.40061928109508e-06,6950.52737830568,7338.28521250096
2.33043108975878e-05,1.29582991063753,0.00705877911209278,76.5889635096502,5.35792461580943e-06,2769.61750980854,2924.12965380853
1.34414980631322e-05,1.09461839634689,0.0148940404391298,92.9839390020386,1.17942853833983e-06,2278.6264056866,2405.7470099111
2.27542236511046e-05,1.06178758211876,0.026312551453439,67.4293772572154,1.35986515273427e-06,3148.66537428308,3324.32393940843
2.21660936114062e-05,1.1644790458316,0.00322362323004696,30.0503771689745,3.14094741225169e-06,7132.03778501941,7529.92176912539
2.32338014695924e-05,1.55996704129527,0.00388869028503954,70.6520163660765,8.37238714259361e-06,3004.01715725569,3171.60604992283
1.33394550689561e-05,1.94825106015592,0.228233262977976,61.8146377246343,8.41243769547811e-06,3437.00903043368,3628.75378665324
2.03650853274744e-05,1.28191915644013,0.00352301045720229,23.2736182651441,4.49442387207553e-06,9254.92646419916,9771.24271562427
1.40304381792303e-05,1.19657380656991,0.161166222003232,48.52537029633,2.7477295665448e-06,4388.13704208425,4632.94357588794
1.68356572667621e-05,1.09563833752071,0.0395105525262757,32.8307864519154,1.53001129320241e-06,6518.58857615242,6882.24929579628
1.72311226881836e-05,1.3165299413773,0.0305732832396304,27.0624854765512,4.27341302583327e-06,7934.46785475252,8377.11801687603
1.24707566460706e-05,1.59118480795297,0.00976410224165537,47.4333860270383,4.67898109277388e-06,4490.24207737751,4740.74487352084
1.74798980278792e-05,1.24984088918849,0.0670980217223127,28.5142072287704,3.74544491813752e-06,7523.20676660599,7942.91338788017
1.57056676276568e-05,1.51495609944485,0.0656524628993363,57.0943346074891,5.71361063693126e-06,3723.69030791134,3931.42851401011
2.05656504278658e-05,1.09110687270631,0.0266341450440036,34.7287821767889,1.76417228015707e-06,6157.07804378637,6500.57071956256
2.24870640885104e-05,1.81735074465212,0.00403930498174193,35.4821661447122,1.01543106346309e-05,6024.45953505655,6360.55365487858
2.169027367716e-05,1.9860953340284,0.105558352330684,19.4030859383328,1.20398390963097e-05,11150.7433080466,11772.8238840172
1.5839884136782e-05,1.81056987565815,0.162679534512695,47.486152801391,8.46889080585153e-06,4485.19902803187,4735.420481223
2.24217677212413e-05,1.12913088105702,0.0612842133958806,55.9749621683692,2.73156227250692e-06,3798.83086929791,4010.76103663324
2.36902457430381e-05,1.43326251286439,0.0101119987794761,45.944127383846,7.23433228791659e-06,4637.40439040677,4896.11711605179
2.31051422549151e-05,1.18527113878124,0.0669565834420449,25.4801609619361,3.87066851999562e-06,8437.19309830324,8907.88942743315
1.88388093699273e-05,1.26934148622772,0.101427173625264,72.5513624658903,4.44852079762203e-06,2924.82567868023,3087.99661648614
1.83571183542972e-05,1.75877782481281,0.0815349008916013,40.6953828607813,8.6225651868378e-06,5243.01913557432,5535.51805457725
2.20072733403817e-05,1.10409273802657,0.000339082734181781,30.7039531349583,2.07548149247897e-06,6977.68084769348,7366.95352672105
1.41311346574025e-05,1.39797434635321,0.11094194702675,18.9749361107675,4.52476098233509e-06,11409.2825016857,12045.7865296224
2.01545878162757e-05,1.72320470629921,0.0265381775072511,39.0844207906453,8.68900954041383e-06,5461.94775055515,5766.66031623089
1.96046124472702e-05,1.80444282041903,0.00316155649225111,78.668664855592,8.76752443501766e-06,2695.92894764048,2846.33013491502
1.45577930125762e-05,1.29938848344399,0.0430645758968126,51.0648563518715,3.50511531374332e-06,4167.73973061512,4400.25068172325
1.60716440045591e-05,1.43744496121988,0.0157522465153566,68.6339710306157,4.96913663978111e-06,3092.99563945425,3265.54848689337
2.06928414810402e-05,1.23527639440476,0.0336480143317297,54.4746768241491,4.0783983237557e-06,3904.42949909214,4122.25083032833
2.39178734410834e-05,1.33061205186968,0.0805029192831641,36.2001863346141,6.46290682210202e-06,5903.27655268058,6232.61008467526
1.68987172021307e-05,1.37223698171325,0.00640698580188054,42.8264164106472,4.61347539252487e-06,4979.02049148555,5256.79138527678
1.42323395609446e-05,1.48493723202682,0.224108966280135,16.177192205891,5.9902407694454e-06,13446.6545873427,14196.8200605749
2.15748684786949e-05,1.68595223988075,0.120743433863793,36.7435611901918,9.98320285288672e-06,5814.76146457043,6139.1568937434
1.94947521976205e-05,1.20367639895593,0.000164095610822503,42.7770963596538,3.29922150407198e-06,4984.82950979912,5262.92447861912
1.73440413271599e-05,1.15336134348557,0.0600184353632048,43.6665840562833,2.45342843962936e-06,4882.10316861772,5154.46721352313
1.25511161990147e-05,1.14127017224418,0.0935932700036456,44.8836694016115,1.71401708354076e-06,4748.21505020375,5013.10970983881
2.13903003853709e-05,1.25777444079283,0.0103697122789823,63.2368764661421,4.42967216816467e-06,3359.08904039903,3546.48677589169
2.2010410649403e-05,1.24152238660047,0.0282397186539856,68.026379890006,4.40617706142268e-06,3120.82691271755,3294.93241848834
1.27583648888441e-05,1.56153799828129,0.14882883989278,71.4471172936616,5.39011203733323e-06,2970.35016058303,3136.06083005888
2.10138437869521e-05,1.37392613773798,0.287740799769048,150.030208253673,8.02926234870389e-06,1409.31441355861,1487.9376136351
2.19906403233362e-05,1.57661987332454,0.0665764928357422,66.7473273127468,8.61611035693694e-06,3181.08371129059,3358.55083905617
1.56408315931661e-05,1.81296178320332,0.154958794574658,39.267136345217,8.29955362413162e-06,5436.20187882984,5739.47812709881
2.18313442578837e-05,1.55819644629454,0.0683811255097627,28.3218257812631,8.39453438646362e-06,7575.23915545045,7997.84857320441
2.25500566547737e-05,1.08317978218887,0.0574558883961078,42.2894281067939,1.83718439454472e-06,5043.00627472533,5324.3468240805
1.97333884737175e-05,1.34692242883597,0.0408444175092776,53.5146364939218,5.29899326292683e-06,3975.13884146971,4196.90492394065
2.22723224650361e-05,1.31403634192661,0.0150995866017867,88.3470263368419,5.40425536602245e-06,2398.90383057189,2532.73450314627
2.01255607821476e-05,1.36446404394089,0.0832998046272767,56.3049681551881,5.86412871638243e-06,3776.36505198307,3987.04189044258
1.83007246544743e-05,1.3973768657574,0.036653269049852,24.7253937793423,5.40214641366008e-06,8700.13612181536,9185.50158492092
1.66911056551924e-05,1.41017089617369,0.0397665958646345,59.3096235009816,5.0558449959545e-06,3583.41641093963,3783.32898028836
1.28847137459787e-05,1.11399535278463,0.0687321478793273,71.8165641329973,1.41578685848146e-06,2954.96211509124,3119.81431227174
1.38652776441844e-05,1.10957556165736,0.0134215109630922,41.9697280172498,1.38786633096571e-06,5081.88777385256,5365.39745442199
1.40623012653189e-05,1.12610359583117,0.0764592400822988,62.0393888212828,1.70507223122394e-06,3424.45600348033,3615.50044815817
1.43536453156695e-05,1.12057228010768,0.0960989792461505,62.4647480874117,1.70860611836783e-06,3400.94767685085,3590.68063287132
1.30902643636661e-05,1.32982046719503,0.0744415101199044,54.1884587365486,3.50770347807184e-06,3925.24557041893,4144.22819407148
1.86587501094583e-05,1.60567193613528,0.0501682324812799,29.7658938013811,7.40982225809998e-06,7201.37922239381,7603.13164469345
2.33841329416959e-05,1.05598249350368,0.0449745446512782,72.7841260358086,1.29804929041522e-06,2915.4070876996,3078.05257869535
1.22106698052892e-05,1.59895729510858,0.0482838784130282,25.0592861695281,4.80601782781247e-06,8581.82169915794,9060.58660639389
2.22248372612447e-05,1.4872667341552,0.069668325077274,41.4851416267145,7.82650832416531e-06,5141.97922255736,5428.84130053999
2.10080394181693e-05,1.2434688354667,0.173372945390128,29.5437710926945,4.97591429450369e-06,7256.46520904542,7661.29078273573
1.72991919539357e-05,1.41127169072484,0.0249315384416919,49.5824284283051,5.17012606368771e-06,4293.62581860912,4533.15973562746
1.96872758810995e-05,1.90870279505531,0.0204222750727258,32.950159150704,9.5680065926443e-06,6494.60518299885,6856.92791085018
1.5107292253498e-05,1.26389008194504,0.0105171500963326,52.7506856221774,3.18775896213608e-06,4033.26238170062,4258.27107539355
1.60921324839061e-05,1.86374914003825,0.0291764806854628,73.2094639841849,7.6818563807286e-06,2898.35191484979,3060.04592741432
1.4267247005797e-05,1.44163126278103,0.0109966446169931,43.5993644004298,4.41918055826836e-06,4889.71819306121,5162.5070669364
1.53766863518218e-05,1.73301735554148,0.0147824898044682,92.3335085511116,6.60138645535418e-06,2294.76558202186,2422.78656282513
1.46314751912663e-05,1.89873994923412,0.0597802809864505,73.5240235604963,7.36580736624324e-06,2885.86653177149,3046.86400652845
1.69281985646915e-05,1.38372184435567,0.0735552581600765,33.5519368341882,5.06699924838839e-06,6376.33948490748,6732.064375148
1.84433080639411e-05,1.41252299485112,0.123760754751702,63.4679838642469,6.14694372474273e-06,3346.75986973081,3533.46978223457
2.29455416876301e-05,1.37025167384999,0.0470872206146348,101.436351888684,6.50625762360355e-06,2087.81090360902,2204.28624283574
2.09739347240338e-05,1.26814933010553,0.148532094349586,45.2297749288693,5.20843030053346e-06,4711.47171990968,4974.31653305101
2.13692619468877e-05,1.05244142294529,0.0780348666785103,68.1677237302292,1.15489220936852e-06,3114.30791503829,3288.04973726629
1.40518186984817e-05,1.35592661822159,0.0692543568865456,39.4115785713386,3.96295483456012e-06,5416.02013083299,5718.17047448098
1.68832336295983e-05,1.39027569902396,0.0423293328022221,59.5675934317566,4.94882699900386e-06,3567.7655627239,3766.80499847037
2.14352449548701e-05,1.56408097927696,0.0154694966944904,45.5169137946936,7.85184985595832e-06,4681.41727723265,4942.58540528721
1.50005414555725e-05,1.28655587782263,0.025222863245415,53.1899507069397,3.4274848787647e-06,3999.63589087713,4222.76862112964
1.76820096786339e-05,1.68168918650917,0.0791705113890506,47.6724088339023,7.78367060080419e-06,4467.48829237306,4716.72169442401
1.58661855332684e-05,1.32692516656168,0.0592316321484108,57.3239533283902,4.15512703993406e-06,3708.64254763768,3915.5412653616
1.38877695930814e-05,1.23400792294304,0.14405177657404,40.2230402160868,3.07673682951377e-06,5305.36995121903,5601.34731378729
1.39616860525338e-05,1.1340330903078,0.0852444493920408,101.296642638441,1.80389982684255e-06,2090.70476266148,2207.34154525178
2.09627739051869e-05,1.26963038901194,0.00153484725207365,33.8900158190528,4.45859731881221e-06,6311.76837592022,6663.89095629133
2.35466412320444e-05,1.1049348189086,0.0317986409949111,60.3141159698255,2.30959399525178e-06,3523.23523380669,3719.79039994926
1.6130010148502e-05,1.51131948485504,0.165653869865456,27.152964107581,6.54056831145856e-06,7907.52644009039,8348.67358754595
2.38749366317382e-05,1.23247313793258,0.0623205002069377,78.3120477148937,4.80255033481548e-06,2708.28488614262,2859.37538973696
2.38096820400478e-05,1.5293856470338,0.0281781714626199,61.057267094948,8.48030263663493e-06,3479.99655929273,3674.13951498414
2.30129166814825e-05,1.11951098093655,0.0833159689165335,42.5743239252607,2.67991144730606e-06,5008.85558667064,5288.29092853355
2.20811817828259e-05,1.27688964949784,0.0611099008201792,21.028189632327,5.09976954080488e-06,10267.6360534708,10840.4496115939
2.38333577480055e-05,1.24556683093413,0.0586367764468722,52.8369963662586,4.99136747978552e-06,4026.61058470534,4251.2481862126
2.07885854373509e-05,1.36174167293008,0.0379802490430488,79.3380131026952,5.74030913771805e-06,2673.03943230428,2822.16365332729
1.73800990741868e-05,1.47924155837592,0.157112049462547,40.4804481257655,6.68018175263292e-06,5271.20851694749,5565.28007251074
1.50547399268607e-05,1.73442734669446,0.27129092106308,34.1761439371668,8.74785181509711e-06,6258.13275157623,6607.26309374737
1.56029869820131e-05,1.80133108529102,0.00215852272156085,21.6988305922557,6.95597225135492e-06,9942.68916296532,10497.3744992093
1.80771355932662e-05,1.10827554565495,0.0925396127880357,56.4675680674752,1.94614785837363e-06,3765.39317370749,3975.45791016011
1.67430473895175e-05,1.21828036323589,0.0239006616500176,114.536825051114,3.07326796745165e-06,1847.96132881233,1951.05587740348
1.25521384558529e-05,1.2370368308696,0.0176571553894104,95.5598339068041,2.44839941907836e-06,2216.87990697722,2340.5557814272
1.28589688446438e-05,1.89180336439467,0.133935999391815,24.9609847259299,6.99910247231843e-06,8616.31908639776,9097.00854287055
1.87255519599644e-05,1.35992468122306,0.119897273245826,37.0421617005037,5.63103803707016e-06,5767.24078694203,6088.98512015728
2.24731807539146e-05,1.36221614481919,0.000699735955071836,31.1643679882256,5.97971594304038e-06,6872.89467342354,7256.32151403093
2.18862066088049e-05,1.43250379662456,0.0261166237022331,61.4932895153835,6.7849686524771e-06,3455.11800695004,3647.87303147461
1.26034925672254e-05,1.94002416833154,0.0042125924515458,65.7508559496824,6.13268488105374e-06,3229.665173193,3409.84257622605
2.12467118273964e-05,1.16184493243661,0.00938954581264355,54.9201067845863,2.98765490355751e-06,3872.46983831803,4088.50819566333
1.84042830973612e-05,1.37610359229718,0.0267065512289381,78.919352397255,5.16800807940694e-06,2687.31048643028,2837.23086474299
1.89604723253176e-05,1.14171806645886,0.0329435192757117,67.833098316566,2.43363311425586e-06,3129.78566396066,3304.3909628824
2.196007010426e-05,1.17563423685182,0.000618509877941468,57.9973370417368,3.28268965600729e-06,3665.20634236239,3869.68182973752
1.81808299909551e-05,1.07607110545,0.0378346454225592,20.2068840364427,1.33577871798742e-06,10695.7308991352,11292.4271241626
1.77700079748128e-05,1.16155620662339,0.0522674954797402,27.7800912378968,2.60781668242522e-06,7725.70342826758,8156.70698611707
1.76725037050992e-05,1.82094336526039,0.110539188335085,36.3145762050368,8.95733690569991e-06,5884.41934508921,6212.70086626851
2.24156325986926e-05,1.26440513522648,0.0434687030209529,32.3582814604505,4.90032829222362e-06,6615.28455881179,6984.33977915618
1.50685971323177e-05,1.39292438114331,0.0209833324440118,61.987813098056,4.34167638445943e-06,3427.32854958496,3618.53324861409
1.30334894662974e-05,1.48993609632525,0.315184045655761,40.9396710076053,6.2581953412957e-06,5211.34384474998,5502.07565436695
1.91962256470369e-05,1.72376410931303,0.00748216384025298,37.7272746494815,8.12060355527048e-06,5661.0903667573,5976.91275264547
2.32189572375622e-05,1.1483211373429,0.0568168794412128,41.751857004691,3.17962282052595e-06,5108.73030306785,5393.73748165813
1.76372240063539e-05,1.65546613223963,0.0228150418176815,56.2318648062306,7.14620553692872e-06,3781.31876628707,3992.27196385218
1.67856651812391e-05,1.21013779579393,0.0140970436237224,84.9783814753014,2.956421290344e-06,2494.56428270108,2633.7316855287
1.24604486496812e-05,1.30359350267636,0.0311539185770233,49.8962967728725,2.99518430482093e-06,4266.34187920286,4504.35367269349
1.95214284553807e-05,1.42968374652081,0.0606436526458849,50.0057811361563,6.24569777009581e-06,4256.90602114984,4494.39140453039
2.08508252890315e-05,1.19183769949338,0.0205491065330746,33.309763891763,3.42647956267239e-06,6423.41130017677,6781.76224512465
2.03517574247075e-05,1.18499200177451,0.00414343018783334,53.0389965381215,3.19031654960468e-06,4011.12827087204,4234.90214101711
2.15195756451739e-05,1.5268781704787,0.00721630407163829,102.571181168951,7.4795496348031e-06,2064.59820994677,2179.77855336519
1.93623318167394e-05,1.46606833016779,0.00481375999510944,59.4198096771452,6.18500728117529e-06,3576.71472725752,3776.25342132908
2.00927434253739e-05,1.0611114374787,0.0579347654592985,59.108783104364,1.22831702019757e-06,3595.6966459698,3796.29430827328
1.42937541848766e-05,1.04201309168689,0.0191342182533544,41.5372479368955,5.87545983851891e-07,5135.44964008389,5421.94744401647
1.64282026922721e-05,1.37648257918206,0.155113549461134,15.3284317660175,5.3181061835829e-06,14216.8920160002,15010.0276957932
2.18967927881861e-05,1.40653781303375,0.0114783430747096,36.9791208368385,6.40227319635605e-06,5777.20860732131,6099.50902789966
1.57608761558225e-05,1.62023578600102,0.0195988834563364,57.0786696784826,6.15386725715781e-06,3724.72133923631,3932.51706477956
1.545047364105e-05,1.06546467871293,0.00049316808142855,41.7381075244584,9.4976767175764e-07,5110.43380673496,5395.53602083212
1.48448809652869e-05,1.17898764255614,0.0249966811648731,63.7895837653524,2.31141423357652e-06,3329.75292362321,3515.51404818183
2.32200514243087e-05,1.11058925883604,0.0304979795244783,54.0234028211828,2.38486336949192e-06,3937.35097853059,4157.00894184817
2.33974397214996e-05,1.64264138941632,0.0315324535406657,32.1244161202823,9.45145281888644e-06,6664.21329468479,7035.9981641075
1.40256089575561e-05,1.30784825270606,0.0993664888773879,26.3037666355943,3.66560801676966e-06,8167.82588277619,8623.49468343078
1.66112381321518e-05,1.17293965643022,0.0174717245776144,85.626833812425,2.4926913519e-06,2475.5615392147,2613.66881203246
1.96154643559791e-05,1.40753773434153,0.112798436202335,16.6940162079574,6.40138753455066e-06,13017.2338044429,13743.4426390386
1.91109937460991e-05,1.43493230405184,0.0461375525630802,79.7219547813293,6.07265967767625e-06,2660.08445574309,2808.48594115482
1.951185148999e-05,1.13210669243514,0.00109871053826811,68.1333577513297,2.27931784532554e-06,3115.89042022391,3289.72052766395
2.31120614492018e-05,1.15684276842624,0.0232610862437273,106.310874174426,3.20804200522082e-06,1991.62763306715,2102.73707491066
1.84687658172883e-05,1.16693048192232,0.0435829194490357,47.9173485030736,2.76231227243096e-06,4444.40926203879,4692.35512512604
1.47416036245879e-05,1.61676625867455,0.0229242682215574,25.6709222672563,5.75550269794978e-06,8373.23377646184,8840.36192626319
1.35318355215574e-05,1.10159274623867,0.119622920442517,24.1493196816865,1.41749931255351e-06,8912.12528157877,9409.31725121955
1.63375235430887e-05,1.04445516229978,0.10744579289609,28.8693364539677,7.79069198607784e-07,7429.011136563,7843.46274746054
1.32534353464348e-05,1.12444325323808,0.125122803453361,102.37713488281,1.67651906696982e-06,2068.53073163342,2183.93046359736
1.71796239141477e-05,1.18303976862292,0.130750784343741,32.6055450521495,3.05778309964282e-06,6564.32810931588,6930.54055796549
1.64581969409343e-05,1.50465133227931,0.0288593962885964,34.2936259632339,5.68392395501514e-06,6236.37345231035,6584.28988101885
1.76529765866725e-05,1.06318520004767,0.0506788043956761,32.2460686948956,1.10510389188109e-06,6638.67145290691,7009.03138739877
2.12175496555818e-05,1.36515724077302,0.012116465023697,47.2717561719869,5.74483238591489e-06,4505.76025394843,4757.1287821737
1.23579919152344e-05,1.61514436793787,0.00952961564450031,58.2545405070541,4.75189328128432e-06,3648.88293347039,3852.44776625283
1.34844253750322e-05,1.75263185598093,0.0137177860608984,58.8661913288995,5.87106872896826e-06,3610.64243909068,3812.07390119891
2.38914274897194e-05,1.66699971115488,0.00462637605061631,43.3636545748224,9.60363505404277e-06,4916.60948102814,5190.89857309012
1.99893757026605e-05,1.1865871782803,0.00221397153652173,48.2945938556423,3.15017913546441e-06,4409.32672631105,4655.31539574501
1.65122691129204e-05,1.47531129607482,0.0332569917066918,37.4095500620688,5.50278679156587e-06,5709.82806881108,6028.36944633304
1.29314903088044e-05,1.27779496122865,0.0226986193981929,26.5924690628178,2.87658680223721e-06,8077.42999758449,8528.05576901924
1.21702852142835e-05,1.57827719624278,0.00865708154837307,45.079346749223,4.49805005380751e-06,4727.37140217528,4991.10323093775
1.7129639095081e-05,1.45667782872027,0.0145829232252725,28.2837847064204,5.44962931179325e-06,7585.61327960456,8008.80145170257
1.27361066335486e-05,1.03016957668717,0.0456917069238296,57.1666586834887,3.90843309515767e-07,3718.93748758006,3926.41054209858
2.03602788574426e-05,1.15906613897011,0.0131368066288863,75.4042473107896,2.83130930660385e-06,2813.42420377661,2970.38024704522
2.23721382219018e-05,1.21025937628193,0.0287414461647388,48.8948533977692,4.00165366274262e-06,4354.63227480959,4597.56963591795
1.51213889861349e-05,1.46113243520716,0.0550894920458731,58.3150114514998,5.05044932689214e-06,3645.06623607067,3848.41814194312
1.86744165830165e-05,1.49268250826416,0.0534352166610361,65.8740500920437,6.51159937351739e-06,3223.57879240947,3403.41664684394
1.48007533238512e-05,1.43913313167206,0.00041753992352258,38.8004280395861,4.51808099968909e-06,5502.45197444479,5809.42420032707
2.06726864074068e-05,1.24611943948193,0.0201456950492365,55.163060731849,4.16689405123195e-06,3855.25740247678,4070.33550796208
2.02188392907232e-05,1.19123933376722,0.0577845731239617,28.4116485595363,3.44488553310844e-06,7550.85597119424,7972.10509350537
1.95823874650737e-05,1.05886630931314,0.0538288491002346,33.9661092130537,1.15056881444973e-06,6297.41488644856,6648.73671060539
1.72571339182332e-05,1.35666852970722,0.0227322488902845,20.7748649494243,4.64235584518834e-06,10395.9769464626,10975.9504197974
1.81754004861424e-05,1.37534036787039,0.0627682294097718,56.0361738222277,5.29228832040496e-06,3794.64359322073,4006.34015970615
1.87507212114539e-05,1.45363280374649,0.0909428569147882,48.6046866886363,6.43675964940052e-06,4380.90123387453,4625.30409452259
1.31952863173736e-05,1.11255731011892,0.0189546503594131,84.3000834826596,1.36074014013303e-06,2514.75636214194,2655.05024596384
1.56894616076387e-05,1.15515242690313,0.199788628378622,55.5770996622887,2.63338161918124e-06,3826.27412827641,4039.73530730129
2.05017171079516e-05,1.31978625665296,0.127624692194877,54.7897998902857,5.69419712421735e-06,3881.76510222471,4098.3220261772
1.61209860635614e-05,1.84811029254443,0.0413960313901582,72.0146198014872,7.7173710192182e-06,2946.77824866685,3111.17388217277
1.47339171953732e-05,1.86052827916544,0.0248581476716112,37.6932563536395,6.98831802129669e-06,5666.26882791455,5982.38011114439
1.28392943729991e-05,1.05511243737097,0.0192972449362733,50.7995832462238,6.83831256166478e-07,4189.72126261062,4423.45852515887
2.36614581237109e-05,1.55646003682893,0.0638949268716412,72.7336631352453,9.03652940217654e-06,2917.44387484082,3080.20299464883
2.35094063142445e-05,1.06009715625967,0.0207578119422798,55.7257950304585,1.36097253364664e-06,3815.97132734425,4028.85773102359
1.6258273444131e-05,1.64764788780922,0.00302488624449814,51.9020594633107,6.40999313489932e-06,4099.85399575313,4328.57771977903
1.80651786892628e-05,1.13905299464542,0.0690501506491572,47.1440610491033,2.36888450941688e-06,4518.09639298325,4770.15313295047
2.38606814186918e-05,1.84479648379773,0.0420880948673741,60.5945891657283,1.14064334608673e-05,3506.7908455502,3702.42860787174
1.95407742325142e-05,1.79410167619496,0.00546137307285114,67.6165689678755,8.69642225840766e-06,3139.88325230631,3315.0518781203
1.80326558046509e-05,1.2408042542819,0.00473154568877211,28.1323211538084,3.51619101323625e-06,7627.20204472713,8052.71038170086
1.54666700216113e-05,1.27425018033914,0.0862059929997106,52.1987547915772,3.64278242539077e-06,4076.32376566252,4303.73477907505
2.08963363523958e-05,1.34845686051926,0.0246765722733579,44.1297308062265,5.53635704806525e-06,4830.27316206379,5099.74570104543
1.70879349133959e-05,1.13789993841504,0.0866155175221979,69.2201076225725,2.26718903378651e-06,3066.61351866129,3237.69455346471
1.4907870705164e-05,1.15891437169704,0.00372946602561848,35.5388708781439,2.05184078132704e-06,6014.70859892082,6350.25873097451
1.26960049651014e-05,1.35213032248993,0.0182522683925008,68.8387369200479,3.3678008786785e-06,3083.72765079072,3255.76345326104
1.36659358053245e-05,1.20829216112241,0.116468049903468,38.2645897711452,2.66631352291897e-06,5580.53481397601,5891.86314567538
1.71489240381494e-05,1.44940510917981,0.0107156897127464,55.1198726771255,5.37472712317625e-06,3858.30593329276,4073.55411101033
1.35968032804113e-05,1.5882520554487,0.0451465112429088,39.8491682931591,5.27397187918556e-06,5355.78375669123,5654.57361778794
2.23209419169975e-05,1.28908436196266,0.012189495590683,40.002410884587,5.06724958331261e-06,5335.00472139646,5632.63535625262
1.75468424779102e-05,1.58486680727991,0.00449963895831709,39.9065095787539,6.50450262727612e-06,5347.98960020325,5646.34463886496
1.25986113626612e-05,1.27223622033464,0.0341620111245444,78.4797625155152,2.79119924396829e-06,2702.45988864318,2853.22542575777
1.87892083667899e-05,1.07477473824687,0.0274655555887685,22.3497039903923,1.34410294940666e-06,9646.40474429087,10184.5608881099
1.63479190859869e-05,1.26597452311328,0.01873702747748,45.6149677889932,3.500135657955e-06,4671.24173435997,4931.8421865748
1.702730423644e-05,1.21174090410614,0.0284229243487523,86.7079311345403,3.06235815265268e-06,2444.51586492811,2580.89115357154
2.15588482942097e-05,1.47609605176298,0.0631904610267673,62.9689961852806,7.42239395803127e-06,3373.49413923744,3561.69551014119
1.55400771833109e-05,1.80980923379009,0.0576831529783462,53.1617452971809,7.37902161346748e-06,4001.77820776892,4225.03045415494
1.48899072045162e-05,1.13181356628641,0.047713698544917,28.2013788287309,1.82097020234171e-06,7608.18380681012,8032.63114936665
2.13821860743491e-05,1.64229454384581,0.121025088770444,53.6042755525663,9.51366105648124e-06,3968.42848195801,4189.82020514233
2.14027774440944e-05,1.16951914537281,0.083659675166686,87.2077833575101,3.38543498191057e-06,2430.42342929847,2566.01252546745
1.62043956059301e-05,1.15798360870074,0.00776818083979774,30.1155385290083,2.22803601779767e-06,7116.34258801161,7513.35096437336
2.08634398732837e-05,1.46451611866367,0.032026865121451,14.830893755732,6.83627909000724e-06,14710.8663704987,15531.5600204172
2.34582817962114e-05,1.76776665610046,0.00446166991891196,32.5094436351066,1.02336902796569e-05,6584.03928342357,6951.35138419531
1.26392343066735e-05,1.10085190279903,0.0842687118397968,45.9111919603488,1.2644505981544e-06,4640.76803734171,4899.66841499923
1.29787779448265e-05,1.43984411392276,0.0208844679884047,30.2121003442339,4.04927597512301e-06,7093.21070150389,7488.92859014795
1.22577383171003e-05,1.0359782395447,0.118101462296096,47.8138068319205,4.82697371865177e-07,4454.13614337581,4702.62465225603
1.59598156803874e-05,1.34781309058375,0.0495392018140944,51.1497268103385,4.33313804531479e-06,4160.75566569941,4392.87698797246
2.22503704295419e-05,1.17473926743508,0.0721068523583972,41.0970381356594,3.56679187282376e-06,5191.14095962186,5480.74568541406
1.76041526354738e-05,1.27461107362921,0.146205631704043,107.721611861752,4.44214687088393e-06,1965.42297977105,2075.07050958187
2.35349669127781e-05,1.37935847049948,0.049908043028741,108.450435762764,6.81254959089055e-06,1952.15329920151,2061.06053661175
1.92854382887352e-05,1.2671400256585,0.00312073693435578,55.2748678850965,4.07842892481092e-06,3847.38756471678,4062.02662564054
1.85036764290612e-05,1.20440358890318,0.0809027321190088,75.8198110623498,3.41667879449413e-06,2797.90117545722,2953.99121597328
2.11704052718058e-05,1.38212394185572,0.0466068293822117,37.9212236117172,6.13909876533748e-06,5631.74622781233,5945.9315552236
1.58813791260486e-05,1.14249696203147,0.071846221610124,48.4220881785929,2.13408309369748e-06,4397.59508025411,4642.92926155803
1.21320061880546e-05,1.49377857340359,0.00926625663904453,40.5847109561817,4.04777485803088e-06,5257.49635139365,5550.80292908861
1.6243806100918e-05,1.22262074909183,0.0758720504271381,51.4386983421855,3.20052940359518e-06,4137.15048098152,4367.95491105289
2.02416800587317e-05,1.7737933104885,0.00530139959140866,62.1588088702537,8.87703942851854e-06,3417.82326670847,3608.49768253735
1.86215579272974e-05,1.50111687194587,0.212455842595627,27.8446545330717,7.89322392664489e-06,7707.45824565828,8137.44393650172
1.25280837256908e-05,1.37926744181122,0.0610222048099505,46.8394307472469,3.66877015638125e-06,4547.80015746431,4801.51401879164
2.03125209859684e-05,1.68736582233763,0.10475783630617,40.3215589953816,9.24254686122345e-06,5292.24299171803,5587.48802404591
1.2620632303155e-05,1.62977934950007,0.0614061660778071,54.0902729967266,5.19585515026703e-06,3932.43764958307,4151.82150682384
1.75149623145852e-05,1.4256270004172,0.0308890315414405,35.90874207426,5.39574022697222e-06,5951.87200334857,6283.91659101963
2.21189188770745e-05,1.510526344911,0.0572705320554073,68.6942711382276,7.92969107584151e-06,3090.26059068293,3262.66085450785
1.22842598524271e-05,1.2875097393744,0.000790942177997304,128.871938650502,2.7452969368084e-06,1641.5998715268,1733.18187331638
1.30584774122005e-05,1.309062208145,0.0247777979507099,51.7441538161149,3.1613219758687e-06,4112.48823932606,4341.91680582763
1.71844952556929e-05,1.09624587899166,0.142999643177975,31.7460542325711,1.76043952686205e-06,6744.92467876928,7121.21229593818
2.36789214593405e-05,1.55601277682806,0.0152716449365104,60.7889562669379,8.59224368500883e-06,3495.48469401349,3690.49170580427
2.19471468355497e-05,1.18714656346503,0.0527857300808581,35.4271978715662,3.65255869046153e-06,6033.942097996,6370.56523351251
1.60039142472055e-05,1.67683417824448,0.186740192361403,13.161188381779,7.94291164698095e-06,16652.776724371,17581.8061755942
1.93328532777764e-05,1.50693099520492,0.164804809447088,47.9625275097574,7.78668722606814e-06,4440.17836940063,4687.8881983459
2.15910789039452e-05,1.3174145971631,0.0320544590893484,76.8537502135732,5.37425265849729e-06,2760.01249510723,2913.98879204192
1.98291395885032e-05,1.41193741748395,0.0358856917472467,46.8613398164453,6.0004263184444e-06,4545.65082798403,4799.24478195774
2.12607199697932e-05,1.09723751061051,0.0272730235859015,85.0399790554632,1.93691551598551e-06,2492.74664906864,2631.8126492771
1.72705185348708e-05,1.33433797827564,0.139930406530874,57.5681097050568,5.03132731707636e-06,3692.77492615132,3898.78841686922
1.81204734407393e-05,1.42262295200551,0.0672418967279667,67.3404553911565,5.77105429611283e-06,3152.85438879692,3328.74665175654
2.34958501763698e-05,1.15153160324667,0.0203892569464974,16.5271784885125,3.15612748146906e-06,13152.8265190086,13886.5998353293
1.68873882002933e-05,1.6702853388369,0.0144055434010216,77.761505845695,6.87584061615757e-06,2727.58383314393,2879.75099142707
2.15815966500845e-05,1.18846549680009,0.116048752243061,122.20056416244,3.87159312560156e-06,1731.58998467489,1828.1923783677
1.8995967552281e-05,1.62344750654239,0.017225803640844,41.3362880160767,7.42268216908984e-06,5160.72427893138,5448.63211100803
2.08217404697919e-05,1.6181919446482,0.0328846069678187,39.3017496302377,8.22474739501807e-06,5431.35195220072,5734.35763149797
1.88861568193333e-05,1.22361705151829,0.0716911212903711,139.193235058894,3.71793269370536e-06,1519.43391614328,1604.20049175098
2.04739739442235e-05,1.2925498085759,0.0731442543931782,55.448516604903,4.99957129230332e-06,3835.22834909875,4049.18906853028
1.66474939556541e-05,1.15208882366204,0.0533459895705528,100.302540526288,2.32146013230937e-06,2111.52997027864,2229.32855498305
1.3639153709041e-05,1.66099433858172,0.0535358999438855,34.0450502922778,5.73464405301435e-06,6282.5930735933,6633.08801458879
1.79440144179007e-05,1.21120693000433,0.041927432562159,64.3466118541719,3.26589956767149e-06,3300.70138869734,3484.84177864839
2.39856704799235e-05,1.71789150315572,0.135510488006914,49.0819552451968,1.159424242724e-05,4337.86025771108,4579.86193715512
1.82639657591013e-05,1.06938706372695,0.05314742289094,52.3047708699839,1.2515491060725e-06,4067.98123820565,4294.92683652055
2.11849800998736e-05,1.24003674217133,0.0428283963515798,41.9256755593564,4.28421965556276e-06,5087.29242617625,5371.10362289914
1.83814613233209e-05,1.44687983118226,0.0109412602099672,36.6411776837576,5.73995044100462e-06,5831.23606616009,6156.5505847034
2.20394600251252e-05,1.49122399828135,0.0048573563164979,74.5482505269266,7.29529185878163e-06,2845.94833281596,3004.71884067826
1.37538427006602e-05,1.29002775134537,0.0259393308750571,71.4101915812838,3.17447841934366e-06,2971.89698942668,3137.69395379349
2.25760526927691e-05,1.4035663877315,0.0591063478244756,71.1432924372785,6.89888477053914e-06,2983.12556011443,3149.54894691138
1.70336294384524e-05,1.24337219775408,0.000112403082887416,50.9712876326277,3.3344056160114e-06,4175.4668082918,4408.4088396247
1.98849431404173e-05,1.54375884211035,0.0329892608665137,51.4252064884592,7.24287337220266e-06,4138.24662607132,4369.11220817085
2.3003524322765e-05,1.63932580405386,0.0593995277775554,66.0298276175795,9.53751561245404e-06,3215.91540218578,3395.32572940771
1.30043786562122e-05,1.10541246875785,0.349832531627483,22.9437149915066,1.90731693388869e-06,9391.01061407518,9914.91876354661
1.65437530732183e-05,1.90503496069305,0.0493372069591476,12.3091102207312,8.26727157588097e-06,17855.7360699729,18851.8765309206
1.53061034590937e-05,1.69113179970281,0.0105803555096998,63.9890918069558,6.32209165018067e-06,3319.2890789363,3504.46644379837
1.61111732804775e-05,1.33991831337404,0.0319183125604346,50.6635209580739,4.22186279786356e-06,4201.08611012551,4435.45739775106
1.79181277853893e-05,1.33465131714782,0.0322806224348744,57.350822214133,4.64258434408025e-06,3706.88967531486,3913.69060334045
1.88910037770225e-05,1.38666002159152,0.00821618559201173,61.7171687391883,5.31115533506424e-06,3442.48162376969,3634.53168645362
1.59244822094282e-05,1.04969817722711,0.0969034144617749,66.8266069213405,8.34832676489325e-07,3177.28124584597,3354.53624067758
1.57729198475713e-05,1.21374814671268,0.00364194453397946,64.4414172864785,2.78781250244712e-06,3295.80726528629,3479.67462060401
2.27791039273906e-05,1.2604022314094,0.00970616817945795,67.5344433198942,4.75223698440815e-06,3143.7301479055,3319.11338533452
1.93091122932471e-05,1.20118857097549,0.111433986886082,45.3473102307786,3.63961200969143e-06,4699.12292590579,4961.27882130646
2.24311580444416e-05,1.63774890272893,0.100704170094717,60.0818129756901,9.71270534792846e-06,3536.97258757527,3734.29413679282
1.28181886879765e-05,1.66399863476139,0.0491606710782849,83.1037694652103,5.37932481643377e-06,2551.1773543577,2693.50310199254
1.97784061598321e-05,1.16217820474565,0.0118529691220874,51.619789185411,2.793063284491e-06,4122.4937707956,4352.48052849641
2.14147098343279e-05,1.21744247607885,0.07406288192995,36.0833832158446,4.1306314500263e-06,5922.65671380469,6253.07143128284
1.5274442491997e-05,1.54706849721395,0.0360419249380938,94.1345644647963,5.60315212301106e-06,2250.62503964981,2376.18349636263
2.26915116467904e-05,1.77850898311891,0.0687074701395408,40.2659930335413,1.06653214764835e-05,5299.63880774151,5595.29643978267
1.54942844267562e-05,1.28460800765186,0.0469706863732192,46.5673596041168,3.60192460112999e-06,4574.66130338023,4829.87370132176
2.30320421562586e-05,1.09407157793302,0.0130444106064771,52.0895798882171,2.00649177042789e-06,4084.95070335211,4312.84299861451
2.0922302958196e-05,1.14551086210995,0.0354919444417456,75.9190388572278,2.75543622970835e-06,2794.21990734294,2950.1045763133
2.05258599518482e-05,1.53977031678339,0.0270765723156581,65.0702716404623,7.39548232643225e-06,3263.70788034317,3445.78446680162
2.35803692643419e-05,1.09787192108003,0.00524570048666521,78.0704019211846,2.11315285204157e-06,2716.72191539935,2868.28310618238
1.79957895318009e-05,1.24278820062524,0.0710540663973203,29.4117979567521,3.78444661742945e-06,7289.59524930467,7696.26909032183
2.32448074861905e-05,1.18748286580906,0.00874866049700241,75.184733803709,3.70225390438995e-06,2821.69367209923,2979.11105462344
1.29479702573949e-05,1.10763219555967,0.056561522898028,87.5839961387513,1.33360968782083e-06,2419.92349203667,2554.92681496713
1.57117507692464e-05,1.38756721941967,0.0803589931019204,63.6292764539673,4.77190356317972e-06,3338.20868398121,3524.44154070409
1.82054727862319e-05,1.53484834449915,0.00992227447773421,86.9261806462265,6.40751814021811e-06,2438.34266244089,2574.37355885389
1.61522187790079e-05,1.34272485179031,0.0619365402120888,69.3436125393205,4.39491960812142e-06,3061.1118437128,3231.88594963926
1.82211132620517e-05,1.23132236034249,0.0300944680519473,42.9204992002511,3.52925560862983e-06,4967.97669012816,5245.13146944885
1.29668925138284e-05,1.28416301928987,0.014649498319514,89.3062931884454,2.91196958409832e-06,2372.99082666776,2505.3758578218
1.81347297045719e-05,1.92948907870469,0.00912869836101206,51.9867319265915,8.81632963934358e-06,4093.11115992479,4321.45871286686
1.28969261138644e-05,1.03914497979996,0.0242805283914989,74.9750685319342,4.97915246733545e-07,2829.63765839041,2987.49822209375
2.13317494908236e-05,1.19772125998142,0.0882778571892079,109.815617531605,3.86234673993295e-06,1927.77360342331,2035.32074000685
1.9929524639477e-05,1.08949923409995,0.0239715075008018,60.4342069418403,1.67732781096555e-06,3516.17535238132,3712.33666001759
2.3435644001822e-05,1.71383332602738,0.00853586544171792,40.4336910453917,9.84504754392912e-06,5277.38105084164,5571.79696133567
1.51780428304095e-05,1.45431393827845,0.0136175835925589,71.1039535784818,4.80686179106049e-06,2984.78774292391,3151.30386000896
1.87762776869684e-05,1.44573319509236,0.0416192755957921,38.9773108830442,6.040176540802e-06,5477.15397098585,5782.71486525302
1.77443846698422e-05,1.30022131157287,0.0563628361878556,50.7325948824909,4.34182050847776e-06,4195.30889145103,4429.35787809437
2.03919700297695e-05,1.60655837516518,0.0856403314659141,41.8681074400677,8.41992431606038e-06,5094.37262334926,5378.57881195867
1.71997517007804e-05,1.78593937607578,0.0171305534291856,53.2787814603569,7.70089176142385e-06,3992.90379257595,4215.66095077259
1.9524185513081e-05,1.06626318468639,0.0165709631968468,44.0793310782816,1.23375565982066e-06,4835.85988855269,5105.64410128881
1.79610193421077e-05,1.38819325976529,0.00490841184929125,49.3503979992141,5.04728855230714e-06,4314.02117448077,4554.69291293194
1.73613103077896e-05,1.10573813479939,0.0211308646826236,48.2411605756807,1.6960142750984e-06,4414.26213221775,4660.52613936367
2.00471563294753e-05,1.40970280920514,0.025119622187709,52.2829165644044,5.97631976903034e-06,4069.69818339398,4296.73956709485
2.29622945849961e-05,1.7569011249621,0.0751182130458882,59.6503575823519,1.06957126659256e-05,3562.77324866296,3761.53417189051
1.28062851210572e-05,1.07003589124203,0.0699673948794999,30.9126899656114,9.0124173903162e-07,6929.78102669588,7316.38145801655
2.26507445021868e-05,1.43216946287201,0.00361865733324304,83.6110040361728,6.85972458163953e-06,2535.60689308805,2677.06399176854
1.35696362476889e-05,1.65734268371778,0.00276962742407354,79.1484683944008,5.39692411707471e-06,2679.4816952605,2828.96531892956
2.05781727971658e-05,1.51545674971715,0.014510864938154,57.3952815660332,7.10222684624092e-06,3703.99287270414,3910.63219315016
2.25189362658877e-05,1.48305004328458,0.106395565208522,42.1115447362783,8.20781402070145e-06,5064.56647185414,5347.10982711
1.38367593294242e-05,1.5024986969114,0.00830489538362372,54.4576842793204,4.66628195766235e-06,3905.65916621816,4123.5490984447
1.23268054431416e-05,1.77225428132121,0.142332459307949,73.7063491642245,6.26266476184546e-06,2878.67885273061,3039.27533937457
1.94649438682878e-05,1.87879394991538,0.0446326295671786,67.1214542862875,9.52975235502363e-06,3163.21898513583,3339.68947089927
1.27754754864983e-05,1.3116234711058,0.0100487372006675,19.5411528047153,3.06604567691582e-06,11069.8522546904,11687.4200594786
1.90883156471802e-05,1.52584941994079,0.010344166069201,33.0402751118554,6.64698554551312e-06,6476.616402808,6837.93556789827
1.42705825284189e-05,1.09981121228755,0.00289395464308798,56.3891487823046,1.2988389879112e-06,3770.676760807,3981.03625939478
1.58424033211078e-05,1.30814201555869,0.0175487610114652,21.3111451752417,3.79838562177894e-06,10127.979595704,10693.0019629365
2.39038160764882e-05,1.47753555401249,0.215957240009275,70.4450259552757,9.85328040601702e-06,3012.90733763441,3180.99219800323
1.89379383165278e-05,1.76632793728356,0.016685443555075,29.3431159396214,8.35555156840868e-06,7306.95690732483,7714.59932504783
2.01687467798917e-05,1.08451061327332,0.00571553475166834,38.4906592293691,1.58065427369271e-06,5547.32310904963,5856.79861749239
2.19829731502086e-05,1.20689051105266,0.0164311055988006,56.7315928643368,3.83128632772011e-06,3747.71254897623,3956.79091412493
1.89354498147117e-05,1.1767056316273,0.00532818153958142,68.7724163405318,2.85870998508745e-06,3086.72332495004,3258.92625087167
1.77785160909444e-05,1.73899760673003,0.0138106839180212,46.8986181050543,7.66075172037122e-06,4541.9984087064,4795.38860056083
1.91864849040862e-05,1.64441372417335,0.0511407421144903,40.149051538903,7.92388818006273e-06,5315.27129452543,5611.8010358165
1.45956410292657e-05,1.13113094230575,0.0465204031842883,37.9034258829534,1.77458735815717e-06,5634.4263092433,5948.76115373645
1.82913268362908e-05,1.14568936381979,0.0520757628881007,46.391877571077,2.45371494997168e-06,4592.15534180378,4848.34370172363
1.64452176294476e-05,1.46241405467847,0.0370664854161324,43.7982796301781,5.40003393283466e-06,4867.25249500979,5138.78804666265
2.3076705819807e-05,1.30542004623394,0.0748519659776243,40.7490081360425,5.83577859355324e-06,5236.03294390223,5528.14211542204
1.35929323074119e-05,1.11918837786849,0.0196896472879575,60.9692274238688,1.47663871257433e-06,3485.0634622242,3679.48909161789
1.78126152524482e-05,1.128612100168,0.0133330627350098,33.2285286458375,2.05724675374585e-06,6439.35728141744,6798.59782492576
1.61429063686067e-05,1.17704543211952,0.166966958628585,24.3947266517778,2.91475684168484e-06,8820.56785627746,9312.65199639581
2.28061955727646e-05,1.60241595163792,0.0283626552854118,61.1032215656556,8.82387899453602e-06,3477.35761279273,3671.35334624852
1.9948265687786e-05,1.65244717716693,0.23370566397113,80.3776072369399,1.02781424499488e-05,2638.24934183859,2785.43268422085
1.62124181503784e-05,1.70800262511812,0.0200797729971749,46.5198173598884,6.85797917864129e-06,4579.3876752551,4834.8637492635
1.72195758033553e-05,1.34636897604441,0.039263471081888,47.82312952368,4.61089432371295e-06,4453.25860991031,4701.69816272468
1.78535706929052e-05,1.5870652417244,0.0132419851505731,69.5972567700193,6.69265003511398e-06,3049.87463186337,3220.02183328433
2.37362903202167e-05,1.19921210170207,0.0223514311419495,37.2914445684777,4.03310201031609e-06,5728.15963876128,6047.7237026888
1.99974884217605e-05,1.79805478713382,0.0659509365658169,29.4953779646583,9.50223926782514e-06,7268.57860951485,7674.07996874993
1.42474945303733e-05,1.85247346736252,0.00179416926317885,93.2869014435911,6.56811984515194e-06,2271.18622184015,2397.89175114771
1.67105517815463e-05,1.09652998289493,0.0797832709008231,74.2079585802335,1.59858023058508e-06,2859.08779506252,3018.59133067161
2.13054497863278e-05,1.29393499627403,0.0170130578074273,63.1415078282806,4.92348190813827e-06,3364.20330653919,3551.88635804516
1.39934399288446e-05,1.34031154190294,0.0199141513402487,75.0912622213283,3.62514229453091e-06,2825.22969040536,2982.84434124109
2.37152452737596e-05,1.62731403458536,0.0756728689026842,29.0705735267832,9.89017690283298e-06,7376.67410999947,7788.20592920871
1.3367548314834e-05,1.3784608027139,0.0580890455510549,44.620077900451,3.89638741576857e-06,4776.58526225812,5043.06264668269
1.78434493602896e-05,1.32799860234731,0.00543337007843205,91.4031550954743,4.43109950443937e-06,2318.25196078699,2447.58320581445
2.10731535428641e-05,1.08046485840993,0.0515829272335895,38.0561784448181,1.65468787417807e-06,5611.5066467478,5924.56284313181
1.51829715847084e-05,1.28548066465015,0.0643047418953321,26.4515680282381,3.6035151034879e-06,8121.29629581686,8574.36929173846
1.32804178901045e-05,1.52210447126239,0.0138661821451737,90.4563353597119,4.61937226674891e-06,2342.65281786664,2473.34534427301
2.34615039771097e-05,1.45604044905471,0.00891032695410446,88.6452425323414,7.41416953657279e-06,2390.78759735757,2524.16547939654
2.0382568413673e-05,1.66467587537737,0.029760584328886,47.3552945809822,8.38785646865793e-06,4497.72631360815,4748.64664227434
1.51386870312542e-05,1.25803344518061,0.173880564407418,28.8150240788077,3.75855476801035e-06,7443.26403132877,7858.5107864369
1.74865713211047e-05,1.38318752460477,0.0703875277609215,70.5367499738254,5.21104327034796e-06,3008.96133264475,3176.82605225802
2.21566305180034e-05,1.11435035088651,0.0163449399274188,25.2535225142926,2.31135595786924e-06,8514.46332482906,8989.47042550976
1.37943576021055e-05,1.65497169472401,0.0242131627881649,75.2842001412942,5.59464181627222e-06,2817.94058115868,2975.14858526663
1.75248241037484e-05,1.31029951159246,0.00614146952965555,25.5991216397165,4.17572549377217e-06,8397.19327323553,8865.65808169194
1.73691293073418e-05,1.77015925301614,0.0386717380614092,53.1132545426241,7.86079647547785e-06,4005.46664947764,4228.92466761172
1.79724573634956e-05,1.18796538215011,0.00257344426206085,24.0504402300452,2.85097096759379e-06,8949.55517310406,9448.83529129559
1.40948740132246e-05,1.21798510824997,0.0226202820670436,56.5345749992093,2.58093123844029e-06,3760.89022453209,3970.70374928167
1.62677925730376e-05,1.19003721858653,0.248545136073734,38.2272829742245,3.45695677542016e-06,5586.05379711534,5897.69002328552
2.37971544958977e-05,1.04799614517218,0.00764551567508564,45.7131133943191,1.09823289828175e-06,4661.10088739581,4921.1355993953
2.07390556772165e-05,1.02972501975665,0.00678257806484177,121.563949173888,6.02748954973883e-07,1740.69565691384,1837.80604022443
1.39767079871809e-05,1.29454999913625,0.00916803511179047,36.5892093121513,3.20951152947788e-06,5839.63410503992,6165.41713556661
1.43364301346038e-05,1.07979503473669,0.177520060364577,31.43764570442,1.2880791778636e-06,6812.17455392398,7192.21392466791
1.59441218078518e-05,1.54938321609291,0.0230786255818231,70.6952421489979,5.78695872548595e-06,3002.1672400342,3169.6529290369
1.93556553753912e-05,1.22156984757898,0.0437218462713998,74.4003598127833,3.67119233393423e-06,2851.64386884574,3010.73212075755
1.77291706943717e-05,1.23018436299875,0.147438623975073,77.1798471901514,3.8909805472122e-06,2748.27463529463,2901.59609744466
1.36880735869193e-05,1.12643337979259,0.0264458518931625,32.7032067327852,1.57809204257698e-06,6544.41746721048,6909.51913576528
1.52938822635859e-05,1.03830620018236,0.0179226560786097,53.4359481234805,5.74524964822492e-07,3981.04816770615,4203.14392121041
2.34141165481573e-05,1.32303403616902,0.00667854501142802,57.8411960010349,5.75512780463595e-06,3675.18726604731,3880.21957179617
2.27220185710397e-05,1.49822088792455,0.0158478439759957,26.2349150903653,7.67751485818054e-06,8189.6836899741,8646.57189967753
2.1431477791342e-05,1.29825938625843,0.113959258924134,50.1446589460651,5.55674235404755e-06,4244.99678799979,4481.81777597524
2.17634663122287e-05,1.36661710434745,0.0356699168066755,53.8864947766934,6.05422176013451e-06,3947.44878520688,4167.67008759699
1.24152865266474e-05,1.72697326466363,0.0402457965171536,59.2916845394538,5.44532533424608e-06,3584.50986263481,3784.4834337519
1.68563680678597e-05,1.46320610157825,0.0306872502755233,54.3230708778686,5.5050493988465e-06,3915.42791902338,4133.86283297927
1.98146195145641e-05,1.29665090374157,0.0100064542948369,45.4617367936594,4.57896443378559e-06,4687.16278141639,4948.65144115688
2.23548621896608e-05,1.25388372852217,0.152959539923199,50.6154694173048,5.34359533200925e-06,4205.11444808522,4439.71046967952
1.54005786126321e-05,1.57271433805877,0.0181324859492553,34.3343686618282,5.71170145119411e-06,6228.86263666504,6576.36005003138
2.15003740066113e-05,1.33777962720301,0.0156189450046758,56.1810480878446,5.51470288027153e-06,3784.76993221154,3995.91566432137
1.93954334194008e-05,1.34501076033719,0.0645021036330978,17.5875385884256,5.318074191127e-06,12336.151666396,13024.3641130366
1.85723562796013e-05,1.23301072937226,0.182589255177189,15.5405064101336,4.29363817535637e-06,14016.2816352916,14798.2256108431
1.9385190397365e-05,1.31290670186774,0.0663521548489201,43.7501328598207,4.94833167503559e-06,4872.67128420245,5144.5091406801
1.9438559415861e-05,1.23866495057126,0.0113238599640681,41.2608132244601,3.78822932845678e-06,5170.28109568528,5458.72208594758
1.80168951924266e-05,1.19087188360917,0.0373517313393382,50.5221112425339,2.99972233658375e-06,4212.96313587702,4447.99702211292
1.86293530125814e-05,1.38532841548279,0.0224753159638939,35.6924261012667,5.30078274063576e-06,5988.46106197646,6322.5468895933
2.25097925899113e-05,1.19494386449164,0.0152507691402292,81.4899190521219,3.72904787125597e-06,2602.01481991655,2747.17670133925
1.52002555894637e-05,1.61312903435113,0.0270308373286919,12.2808196015797,5.93782963140557e-06,17898.6665866932,18897.2020665047
2.33572147425525e-05,1.40376654021821,0.0324189117917583,45.996781355465,6.94318181002594e-06,4632.03703424775,4890.45032442748
1.98808206893094e-05,1.14326220233355,0.159497417784379,38.1682953846293,2.96394757157442e-06,5594.80244128761,5906.92673910067
2.16155447051777e-05,1.55740180503016,0.0134783777362599,87.9422299367613,7.8418351997383e-06,2410.00931991103,2544.45954842116
1.38588081138125e-05,1.35790738413863,0.0143161052246766,67.7726504968307,3.7058053120613e-06,3132.59803545006,3307.36023168597
1.92663776951646e-05,1.08272677173317,0.0153993623117675,49.4750705146382,1.49506009883664e-06,4303.03849935376,4543.09753346047
2.07034903037958e-05,1.63402028431021,0.0438880380300171,29.7094765336153,8.40177318344033e-06,7215.29119539148,7617.8197424692
2.32033667462356e-05,1.2789524379806,0.0344475353109104,71.8881090997717,5.24131639860204e-06,2952.00056327635,3116.68754063177
2.27347526295483e-05,1.27032127595313,0.00649664579827178,83.4786842388043,4.86942410090125e-06,2539.65033036412,2681.33300537797
2.32596851941478e-05,1.09848928339361,0.0149672286325089,39.1623469247103,2.1170739914334e-06,5450.93765935657,5755.03599119291
1.55377922453759e-05,1.7135913313853,0.0957972053762032,58.7189295439791,7.15579651529984e-06,3619.77582175086,3821.71681939307
2.1029858432075e-05,1.06382344176348,0.0729236421122131,89.9509932980795,1.36088557049718e-06,2355.88761325669,2487.31848588014
1.44211775586102e-05,1.25244515211298,0.0299414500874827,64.1326113604117,2.99643318732473e-06,3311.80231221616,3496.56200338378
1.54289986479068e-05,1.14359094269385,0.108235267547668,25.8223530805583,2.17238181768486e-06,8323.14774094269,8787.48167793122
1.91450259224698e-05,1.58607225639996,0.00603294178616344,48.0927111596822,7.1171116371669e-06,4428.03194613731,4675.06414725357
1.76930292112771e-05,1.54598850690781,0.123883993068154,47.2146852905489,7.13195527285242e-06,4511.26531802091,4762.94096419647
1.89814143751217e-05,1.19524019333293,0.0574390163140984,65.2454244237393,3.28945779512389e-06,3254.87837180362,3436.46237533678
1.6731659359633e-05,1.47063102474265,0.0217600862290179,74.3328266889875,5.47347304761746e-06,2854.25227912195,3013.48604970657
1.36959304629927e-05,1.36762258442581,0.0626467581211977,31.0259130559573,3.92751377554526e-06,6904.07329929811,7289.23954121771
1.52835881531099e-05,1.11674243823119,0.0560102779045319,73.3689895763968,1.6924923908599e-06,2892.00661161863,3053.34663075154
1.99008392454721e-05,1.40032960529415,0.0650343677298727,96.0021573566781,6.08490432797398e-06,2206.61211871763,2329.71517111818
1.75912816746421e-05,1.08062417307979,0.00922351958747133,41.1561365430183,1.32466076671547e-06,5183.59427315525,5472.77798243454
1.45906873798762e-05,1.83583508274355,0.0596416104137085,104.75065396844,7.06418959525214e-06,2021.43487991547,2134.20721622039
1.28433744446486e-05,1.56649582439451,0.0224156258109158,42.2101796385102,4.75101730058766e-06,5052.58879804684,5334.46393971236
1.57213566677291e-05,1.48439544987083,0.0294142010087413,21.887446679772,5.28566244236889e-06,9854.97239021691,10404.7641602648
2.19177847180674e-05,1.33853854192556,0.242869175364275,35.6238977116357,7.32131977148781e-06,6000.1464106148,6334.88414350921
2.06441248817984e-05,1.01276734228924,0.0277379370107223,46.1723511974803,2.67666933724999e-07,4614.22951861471,4871.64935846779
1.55824311549403e-05,1.30214351962607,0.084479061716597,70.9860103139182,3.9492426226822e-06,2989.78231430828,3156.57706984439
1.78230327002238e-05,1.38487694647264,0.0747789027311601,13.7019206658768,5.35350527897526e-06,15970.0351625504,16860.9756494524
2.08197115513645e-05,1.13842680639684,0.0492867273741612,34.3832356036132,2.66275167634011e-06,6219.87796647402,6566.87414071639
1.68041277193883e-05,1.44771184810798,0.0545143156461006,40.0754634840361,5.49628973851154e-06,5325.15575360559,5622.23693167786
1.23114944826979e-05,1.3390001166553,0.089846639646789,76.3865325141294,3.42459650760688e-06,2777.00581200425,2931.93013653413
1.43684836106831e-05,1.1021537696388,0.0342729476387091,37.4860150669021,1.37899364385153e-06,5698.02211287108,6015.90485664387
2.00242110900795e-05,1.36132418311558,0.0298542505302476,27.5499436100075,5.47828803426555e-06,7791.45054252513,8226.12201753278
1.22715761139169e-05,1.23487215020627,0.0661585305291361,77.2012636968825,2.49937218951742e-06,2747.50724103953,2900.78589159871
1.38154125844315e-05,1.4451333204727,0.0216302193549554,98.452592780257,4.34947505874946e-06,2151.40933664338,2271.43272183976
2.22642175553078e-05,1.56257573150653,9.99603632539725e-05,49.8659049596709,8.01643140183465e-06,4268.96860567087,4507.12693966279
1.5040821795702e-05,1.11346095388032,0.0541486189162054,40.5374361142458,1.6203661237515e-06,5263.70486911247,5557.35780921321
1.65561814620858e-05,1.41801233090529,0.0935382425697637,38.6959047945891,5.38408123164987e-06,5517.51117345437,5825.32352585869
1.65312561181309e-05,1.22539869276193,0.00793738251505392,19.1620184410753,3.06502134870696e-06,11294.8520908718,11924.9722452046
1.43057078029839e-05,1.52163771011199,0.0682816278131703,50.2443877473379,5.26351145380291e-06,4236.48573777495,4472.83190906062
1.78899391640592e-05,1.32518815411189,0.0076752269130102,48.0658918222219,4.42389039232005e-06,4430.52881150679,4677.70030839951
2.35263388232701e-05,1.11661372852004,0.126115893969375,44.1672457740431,2.81148232175272e-06,4826.12306323034,5095.36407541584
2.13173253251407e-05,1.72967372004768,0.104847238285416,80.1613913576746,1.00459085856068e-05,2645.41023060417,2792.99306651657
2.35992720033126e-05,1.49704602401526,0.0358210723783055,84.7054286337742,8.12627773641681e-06,2502.65063057168,2642.26915668336
2.23329889069023e-05,1.23880769212308,0.0287194616588445,82.1799424822408,4.43237542904085e-06,2580.03272514823,2723.96826373469
1.50932652854249e-05,1.4488573418049,0.053671657343736,67.6581664656989,4.94102460799134e-06,3137.93834937893,3312.99847244115
1.39172022609673e-05,1.16576230924894,0.000985096814722805,43.5706130396973,1.98084139591497e-06,4892.98256909647,5165.95355683332
1.67194425839866e-05,1.66807272591593,0.205035601423501,36.2392894906783,8.42311631161876e-06,5896.81680274468,6225.78995652514
1.70756451765401e-05,1.27184724574146,0.0126561228617917,36.8978872698504,3.69650362081706e-06,5790.10392233355,6113.12375010912
2.14586053737598e-05,1.20537693695286,0.0653715840965076,35.8174387972532,3.9118412056642e-06,5967.26094340542,6300.16405327807
1.50814544381462e-05,1.4405700903172,0.0256374414507287,72.1619056680865,4.73365366131479e-06,2940.72157343575,3104.77931556419
1.35495244516963e-05,1.32775879235641,0.0253355966449398,66.4350123331855,3.43161088511007e-06,3196.15215606961,3374.45992616262
2.0279352073445e-05,1.36294820962797,0.12926356372086,50.3452408070116,6.20186270435896e-06,4227.91338001683,4463.78131437208
2.05539476514766e-05,1.37451438327995,0.151123022752979,56.8270884065423,6.59718523375628e-06,3741.35843646431,3950.08231672694
1.27108250163803e-05,1.34437770705457,0.0255291752248279,37.9745091104849,3.34128040153312e-06,5623.73742278071,5937.47595288804
1.84449158674981e-05,1.33684571916437,0.0875733762992305,30.2851628362918,5.09353718141715e-06,7075.80790409801,7470.55492094145
1.20856615400556e-05,1.78105667188863,0.0676984415165276,96.1289278599106,5.68477154384288e-06,2203.6868696648,2326.62672750824
2.17438010701351e-05,1.30646387922216,0.0150256705033256,70.8890761595977,5.17824768986288e-06,2993.89973960084,3160.92419913307
1.59233015389564e-05,1.83057398938753,0.0113622066911367,55.862315831491,7.30768668034348e-06,3806.56081377916,4018.92222127331
2.02216991774021e-05,1.2555595520113,0.0445179500969323,44.4079554350589,4.30765225201478e-06,4799.66327636294,5067.42814305752
1.98396040360406e-05,1.34928233171897,0.027522981246012,31.0001366269848,5.28102851237778e-06,6909.90914963577,7295.40096349609
1.27283378799772e-05,1.64735951424221,0.0725007338775096,37.4646087615649,5.39273555778902e-06,5701.3222552369,6019.38910821273
1.75347129550539e-05,1.13770822095649,0.0160029877991572,89.1171610323611,2.15688057117526e-06,2378.05551595842,2510.72309731956
1.25699977876553e-05,1.20113168265904,0.181665155899488,34.6658245284409,2.57209557995567e-06,6168.42536132236,6512.55108420882
2.04040516499849e-05,1.40217163366297,0.000903165708655597,79.902213409123,5.85747198350439e-06,2654.04538146714,2802.10995742807
2.1281517079806e-05,1.22467797686227,0.0345388876967902,53.3238337779346,4.04386602672726e-06,3989.49812688899,4212.06528892004
1.51593645734657e-05,1.5443018106914,0.0615557801966291,66.3470361801006,5.69341648828975e-06,3200.42259843345,3378.96860907886
2.2907949215021e-05,1.54627820823601,0.0869047040283047,103.771753425053,8.86308848762359e-06,2040.59611632018,2154.43742467921
1.91659641548758e-05,1.29323368447997,0.0634308533420508,52.6826090800583,4.64000715576023e-06,4038.52442886522,4263.8266830178
1.62893776697516e-05,1.10293869024419,0.0350976616081207,51.3731713292929,1.57558212118296e-06,4142.47966630802,4373.58140236033
1.51196521435417e-05,1.07145111088905,0.0347101489288925,31.1417126007488,1.04451304469392e-06,6877.9771480918,7261.68753112159
1.900863223611e-05,1.60186491431352,0.170819316024573,43.384156626211,8.61319149926514e-06,4914.25873604793,5188.41668413584
1.47036346000554e-05,1.12176717616793,0.0157248743120068,23.4098110048408,1.62154572579308e-06,9199.89085500739,9713.1367655127
2.36464601677274e-05,1.4828401952185,0.0407421674001394,27.4420806795772,8.02655149163259e-06,7822.65085458898,8259.06294074361
2.2023298928434e-05,1.14778886884475,0.0771396882313209,66.4999844830653,3.07266805631494e-06,3193.00565796051,3371.13789039635
1.99640695855636e-05,1.38885461909268,0.118402388042476,36.3700301592471,6.34014134526047e-06,5875.32103629951,6203.09497865506
1.94774294173708e-05,1.69678325051311,0.108586397224976,38.4270294723339,8.97250589305374e-06,5556.63086867844,5866.625640843
1.83936318966178e-05,1.10954813175433,0.00343643804621251,31.2409022412379,1.82227240015884e-06,6855.7805118377,7238.25258313488
1.61819753921824e-05,1.55191338229466,0.0501182000220601,36.0202093298431,6.05839909668861e-06,5933.19174763186,6264.19419632487
1.29028145068511e-05,1.32875431053585,0.193488550974639,31.9662476185211,3.9581598219533e-06,6697.71731048476,7071.37131067932
1.30559411442401e-05,1.18101338193158,0.0529583132994335,95.2750479494518,2.11294850544595e-06,2223.54144898501,2347.58895927797
1.68173485621652e-05,1.88024340108456,0.0197364211317164,43.5254026611855,8.03148481284532e-06,4898.12449651732,5171.38234344222
2.24028338258034e-05,1.02665391622517,0.0782914729501914,90.8073014421035,6.31009260826046e-07,2333.54825483766,2463.73285350715
2.38232919841949e-05,1.57432000446872,0.0104148187263243,58.173091334974,8.78211307648681e-06,3654.03634849607,3857.88868134006
2.24978168198224e-05,1.51416750300564,0.0519364185383416,30.6066918608201,8.05792309091126e-06,7000.22675709482,7390.75723319642
1.33197036217768e-05,1.22860277031447,0.000356806458686562,44.4903959942985,2.47921257906885e-06,4790.66765307737,5057.93066959389
2.04659239024892e-05,1.42139707791403,0.00627068725731848,70.3648079429152,6.10562876260567e-06,3016.36684310926,3184.64470327181
1.81652214903664e-05,1.05957870538911,0.0368846803344774,38.9896049167578,1.06050333215514e-06,5475.40430660307,5780.86759013731
2.06110870167129e-05,1.35317769583827,0.0512481928802478,39.3933051681933,5.66992286905806e-06,5418.56504227672,5720.85736210808
2.17315338336574e-05,1.48023148735833,0.0129602651113098,36.8092148713716,7.14277771606263e-06,5804.24598552822,6128.05477441377
1.98492622722499e-05,1.70649204554292,0.0442207073941264,87.603220378762,8.59766599029912e-06,2419.38938764322,2554.36291381848
1.39837133561214e-05,1.43010293839614,0.0365294202308059,55.6901826455245,4.3649853536556e-06,3818.43378111719,4031.45756080986
1.80417075455692e-05,1.23183063986467,0.00630402552902635,74.5814773623796,3.41692969206013e-06,2844.67183652954,3003.37113088408
1.75565491842292e-05,1.07503101189181,0.00117452757274836,65.2093848370949,1.22676598823022e-06,3256.69123308454,3438.37637299567
1.74110547863077e-05,1.22301402724882,0.0111084055916992,49.4089980074851,3.21047637063249e-06,4308.85199683448,4549.2353558549
2.10635993597992e-05,1.15023860878177,0.0142233551812171,61.2979771391712,2.79086208710153e-06,3466.21800925468,3659.59228360289
1.46720685936939e-05,1.12778604477518,0.0222353225944753,73.4618543478186,1.70022807363319e-06,2888.32559297196,3049.46025447654
1.81952939868299e-05,1.60792452117167,0.0478980527273121,25.1667494486781,7.22522156133716e-06,8544.42382629043,9021.10237124086
1.91032014956921e-05,1.38230564006217,0.0768173691748799,58.6506462627719,5.72289744575257e-06,3624.02654571218,3826.2046838514
2.11580394532615e-05,1.14939994036765,0.124913036616114,56.0919796734475,3.14262649273894e-06,3790.8341454859,4002.31818950752
2.11959676983655e-05,1.68506048842024,0.054804297936993,59.5210819245161,9.11664338421627e-06,3570.57727143758,3769.7735675231
1.21972841312047e-05,1.23059453847341,0.0905574546829639,31.9022714927057,2.51313589846788e-06,6711.36493375309,7085.78031111408
1.37751009730082e-05,1.01959418949902,0.0194984156900003,81.6662110089732,2.69985434265695e-07,2596.36313435775,2741.20971807244
1.35430854979232e-05,1.26863934694605,0.0201873406429269,43.0760959132791,2.92684680252031e-06,4949.81927052768,5225.96107898793
1.59678515551016e-05,1.19960509409944,0.00564940916993909,64.1996386624173,2.67198051379933e-06,3308.3173584522,3492.8826301103
1.85879904866684e-05,1.14090426531822,0.0307735037077605,50.8661416561522,2.36850190242428e-06,4184.18421907397,4417.61257959324
1.24890776400547e-05,1.52089846442971,0.0117820968019133,29.6129949073038,4.32837612135209e-06,7239.20765365776,7643.07045834704
1.41595350864977e-05,1.10133965441651,0.0120575759995153,36.6558679834545,1.31877063000933e-06,5828.86650538777,6154.04883025669
1.97171439764136e-05,1.5089758489013,0.0375360458854836,78.5698753010817,6.9097988812501e-06,2699.34046707902,2849.93197708979
2.17512603668282e-05,1.42390109176814,0.0177665713163574,31.3951201601163,6.59241834872446e-06,6821.55279838019,7202.11536507185
2.23063852476329e-05,1.43128295188295,0.179473001530707,62.7534571090728,8.1914452231499e-06,3385.17463153267,3574.02763678706
1.93225648014033e-05,1.78859771756556,0.0185035501046977,75.5012826344676,8.67981086419529e-06,2809.78413774268,2966.537108058
1.91366906015435e-05,1.55403571657792,0.0385081019588793,24.5260056230008,7.09560132351929e-06,8772.35799287498,9261.75258855989
1.5432660704596e-05,1.56540171781619,0.0219161714717671,81.9667802806269,5.69887510718811e-06,2586.78368851906,2731.09585161083
2.12884546534857e-05,1.30263990304573,0.0369977543914687,60.367768615736,5.13581016213757e-06,3520.07761343103,3716.45662142452
2.01106339419801e-05,1.56107704203035,0.112403652761527,58.4333819063043,8.14325676678643e-06,3637.61820557094,3840.5545987753
1.41228929681629e-05,1.05300725884485,0.0441814293131491,45.6408774232404,7.43782152130089e-07,4668.5603494874,4929.01121190361
1.84622664158279e-05,1.8059261762534,0.00146226397048921,55.4281726180078,8.25102249647953e-06,3836.64889780734,4050.68886718073
1.21571975089107e-05,1.18260805516064,0.0020593354637607,72.8960181933382,1.88105964407993e-06,2910.90101707952,3073.29512223226
2.28379895392265e-05,1.04085251574855,0.012279655273177,66.1563669724404,9.07493310391021e-07,3209.71713644375,3388.78167319985
1.47715018596444e-05,1.74634110483204,0.0396955857843802,94.7043565549583,6.57381101242919e-06,2237.01194840612,2361.81095443412
2.11518289076043e-05,1.27546049136901,0.0618394767727717,54.5203763091518,4.8691499227873e-06,3901.1262897381,4118.76334066932
1.69916797268987e-05,1.96250650368031,0.0448136013097035,51.5332051307,8.72434534836382e-06,4129.48853133089,4359.86551455679
1.66073555610152e-05,1.19413329850685,0.0221198447858163,74.7337734132103,2.760925408821e-06,2838.83560617649,2997.2093073899
1.78569973829649e-05,1.52385729704819,0.111816033734182,61.8278880833528,6.91138514973927e-06,3436.2664054737,3627.9697319383
1.20618112906739e-05,1.61793685323464,0.0261678457553756,68.4170567252919,4.73048330829514e-06,3102.87444214389,3275.97841080402
1.7718470080602e-05,1.25532725826187,0.0826764664091182,72.0919417483596,3.92857785734696e-06,2943.59551554629,3107.81358990677
2.15442889829166e-05,1.49555303215633,0.0363935487573614,82.5767311564125,7.4081702713716e-06,2567.55960227396,2710.79928702832
1.82788912089597e-05,1.17845109065937,0.0496684011037475,36.5400132220938,2.91255343861956e-06,5847.60646596899,6173.83426064651
2.17964294831799e-05,1.25985678245562,0.081414281357235,64.8954122067768,4.89404606280784e-06,3272.57051508004,3455.14153251672
1.33819231643658e-05,1.19838963797636,0.0444322702435171,75.6933412977475,2.31831192254656e-06,2802.60718157966,2958.95976199268
2.11324117448945e-05,1.46753401085088,0.107750296201452,27.3211098883525,7.54530855019909e-06,7857.9413807985,8296.32226403367
1.5612927239039e-05,1.35254556311029,0.0477303743750637,39.6613473827677,4.27346881968566e-06,5381.47330216492,5681.69633832478
1.7318565023493e-05,1.17953634658675,0.0135681678555741,91.6849233077541,2.67225710073725e-06,2311.08824556716,2440.01983938152
1.4008005098789e-05,1.1296860024535,0.011965361578556,37.7966238389439,1.62754614439244e-06,5650.56289653454,5965.79797316818
2.21808278311025e-05,1.70215688401559,0.192508087332968,52.4447229419425,1.13308121464607e-05,4057.02040168319,4283.3545139914
1.78785823121108e-05,1.1364273199039,0.0246138570526952,40.1229803623857,2.20043323133722e-06,5318.76901424302,5615.49388723397
1.84306008925661e-05,1.27642587970265,0.00517884403402476,99.1769441087974,4.01207946820356e-06,2135.61635685197,2254.75867917267
2.0804415508043e-05,1.82695371831601,0.0519069429287756,79.5568031320355,9.93226836627331e-06,2665.64158707514,2814.35309517901
2.17753969185837e-05,1.26659930748524,0.0326836793450649,64.5107585953596,4.7381356398882e-06,3292.23685156772,3475.90501971369
1.64711673283512e-05,1.2818267648836,0.0389949125396507,33.1579452100066,3.76828795562618e-06,6453.27680148705,6813.29389081146
1.94237785030603e-05,1.21679968647194,0.00866041437692042,50.2072828158759,3.49093938261938e-06,4239.64835505642,4476.17096325986
1.96465028587701e-05,1.03253351397472,0.0884810369439721,69.4797181128714,6.79105075224581e-07,3055.07167710129,3225.50881263746
1.36450664184652e-05,1.51241349845343,0.0165004369703016,53.805604150501,4.70051496947231e-06,3953.43934329793,4173.99484850526
1.90309644341776e-05,1.13335244056862,0.0647030912492393,36.4773536800319,2.39407843280692e-06,5857.79219202287,6184.58823064209
1.31596495006951e-05,1.08786662326739,0.0680256319385207,59.00271850523,1.14046633457634e-06,3602.2159101581,3803.17727087245
1.39217349177115e-05,1.29361136521308,0.0459002931955915,64.0521332902026,3.31178573671747e-06,3315.9963248735,3500.98999271312
1.4753079791531e-05,1.4058631195514,0.114188804904835,35.9331505300328,4.80806771463651e-06,5947.7714564752,6279.5872817678
2.26636016460992e-05,1.36794561250163,0.0858227037860245,100.909099804317,6.66810233173162e-06,2098.77426055004,2215.8612263932
1.9045486055553e-05,1.57902766025657,0.00174592321767013,32.0591213520008,6.99603948129156e-06,6678.00363488306,7050.5578434015
2.26021450493541e-05,1.16049740851942,0.00552511431038845,66.6464732879471,3.14318403835521e-06,3185.93411815452,3363.67184168329
1.63268165965732e-05,1.53353471719944,0.012362245890385,58.2333870330546,5.75129563708032e-06,3650.21994857128,3853.85937110088
1.23990692379819e-05,1.11050776515241,0.0392220344060117,81.3191155309147,1.28419690879414e-06,2607.51407115702,2752.98274624222
1.89197477487708e-05,1.68029377413561,0.122970379613804,39.7832602076937,8.73378422563419e-06,5364.77047354603,5664.06168794652
1.74187957878923e-05,1.43597811883911,0.0462801472952874,23.1351702879875,5.54505843136754e-06,9311.55257089872,9831.02789433343
2.18467142757559e-05,1.67748701142659,0.0241212174521833,64.2571929314326,9.04112015617644e-06,3305.33078409362,3489.72943996246
2.3043803821153e-05,1.10310430668751,0.00392951421281395,43.0608355880382,2.16229165713167e-06,4951.59420746504,5227.83503657009
1.49290026550256e-05,1.12002168754836,0.00139599054917464,76.2094523503204,1.60200656239217e-06,2783.50126151544,2938.78795587678
1.40657343023261e-05,1.34125843621882,0.0267540939705056,113.940929611902,3.67709147030118e-06,1857.66863600636,1961.30473838309
1.45369534455668e-05,1.68823670715799,0.0567517260417252,62.593827190049,6.28268110547041e-06,3393.87756554368,3583.21609235055
2.27961231362857e-05,1.24796739653235,0.0743195395518758,86.44042674211,4.89305812665056e-06,2452.12501337938,2588.9248031812
1.49705178829227e-05,1.2420114409735,0.151910539844023,51.2232741809792,3.43951751887888e-06,4154.72229186549,4386.50702270549
1.20728872635886e-05,1.09820401983294,0.00295095770591986,43.2459694929407,1.08276849897978e-06,4930.14676410671,5205.19107764783
1.25264981866116e-05,1.16519307066116,0.0258706344118491,42.3340282944824,1.82306171630282e-06,5037.62930138817,5318.6698787524
1.37386237762123e-05,1.22871354729145,0.00349711117080737,42.471215120782,2.56625565686001e-06,5021.16178052046,5301.28366353552
2.37674202701356e-05,1.09104346800707,0.141244153807612,34.2106176993829,2.30944111514623e-06,6251.73200732161,6600.50526310285
1.2040975751345e-05,1.34334453312843,0.00582522434922509,62.6943641859759,3.09553985044105e-06,3388.39113645936,3577.42358492952
1.57925211123107e-05,1.15427987851222,2.24654382160728e-05,65.807596639218,2.11083058118503e-06,3226.85905869,3406.87991347528
1.56777324896073e-05,1.45182117293546,0.0468527880188903,26.9004965009842,5.118815402548e-06,7983.16401558325,8428.53085182796
2.04525369442161e-05,1.12409596329939,0.00749504502953121,53.7676680459791,2.27488691776664e-06,3956.25506434728,4176.96765373491
1.68672843729341e-05,1.48822515024924,0.184767856546985,34.8606581481702,6.78743567107667e-06,6133.44387740137,6475.61804413908
1.86601958159655e-05,1.34553801385235,0.0131293359831376,53.9616964123763,4.8556522670559e-06,3941.89580153411,4161.80731262277
2.01449316243036e-05,1.65008391216921,0.0778831885939133,118.301842605382,8.60663614268889e-06,1788.89865517577,1888.69819992555
2.22399183536824e-05,1.08867026211817,0.0738583068419596,64.6170126461234,1.95581101756971e-06,3286.78076931688,3470.14455212319
2.27498095173519e-05,1.12578093678684,0.0315715194216201,32.7171939709013,2.62458660059114e-06,6541.57572282704,6906.51885540501
1.38281758043747e-05,1.19249267968167,0.0337746793809823,28.9474221189574,2.31014225731368e-06,7408.61494950469,7821.92869259896
1.68471359982938e-05,1.28109951031729,0.0124621373111708,57.6386043176074,3.74319214919468e-06,3688.21874145179,3893.97805054934
1.77063782350766e-05,1.22685814224885,0.0321270722968359,33.5951784821173,3.38269952961956e-06,6368.00698961953,6723.26702443968
2.0117818392341e-05,1.53030100773468,0.0715527654460395,48.1690426819622,7.50861061128022e-06,4420.94090320793,4667.57750737178
1.52614669523975e-05,1.34350840689571,0.00374922630546896,35.7153296561185,3.91667857053994e-06,5984.56572749928,6318.43424118034
1.47858949033907e-05,1.2197078665038,0.0334463650175293,22.8288126799948,2.75552752433628e-06,9439.35213526154,9965.9571741252
2.1506693329093e-05,1.51770751808225,0.0184537944814322,80.8789860275987,7.4739416596942e-06,2621.79234778471,2768.05758309043
1.63709242583737e-05,1.56503096320414,0.00898725994165252,47.9925993964573,5.96397861256246e-06,4437.36668059938,4684.91965031646
1.82472860172847e-05,1.42524671090946,0.0132988146013035,55.9168891674899,5.51766693992589e-06,3802.81199271297,4014.96425999972
1.21805675431117e-05,1.65816754946797,0.103593974812482,51.0330742273324,5.3934249457361e-06,4170.36114773656,4403.01834314677
1.36693077082392e-05,1.30990079391233,0.0107783318592176,19.9248131542693,3.26912228442069e-06,10851.1135046173,11456.4782549657
1.96930862901723e-05,1.62160539762091,0.0162822756964642,29.9942032048268,7.67368793691793e-06,7145.623896708,7544.26582635635
1.60107988823969e-05,1.0788739612575,0.0697523087733994,32.8813562395482,1.25825836692885e-06,6508.40691218106,6871.49961449973
1.80039837854756e-05,1.81965315820492,0.00652113999636761,96.9714773023832,8.16288333944587e-06,2184.44026340583,2306.30638655945
1.26947677206611e-05,1.25142246039429,0.0160121232677402,37.8435445944884,2.59196728494753e-06,5643.4623284882,5958.30127677973
1.64217432765327e-05,1.3134240313426,0.0212743521474075,30.741889870025,4.00385460700584e-06,6968.92614645964,7357.7104159314
1.48112113600345e-05,1.51898946633823,0.0285723473306342,38.6352021328721,5.20927411178861e-06,5526.29481530669,5834.59719181359
1.62326093447451e-05,1.39923976622665,0.0140387536223379,44.3006594933225,4.69745865281195e-06,4811.4217539258,5079.84260563347
1.50168700866876e-05,1.30465324041267,0.0183376912024597,50.0896311060706,3.5720813426245e-06,4249.70762816569,4486.79142572097
2.36086292150645e-05,1.60031361638659,0.0158835140551367,44.7785245378214,8.998847181241e-06,4759.49123467441,5025.01497302973
1.85602363573685e-05,1.17068449422486,0.0966534608714677,43.327155630916,2.99553403860322e-06,4920.79998465631,5195.32285762766
1.61672961408198e-05,1.26471938463898,0.0183224701212564,49.2860097937724,3.44709245726134e-06,4319.71525605739,4560.70465741666
1.24318290984565e-05,1.1442855357003,0.032739190715763,54.6017322619112,1.62059398050886e-06,3895.25960270565,4112.56936137057
1.6919930950636e-05,1.65338803102707,0.0116540818362901,45.2839497731703,6.7651671099269e-06,4705.77181023915,4968.29863533315
2.19505209778911e-05,1.19301827516649,0.0850674745439783,17.1596333236291,3.88147258931974e-06,12653.1956708763,13359.0954511292
1.71610358767016e-05,1.40857355946605,0.045396659551799,59.6941286926025,5.2143882052222e-06,3560.13862991442,3758.75257234408
1.55571720120292e-05,1.38110107963652,0.0340440656736517,61.2280955512806,4.44407101581059e-06,3470.20686739487,3663.80367320137
2.26764998819456e-05,1.4923992302434,0.0296057204581329,39.2106985288115,7.70992036539846e-06,5444.12840728008,5747.84686278561
2.29411476920312e-05,1.18178759302915,0.00383748194301606,72.4986296037035,3.54241752540672e-06,2926.9679331556,3090.25838361292
2.05963800150705e-05,1.50541089466292,0.0399015679744192,85.2654131874991,7.20203510513469e-06,2486.11702021512,2624.81316495999
1.91572307260009e-05,1.38030356159565,0.0303758810548638,40.6221005681864,5.44347771960756e-06,5252.59640583687,5545.62962409112
2.34014661056735e-05,1.12235469987867,0.012013698410247,41.1955742388018,2.58209590631884e-06,5178.57039527937,5467.47383114941
1.22217852445403e-05,1.78265308696687,0.00429576908308342,43.0133877731487,5.38891610017982e-06,4957.12103062463,5233.6701915816
2.39067450250816e-05,1.08237587030054,0.00902939861245131,22.4516989826287,1.83599337580109e-06,9601.56875134196,10137.2235730923
1.67704353128169e-05,1.0682664461762,0.0190559175606579,58.9774566800086,1.09249726610208e-06,3603.772116396,3804.82029514983
1.52414986382788e-05,1.51662923383433,0.0376153505580075,25.3355975670692,5.39475305026542e-06,8486.31766683804,8959.75457020988
2.09436232821057e-05,1.31476847784696,0.00855363782642538,59.9480249000481,5.05726082348257e-06,3544.93293694253,3742.69858020677
1.71369622663641e-05,1.21906580918466,0.0155598053253063,99.8082392724842,3.12812695689638e-06,2122.04017078851,2240.4251013002
1.74969054197576e-05,1.25090238340856,0.219501799439263,39.7165361887843,4.49635321307816e-06,5373.89921950155,5673.69971076234
1.92111963702058e-05,1.44208777884283,0.0173303970244792,82.8960021544897,5.99315024756023e-06,2557.61048509708,2700.29512590747
1.66726713431524e-05,1.13459063546478,0.0070049066337368,26.6669825843559,1.99171152196383e-06,8054.42296908907,8503.76521841749
2.04132254148507e-05,1.08684331807415,0.0379310620881574,60.2027386795659,1.69537456634513e-06,3529.80824424045,3726.73010720345
1.25781925001191e-05,1.20223785409085,0.0101789095313407,41.8158467041131,2.13760795499399e-06,5100.81716362546,5385.38288192864
2.07782369872788e-05,1.53883037491109,0.0289095335095081,69.0154567186313,7.4920546203838e-06,3075.77360467975,3247.36566475107
1.6045699899816e-05,1.17451737398689,0.00504712030733976,48.9716216942093,2.39622926148546e-06,4347.73501367481,4590.28758858007
1.32277170333406e-05,1.45068608558438,0.0353935359917795,49.0127274204951,4.26019431951509e-06,4344.05083683795,4586.39787792493
1.69984066368034e-05,1.09195863001845,0.133450473159801,32.1694713726944,1.65193328041016e-06,6654.73073183776,7025.98658557115
1.59910080007883e-05,1.42816604399802,0.14980913119418,28.0007736600983,5.63876926129862e-06,7663.69410752542,8091.23827321628
1.37116721005328e-05,1.19337158295726,0.0255644648040088,32.5279059784662,2.28006973252654e-06,6580.24332645486,6947.34365738918
1.90658886764841e-05,1.26516441830077,0.0437608716655146,43.9158693214052,4.17878548580156e-06,4854.06862011656,5124.8686663183
1.89103617021991e-05,1.76527169107196,0.0706662430957406,52.5473598220488,8.82110692144746e-06,4049.01950479661,4274.90726098255
1.46181781662907e-05,1.12519773741266,0.00666079896207632,25.7404280190134,1.63740801930853e-06,8350.16996688301,8816.01142686015
1.29886435092855e-05,1.29763938850798,0.00190550909211853,70.0346057511071,2.9848524338461e-06,3030.69129614463,3199.76829262918
1.44045105513604e-05,1.05013132645366,0.0988699891898163,44.7412988899948,7.63079271731103e-07,4763.49632105976,5029.24349621895
1.41785156395901e-05,1.05451062592387,0.0873751233309831,29.1716801013051,8.03085698249024e-07,7350.65604035739,7760.73635671149
2.2865090143092e-05,1.42652899883151,0.0405531712607739,42.4062140329341,7.12540385291388e-06,5028.95088610634,5309.50730977535
2.07700315427855e-05,1.36620042549313,0.0214266839072029,73.1055551495365,5.68903942599923e-06,2902.49999805383,3064.42542496604
1.88246574377138e-05,1.3247397278202,0.107115065363626,23.5135693462102,5.16805376219132e-06,9158.39939423421,9669.33056830424
2.18659735867549e-05,1.636726007311,0.0236665765461265,39.5593312772124,8.71239284774041e-06,5395.53029730935,5696.53754878063
1.64911788524743e-05,1.1207432372148,0.0508239878318268,33.018398304001,1.87177674598318e-06,6480.97424416006,6842.53652564027
1.60878366080811e-05,1.07699616344643,0.00609546306937397,50.9290565583773,1.15717985647215e-06,4178.9637208043,4412.10083880451
1.47201161606032e-05,1.74889546474668,0.103341182987304,40.8896226095104,7.02965289705003e-06,5217.80208875003,5508.8941925677
1.93006861364236e-05,1.14663373587279,0.0251748005305265,55.5217995171749,2.53190005634276e-06,3830.11997046277,4043.79570233461
2.31244281949382e-05,1.52352630979462,0.0024103327009204,57.4935899604303,7.96521565212729e-06,3697.6035174896,3903.88638692045
2.15283037141878e-05,1.92362790886471,0.0549145249363777,44.8487955621505,1.09371591654764e-05,4751.94914287782,5017.05212104889
1.92303605112936e-05,1.2572332098119,0.0195465117146017,62.3240517042382,4.0129437278947e-06,3408.68773699692,3598.85249751155
1.75755536877438e-05,1.58063628349329,0.0427171119184822,71.6938856044274,6.74423725197033e-06,2960.05415791068,3125.19043130408
1.89536803137353e-05,1.04665618055561,0.0347958595538299,112.3493159264,8.75328307089892e-07,1884.10357584741,1989.21443754267
2.01737852802565e-05,1.07754577428991,0.0123312282752215,72.9816684080856,1.46990613299765e-06,2907.46115130277,3069.66335232638
1.38774093826851e-05,1.48617388320514,0.0763196887983508,36.3988415222559,4.91475657899118e-06,5870.60506513272,6198.11591165881
1.60413106310433e-05,1.10686973193161,0.00586913704634032,73.6358490113993,1.55792838328701e-06,2881.45387513807,3042.20517545588
2.13516100916918e-05,1.3202265542675,0.0701771391763435,62.9197942278272,5.56966576370343e-06,3376.15338562499,3564.50311125978
2.04874099654527e-05,1.4600553633013,0.0295178261326846,93.4825818838074,6.65167487797195e-06,2266.40645249734,2392.84532678616
1.55113206623001e-05,1.15980983604881,0.0502797842548153,37.5531476142474,2.25041527365131e-06,5687.69723551155,6005.0039723333
1.34342831771029e-05,1.86596380772641,0.00053961668084716,88.789709446089,6.23791691788015e-06,2386.87550952411,2520.03514298669
2.07175065497635e-05,1.2860830715973,0.0219819351448911,60.1425727293946,4.71199152832003e-06,3533.3691941163,3730.48971627973
1.46819276708867e-05,1.06460825807066,0.102478901730773,44.2673866519276,9.9272614954381e-07,4815.07981091428,5083.70473925931
2.06809791788198e-05,1.26314011196497,0.0302051622838335,86.1111876156668,4.44239770664547e-06,2461.55548435509,2598.88138373133
1.56263483610023e-05,1.5769216369553,0.0095626071097743,77.0225785915333,5.77205303288748e-06,2753.92302819738,2907.55960436386
1.76236410114951e-05,1.39994233658377,0.0733947372907232,53.6928853318216,5.43349986141376e-06,3961.81740420661,4182.84030686106
1.90071196603579e-05,1.2758050391215,0.296063007470756,59.1447283878601,5.83697202179341e-06,3593.49261837052,3793.96732180744
2.30737803113172e-05,1.85729747107597,0.021009668164244,52.8556405163342,1.08787773527202e-05,4025.1765979134,4249.7341997915
2.37839778819093e-05,1.69703665440546,0.119063460297822,68.5295699419927,1.10889872950553e-05,3097.74245370012,3270.56011765044
2.12359473833218e-05,1.33640105863025,0.0517455880755389,46.9891659955404,5.63712223130653e-06,4533.15118353768,4786.0478040869
1.57898095607786e-05,1.11492630799144,0.00685516111555755,67.168137265809,1.6388178479012e-06,3161.00392360907,3337.35083494233
1.28724789264165e-05,1.07236447118429,0.0433199357001963,64.7937582238932,9.07972258121972e-07,3277.74494006768,3460.60462967515
1.53260539305154e-05,1.1359721408076,0.00437402835543318,51.8194240214181,1.84250936454659e-06,4106.45607038197,4335.5481126692
1.4825064592394e-05,1.69448954220004,0.0467651198059781,45.8718774048914,6.37406659200467e-06,4644.78957021526,4903.91430219761
1.42813791848375e-05,1.82909743139859,0.0128000594609904,66.9864692919258,6.55733604170662e-06,3169.64139232432,3346.47017301506
1.85388813286889e-05,1.60507252717554,0.0754375844336656,50.3838661025418,7.55876923637427e-06,4224.63946885021,4460.3247573954
1.64129014229458e-05,1.63032884524865,0.0160957791957902,68.2497779615789,6.44936885596762e-06,3110.53592591165,3284.06731542645
1.3296878263643e-05,1.65108467923009,0.237791839736178,34.7918242531291,6.87916488040391e-06,6145.75726785452,6488.61837723038
1.81081102622431e-05,1.41715645642029,0.16960046759569,44.3525215099842,6.41884907814896e-06,4805.73105100739,5073.83442829642
2.31602952344092e-05,1.55367482414326,0.00945944288357128,49.7932464384109,8.33213480172145e-06,4275.26152056227,4513.77092533146
1.45217352940282e-05,1.57101200852413,0.0481206663599264,92.2441384752895,5.54492412584568e-06,2297.00101020616,2425.14670166001
1.87359750780668e-05,1.48160526415779,0.1384558331254,54.9824421771219,7.06882986061782e-06,3868.03895235735,4083.83011828103
1.74341136925081e-05,1.29027622188778,0.00710621458543142,41.0702506508372,3.95019205941168e-06,5194.56888236505,5484.36484600531
2.39948626254816e-05,1.79002108544961,0.0524884229010185,45.189041902552,1.1176427670119e-05,4715.76647541571,4978.85088549736
1.27895633387743e-05,1.25883990793893,0.0417274330893655,63.8320307972281,2.74423657268838e-06,3327.52113029075,3513.15774698085
1.55743017131584e-05,1.20912540055993,0.0997092604757002,72.4328645281682,2.99194485751649e-06,2929.64401823606,3093.08376282581
1.30148785823984e-05,1.53220175060743,0.0236243412995212,48.6886393953445,4.62996474455733e-06,4373.26841959775,4617.24545881218
1.2508488233747e-05,1.08542831571207,0.0570230858897311,65.320515725907,1.0439956099985e-06,3251.107609521,3432.48124878446
1.64030533571206e-05,1.03651998247383,0.0125474459814871,73.8659008430152,5.85267118601098e-07,2872.4182837873,3032.66550417819
2.05327717399187e-05,1.53703764460262,0.0108612316638112,47.5345174368173,7.25273034652036e-06,4480.5866417282,4730.55077790923
1.65891248509604e-05,1.32349059638422,0.00407176599456982,76.070889529023,4.07126143631318e-06,2788.60509231919,2944.17652052457
2.31517194804959e-05,1.32169266361913,0.0484496134597459,33.8344099304044,5.92176871693564e-06,6322.29875873556,6675.00881084967
1.7328715810393e-05,1.45901130102597,0.0432107192752253,28.5945009874423,5.69779504621285e-06,7501.70098082072,7920.20783170845
1.70962994160075e-05,1.16976054776024,0.0111757910909292,35.3463739180486,2.50908457305758e-06,6047.93936299081,6385.34338157757
1.48649660394872e-05,1.63212996217541,0.0213537272039142,61.1645448552443,5.88278749424157e-06,3473.84233594047,3667.64195821438
1.21441820957121e-05,1.41993483849041,0.0235362194202763,65.4557123090302,3.6780716289824e-06,3244.34059849889,3425.3367179865
1.20178258410813e-05,1.18564637303309,0.0243240785681439,21.1568684026342,1.92861810845034e-06,10203.6503275679,10772.8942333258
1.29582405704493e-05,1.53271191587887,0.106738537957172,31.7695393362912,5.04188292058282e-06,6739.85801402869,7115.86297078357
1.60663141200542e-05,1.73839414705361,0.0480995018292558,29.1419525860523,7.16897732580901e-06,7358.28684424188,7768.79286987333
1.6030552473438e-05,1.19712952686789,0.00798619121955417,58.3933682480106,2.66093510349581e-06,3640.13251164112,3843.20917360829
1.21088284029504e-05,1.39697857094822,0.0273924331645565,73.9150351363499,3.53782502880977e-06,2870.49580825459,3030.63577707905
2.05133202778129e-05,1.40480121374229,0.100115393672785,105.351348601937,6.56849468837748e-06,2009.85387918273,2121.98013159825
2.23597882593172e-05,1.83556403352437,0.0020351244657866,74.0287350078994,1.01988895704902e-05,2866.05693040159,3025.94926195065
1.49938339676773e-05,1.45952195575771,0.0337511379358334,40.9965590056703,4.88553943178386e-06,5204.0224062809,5494.34576557901
2.09956905855294e-05,1.39135904374046,0.0912337318409394,51.7672217651951,6.49836060500141e-06,4110.63768682286,4339.96301421874
1.51506708205724e-05,1.54048783695671,0.0954568548512162,63.5280558154158,5.8765533535938e-06,3343.56994373793,3530.10189581842
1.3128958156907e-05,1.2883093550736,0.0069617550768077,46.6481916050731,2.95867398772876e-06,4566.64781520317,4821.41315457622
2.16641893425817e-05,1.2049231785215,0.0186520730456067,45.0480934351192,3.75440863637735e-06,4730.68823156234,4994.60510046774
2.08901567714503e-05,1.21248393458177,0.0181186288927187,79.8806687540596,3.7284087286641e-06,2654.76573323218,2802.87049636526
1.6194602693486e-05,1.47843840405316,0.0334921547853461,88.2472295969094,5.42226018944906e-06,2401.63221255064,2535.61509681046
2.18153702400746e-05,1.74415079858277,0.110039046498461,48.9354457076674,1.04582097839262e-05,4350.98252735275,4593.71627539808
1.96724661236973e-05,1.13936536224489,0.0489655553539364,83.3285635066993,2.53014467507638e-06,2544.25337313898,2686.1928439037
1.3240366800799e-05,1.09220495613949,0.0271742810618266,76.1455115483948,1.14897126996374e-06,2785.85413720867,2941.27209441285
1.45786414047629e-05,1.18135150156023,0.0049823379254597,42.1928053097676,2.24916807975348e-06,5054.69452714735,5336.68714377713
1.97911298472444e-05,1.2521670316633,0.00252103189179443,93.8012206919579,3.99562076029766e-06,2258.66615825198,2384.67321498664
1.62750367712528e-05,1.32642355902548,0.0178752249190443,80.2963160753627,4.07800121823647e-06,2640.93708451298,2788.27037138457
2.21409501720378e-05,1.17590355812267,0.0553497241329435,44.0066807439546,3.50604794176513e-06,4843.93583777778,5114.17059367561
1.34701239928342e-05,1.32235584456786,0.0153596152827901,27.7433460301871,3.33484148480667e-06,7736.12602102881,8167.71103720165
2.25307259977441e-05,1.23968302443269,0.0769776970856308,54.7049432939681,4.71931364230916e-06,3887.84226092727,4104.73821899449
2.2699765382736e-05,1.12695331605755,0.13967787790876,45.7464829933133,2.97225956345786e-06,4657.66301280893,4917.50593176431
1.58912980119735e-05,1.32430564458239,0.0167076226038399,48.5594935486986,3.95763673890915e-06,4385.02114747778,4629.65385094049
1.83145314223822e-05,1.40226387566698,0.00458196611457423,43.8474667156656,5.27792958936413e-06,4861.72905318089,5132.95646162039
1.54710150827849e-05,1.40756315260218,0.0694551897882972,29.9493106267308,4.81394545763211e-06,7156.51878992126,7555.76852671377
1.43167812668681e-05,1.23639809530089,0.157831732425629,58.5616652395335,3.25030798470818e-06,3629.58073571299,3832.0687324526
1.35742456312627e-05,1.17186373924566,0.0259929267500334,47.0942584136535,2.04387653265739e-06,4522.92596594456,4775.25213938779
1.87615760010201e-05,1.61128009633581,0.0540194790123975,60.2655807374657,7.5239783300314e-06,3526.09656325934,3722.8113579957
1.32195268070167e-05,1.87583088951914,0.0558477573631144,46.3676351328596,6.53723665646372e-06,4594.58262756725,4850.90640153835
1.55893559827376e-05,1.17778012969443,0.0388841800081374,43.7281034026489,2.44829844599897e-06,4875.15466573657,5147.13106575096
1.69478882610295e-05,1.02267171859593,0.0112608294680124,36.9909343236695,3.7999212528329e-07,5775.33807372277,6097.53414048485
2.17164587476831e-05,1.09357969224991,0.0761211571110381,48.7194034834811,2.01138349013403e-06,4370.47806443425,4614.29943458705
1.45136099585267e-05,1.20573512958071,0.0290058140944731,34.6196758001284,2.55040313651376e-06,6176.76968796349,6521.36092632094
2.26410039497204e-05,1.60336077062922,0.0191701822381009,56.7093770748268,8.686358267663e-06,3749.19384602629,3958.35485016118
1.20029381710673e-05,1.25325118703231,0.0708326182411029,14.4748496334542,2.61036526638271e-06,15085.9785783669,15927.5990859736
2.04397820608579e-05,1.20876878062628,0.00827085210804553,48.4712060252542,3.55956181475599e-06,4393.09204459739,4638.17500937363
2.20519447248867e-05,1.41455994002737,0.00802215020220807,82.3444891070894,6.51480199625151e-06,2574.84549439961,2718.49164640416
2.31947748779347e-05,1.46816599782619,0.0361874733385555,31.5965691987256,7.67382207160109e-06,6777.35393774581,7155.45072687259
2.00098654394019e-05,1.93382750797464,0.0033262472973671,85.4073041422691,9.69463235308e-06,2481.96230487795,2620.42666527997
1.8341616530179e-05,1.77602822248024,0.00967041808909909,69.8734313868145,8.09240171756757e-06,3037.73270420224,3207.20252859602
2.18557415084755e-05,1.10378312620998,0.0555933833522992,77.5845566779033,2.17590242539891e-06,2733.84523274254,2886.36170361957
1.9455794547555e-05,1.05758877960287,0.0279010640283971,91.730422463019,1.08981012924278e-06,2309.93561833028,2438.80290907572
1.58541460767109e-05,1.16901903073923,0.201186044487844,33.1427542904788,2.86947406697046e-06,6456.28042493659,6816.4650811894
1.66358774271123e-05,1.32085279680797,0.00737537648770298,62.1864484382676,4.07103451839504e-06,3416.2917910151,3606.88076847857
1.76019901379775e-05,1.07110043461127,0.0163974127076355,83.7383884771163,1.18789044932095e-06,2531.72641621041,2672.96702983476
1.23430915712938e-05,1.11722020447146,0.144627428234947,42.0898722194312,1.51400024824611e-06,5067.20587587367,5349.89647888936
1.49443982115872e-05,1.44632524456646,0.00877976806787436,17.8496258411231,4.65250869170079e-06,12149.695005026,12827.5053588111
2.09052025473313e-05,1.674896560954,0.0600822792707134,72.311164904192,8.96197768585876e-06,2934.60909697095,3098.32583466814
1.44455287923412e-05,1.62773377141277,0.0367183276329812,18.6002199984415,5.7831659949649e-06,11645.5998640185,12295.2876266005
2.25389358302727e-05,1.42708730963689,0.0454891303441235,23.9164119530305,7.06656325147895e-06,9000.79518196513,9502.93389113527
1.52131150344182e-05,1.82267321395039,0.0922104656841902,67.9242016425384,7.5638674868724e-06,3125.55655426907,3299.92591851632
1.33210967461634e-05,1.35559801475215,0.0352539253832617,58.4976932117748,3.62200722131672e-06,3633.58439731997,3836.29575137753
1.54171425588364e-05,1.33251764493803,0.0417466385484596,54.6772914618195,4.01474717491861e-06,3889.82670979116,4106.83337680917
1.72828291497175e-05,1.01601226145326,0.115248508035486,20.9238509853918,3.07849714883024e-07,10320.1108993315,10895.8519378418
2.29865043951133e-05,1.80057271275509,0.00439790923136577,44.9814432322361,1.02651950031416e-05,4737.77720722068,5002.08955774903
2.26277825310482e-05,1.09538435896734,0.0341308765672755,22.1266956744108,2.03997167686577e-06,9745.91099920771,10289.6184239289
1.66594439786375e-05,1.2258205196077,0.0233926766157262,63.6684516138983,3.14245885288351e-06,3336.13834158619,3522.25569750755
2.34455460252855e-05,1.58881366531217,0.0607576254832414,94.397963692414,9.25074026045519e-06,2244.31154684471,2369.51778477425
1.80873957339842e-05,1.35089777080862,0.0384092302048664,23.2588059633666,4.88579932725903e-06,9260.95186285476,9777.6042607916
1.2050674653369e-05,1.57187103471547,0.0810639517170235,51.5449332062123,4.77091175682637e-06,4128.53968002127,4358.86372848283
2.25698170881914e-05,1.14773169432011,0.0137594787794924,66.5793934141551,2.94556455011099e-06,3189.16841254013,3367.08657172764
1.52253995757541e-05,1.27948987326912,0.0788377924601883,65.0730990985946,3.61039316735858e-06,3263.56496684368,3445.63358040655
1.41459669513311e-05,1.41393328859212,0.00286041744614111,38.3378857512076,4.15309580720851e-06,5569.72346945604,5880.44865504755
1.46510099337744e-05,1.07676526370886,0.115075201810925,35.0906731149121,1.18031424784801e-06,6092.65308124925,6432.55160041231
1.48343341587279e-05,1.37353697415305,0.0409929413243868,25.9619202614895,4.2066143587563e-06,8277.51340505147,8739.3014818071
1.27969955543596e-05,1.11136428000233,0.0410578852944765,38.122343606488,1.3372089834387e-06,5601.63671430558,5914.14228432427
1.63875563925728e-05,1.68381869283523,0.0309434085860797,27.5986994955315,6.86757264057613e-06,7777.42900648351,8211.31824438142
1.54852522294968e-05,1.33040600036968,0.020485025675684,41.2863405631985,3.92612419954548e-06,5167.04479794192,5455.30524078163
1.32634862777721e-05,1.48076034834195,0.042445828677049,31.8433598939135,4.49709542105079e-06,6723.98145818415,7099.1006895007
1.26687058354234e-05,1.67243932005655,0.0394029445575139,44.940221616255,5.30258830811049e-06,4742.17221913956,5006.72975973913
1.31711124883192e-05,1.2077659746869,0.0964118548511527,39.75081982048,2.50747795221658e-06,5369.2048789145,5668.74348107825
1.66316102585597e-05,1.92011487066389,0.0795280361535021,81.1048917103401,8.65825556992273e-06,2614.4442453157,2760.29954276437
1.86419410762265e-05,1.2200404458206,0.0543758994621493,84.0676383752815,3.55543084669138e-06,2521.75137545559,2662.43549890465
1.25013211480184e-05,1.21367565030646,0.145558784174901,44.6945273875205,2.57584409439325e-06,4768.53800590696,5034.56644789536
1.53841200741408e-05,1.2805121339812,0.0128572700983942,51.940569437927,3.41392420803709e-06,4096.78452698204,4325.33701068357
2.35045791400876e-05,1.49055344331602,0.0279809727674705,35.8099170748123,7.95803579655074e-06,5968.53225996898,6301.50629438165
1.43881356633184e-05,1.45133607045973,0.0775484850013785,68.3991308935667,4.85049519833822e-06,3103.6936516843,3276.84332261994
2.21009619330643e-05,1.46401087647501,0.0243912256527358,52.0819779659037,7.1797516144659e-06,4085.55276292576,4313.47864604469
1.3742627419794e-05,1.50357009782241,0.0473603066130936,104.406173372444,4.83137762286478e-06,2028.13665520103,2141.28287189351
2.14712199628511e-05,1.63579470674278,0.0947214782879642,32.299009072664,9.21832243477855e-06,6627.61727940838,6997.360520786
1.24533327898476e-05,1.49504929995569,0.016192248480417,35.2381533076717,4.19143527044599e-06,6066.78325362514,6405.23854009741
1.23939975417964e-05,1.35887468102001,0.0563015193787676,19.9768197005507,3.46845263980377e-06,10822.1263620468,11425.8739701252
1.50352387982374e-05,1.54803875144441,0.0728063508888984,45.3655143417728,5.74066341271661e-06,4697.21610640325,4959.26562366018
2.24449142057681e-05,1.37721288731023,0.0630415837788478,48.7824034839597,6.56103692175336e-06,4364.77495527529,4608.27815888686
2.34834340845086e-05,1.16073503178787,0.136653025681525,52.3869955712986,3.76653156526082e-06,4061.53435760343,4288.12029566184
1.40824749768293e-05,1.51950780564095,0.00233440051770614,59.4446266408143,4.82588533127164e-06,3575.20878069354,3774.66346062541
1.38977936857743e-05,1.26150798892302,0.00399439122668873,56.8539496872992,2.89249734034225e-06,3739.57501302815,3948.19939919898
1.39546321801599e-05,1.12353397485083,0.0448623067910364,57.5144004137339,1.606372415413e-06,3696.25381020349,3902.46138181224
1.92740895954268e-05,1.04789391189035,0.0383677889722459,49.7882649626627,9.16049925769669e-07,4275.69364315776,4514.22715529501
2.16551531202989e-05,1.15678879205667,0.0050452890503308,44.5337512346095,2.9499144960811e-06,4785.95039864129,5052.950247737
2.0735885191164e-05,1.57475023397486,0.0310237604223184,82.7351388949602,7.8102965635734e-06,2562.61364669093,2705.57740518523
1.21047060280703e-05,1.27259812227371,0.0125763426009865,40.390156969595,2.625892619181e-06,5283.14111728534,5577.87837186845
1.74682595645115e-05,1.07324065882184,0.00170534074191548,64.7589230439268,1.19409374344601e-06,3279.52189860871,3462.48072164272
1.30223638709653e-05,1.18406487629886,0.0325940116632609,46.7096526315747,2.09252474889995e-06,4560.57348294406,4814.99994588475
2.19089330911646e-05,1.33271515521879,0.0360796378220594,45.5101862784373,5.67420939304776e-06,4682.11704997646,4943.32421713536
2.10599032171564e-05,1.18339477004399,0.137176005335503,96.6137452239836,3.78251445665137e-06,2192.57082190527,2314.89053477705
2.21948146996452e-05,1.27077200515556,0.0141420318199778,60.8564784017652,4.7969311834584e-06,3491.5740385293,3686.36288165196
1.34152703421442e-05,1.43450310275246,0.101019853560669,54.361967999046,4.5199540208856e-06,3912.60017928192,4130.87733855559
1.83335847964967e-05,1.22775139461899,0.0376552055571764,49.4964352194456,3.53393832125841e-06,4301.16204586225,4541.11639589217
1.63032390357312e-05,1.21487780942694,0.130929695016963,54.8705397182009,3.3179481083113e-06,3876.0003860546,4092.23570651786
2.03206606199322e-05,1.56866466467389,0.00270274297534082,57.9549043026395,7.38635998903796e-06,3667.91338009784,3872.53988840019
2.31778783133291e-05,1.52525031959997,0.0198692903844217,46.0494394721741,8.14337699273119e-06,4626.68166759592,4884.7961911841
2.27048309474532e-05,1.18954568470124,0.0504956304853541,97.555968590183,3.81016345964006e-06,2171.28487501767,2292.41708193274
1.96356657453664e-05,1.14498153688445,0.000748558702108167,36.1176339957533,2.48814980520356e-06,5916.96059520959,6247.05753613792
1.991062125572e-05,1.22417233953104,0.0584662744910922,52.9361060932325,3.87239012491169e-06,4018.99940763508,4243.21239481082
1.42246520994594e-05,1.46923665428641,0.0129323971785085,28.7345089625829,4.60244541302996e-06,7464.49409486669,7880.92523829663
2.14483660875969e-05,1.23593824517288,0.0231373980595187,86.2556149422464,4.19133838857255e-06,2457.40970402706,2594.50431752907
1.32866235545352e-05,1.07397436967109,0.021556893158395,43.4510518516541,9.35320602956218e-07,4906.60420485073,5180.33511995579
1.34002263888353e-05,1.24501788088426,0.00163035040126969,103.096704531562,2.64141795218005e-06,2054.02270635297,2168.61306081863
1.64785026404997e-05,1.25033749215335,0.00185801730412145,50.4379614640317,3.30534570072581e-06,4220.06281668493,4455.49278176546
2.33722424329184e-05,1.37138168847149,0.00250311761489033,44.1951452829554,6.34513394847799e-06,4823.04129710289,5092.11038291589
1.79863933634721e-05,1.06926377151619,0.0363729540799537,119.001267377593,1.20906114319371e-06,1778.33999233364,1877.55048764691
1.84859675104357e-05,1.72661467755851,0.0822110815328158,43.1632931624167,8.47615786276198e-06,4939.7016694087,5215.27903449889
1.59803594755568e-05,1.03370273900858,0.197876887987418,33.7475058573316,6.49540630869807e-07,6338.82680343066,6692.45892641301
2.17051808653995e-05,1.36008427997579,0.0554984592346749,23.7497280157408,6.08399633491746e-06,9065.34428538361,9571.08407677074
2.23126914026393e-05,1.37203640844155,0.0232039842540663,33.4195283674697,6.19381033728424e-06,6401.9902456649,6759.14614723671
2.30183957429146e-05,1.49959724515554,0.0257888115733736,63.4172691515988,7.8714907327132e-06,3349.45765225124,3536.31806934988
1.57409393269764e-05,1.88496130136396,0.176154239742436,46.1007785929052,8.97010329915573e-06,4621.47235267533,4879.29625764404
2.02842549020397e-05,1.23796262796535,0.0589981567096597,69.962022232991,4.14343311908813e-06,3033.85829048283,3203.11196807352
2.074960238609e-05,1.61037001893447,0.00127916313847983,24.6864499806351,7.87452125178632e-06,8714.14863046526,9200.29582705808
1.24418098669499e-05,1.0855019926354,0.0413423820371901,65.9967180853449,1.0222567551014e-06,3217.54115676767,3397.04218201024
1.30760278107645e-05,1.52758341589452,0.04259966639098,64.6734709835419,4.7169626679325e-06,3283.88901843818,3467.09147549225
1.72354210384889e-05,1.14262062382028,0.0099620034822578,55.8033331266348,2.1729150059905e-06,3810.62084900579,4023.20875880409
2.2926027836591e-05,1.18037471362826,0.0824265541836874,18.2788911768088,3.817971971418e-06,11856.1880140742,12517.6241232965
2.17813337838566e-05,1.35439246609076,0.0514068423677142,49.1685191340112,6.00806082530678e-06,4330.14421240579,4571.71542710187
2.30527434436195e-05,1.35000013925805,0.0902234487733262,76.7058057617654,6.56917746690585e-06,2765.37088268555,2919.64611474402
2.35601560139498e-05,1.41634946898289,0.20676508441534,89.6454473600035,8.73071966363962e-06,2363.96258492136,2495.84394617013
1.92599937676443e-05,1.02215636828042,0.0237604386356386,53.6264612724478,4.2763417185057e-07,3966.77116015458,4188.07042423787
1.85939905280191e-05,1.69851951428843,0.132220984197497,19.7655789465021,8.81173798876042e-06,10940.8404532868,11551.2109140498
1.31765024623163e-05,1.39195096989582,0.129657024999213,27.9116414171816,4.26295427175181e-06,7688.61904893804,8117.55373376127
1.22984147634292e-05,1.10029111356381,0.102185251471475,52.9892264683546,1.24856523312318e-06,4014.93183623686,4238.91790067855
2.37036426685229e-05,1.55012289586458,0.257878378594497,51.3254822911474,1.13349083893974e-05,4146.36676392521,4377.68535439321
1.36080401915107e-05,1.41297379299138,0.189576007118915,46.2550184726657,4.90754045230472e-06,4605.89215612815,4862.84686902832
2.32929858292043e-05,1.41559399049444,0.00812256718343323,37.1391912300547,6.89425715718422e-06,5751.96582618359,6072.85799590409
1.73922131096721e-05,1.29880397633039,0.0346301002802269,20.5289657518907,4.14472737037495e-06,10523.6629497845,11110.7598031752
2.3338811323355e-05,1.18901987363976,0.00657054723297875,50.2749708926948,3.7346494369336e-06,4233.88254636587,4470.08349013026
2.02967045848304e-05,1.21441190945418,0.0323815536094084,42.0147525797269,3.70335303670096e-06,5076.37571138099,5359.57788357162
1.29216400114764e-05,1.70110947413874,0.042069728514771,58.7852893420212,5.55944385456001e-06,3615.65438071534,3817.36545033012
2.06562955475645e-05,1.11594170191227,0.0291460570837736,38.7187170050793,2.2104843000305e-06,5514.2174734389,5821.8460760477
2.21361751885498e-05,1.15618728711413,0.0525348562138915,49.2566330663092,3.15606988099039e-06,4322.31814274243,4563.45275462296
1.79296946216924e-05,1.41835338339409,0.105630597809294,49.7017377982545,5.91297151468252e-06,4283.21348108154,4522.16651189818
1.77895784485331e-05,1.17097276764571,0.00427436703489349,24.8878546372886,2.60854511348473e-06,8642.16344865385,9124.29471714883
1.26353654310917e-05,1.73589278195964,0.0893906616346567,30.5250015888516,5.88221746183455e-06,7019.27608268481,7410.86928753081
2.0031170928251e-05,1.47449535273929,0.0314148605922606,39.491694086662,6.65499931677479e-06,5404.89071316926,5706.42016596188
1.98052877424331e-05,1.39341303180651,0.0296886954897862,71.2659865784769,5.76275290258428e-06,2977.95324162234,3144.08807376622
1.36234417352937e-05,1.45794359271952,0.0711794026532816,49.1246790199686,4.60701623924144e-06,4334.04855472732,4575.83758589115
2.11043220641529e-05,1.64616826479631,0.063609396367377,58.9290735762597,8.84658611757052e-06,3606.75642161665,3807.9710895685
1.41644393864572e-05,1.74047381653563,0.0604068191912903,59.1929497409369,6.41349883477672e-06,3590.54010934365,3790.85009743692
2.1609207624902e-05,1.28803855442181,0.0147150274900588,59.7920605326725,4.90443729438536e-06,3554.2581213699,3752.54400045514
2.37533389703259e-05,1.48903285710944,0.0170599740202706,111.210222516387,7.9363506917943e-06,1903.48931054919,2009.68166866812
1.69791959749656e-05,1.22749936697574,0.0583085954827836,34.4835905981635,3.34163883856397e-06,6201.50774603943,6547.47907763292
1.44525972797452e-05,1.8708920769316,0.0407046749683421,63.0772032704887,7.01297845866531e-06,3367.66052095751,3555.53644444315
1.88002840104019e-05,1.54240753909981,0.0878276852962693,107.039440620444,7.24777741383752e-06,1978.00775261195,2088.35736501233
1.23705845950674e-05,1.30121623514647,0.100441447039176,30.4199192178798,3.18334393042693e-06,7043.93321115295,7436.90199431293
1.95583207352646e-05,1.66938201640412,0.00214339497523123,27.1989419049172,7.85910724574286e-06,7893.90583462367,8334.29311218897
1.95862125980314e-05,1.66295282608479,0.0404336255158802,26.7954100049191,8.13709013399231e-06,8015.0754635641,8462.22258399181
1.55184434393803e-05,1.55279004751903,0.00683701234422031,97.9060433176232,5.5624779890757e-06,2163.48119762044,2284.17805094554
2.28276796708144e-05,1.08927575867865,0.0169663052704016,38.5793278901284,1.90317610824971e-06,5534.40454335769,5843.15934748825
1.58137250421988e-05,1.11280558716386,0.067840289495117,42.9250757713209,1.71968041772756e-06,4967.44072396826,5244.56560266903
1.3496696826512e-05,1.30691093661813,0.102854828560825,61.9474558818352,3.53284376228753e-06,3429.57963614247,3620.9099193756
2.35747679974828e-05,1.69265405622645,0.0126882380773438,21.7484917385363,9.7708167338337e-06,9919.44290544012,10472.8313734062
2.36317107889485e-05,1.7603614348025,0.0440333473429371,26.025498640023,1.06772572569077e-05,8256.89066528028,8717.52823525079
1.49802511415659e-05,1.2157167752792,0.0215234341862655,24.1895437607112,2.71652371395678e-06,8896.98828141293,9393.33578414048
1.86049633056521e-05,1.56836735751938,0.0649070203399337,48.1820520846055,7.21018646166138e-06,4419.73462087098,4666.3039286412
2.32853059942536e-05,1.71214308266678,0.126820531035143,55.3249216616625,1.10915785067552e-05,3843.87480164046,4058.31789162153
2.28894478151165e-05,1.36893893819979,0.0173603254750351,33.7984776347318,6.27771034495601e-06,6329.12215909847,6682.21287685169
2.21064773079017e-05,1.27330679158405,0.0332858760725998,62.5470608449473,4.90827449786992e-06,3396.43572246944,3585.91696440209
2.03378401786275e-05,1.63353983478367,0.00238114294287098,33.3625127405432,7.90634054416264e-06,6413.09924954441,6770.87490312207
2.22135319490684e-05,1.42867165405776,0.0944771339692531,66.1790048985928,7.3603683105171e-06,3208.61078372122,3387.61359898308
1.56578703523558e-05,1.39079562126892,0.0179869044975618,63.3248633358097,4.48017344199497e-06,3354.38440274247,3541.5196746825
2.02501304497523e-05,1.29195063331715,0.101937203638351,17.007679605137,5.09535653997864e-06,12769.7397092638,13482.1412787269
1.38084026369154e-05,1.62421117376235,0.0262208206777772,42.7177508564932,5.44961447738997e-06,4991.83734063586,5270.32326415033
2.30996926200595e-05,1.33527919766821,0.0552435620863074,46.594587512919,6.13917611048848e-06,4571.95885522736,4827.02048828649
2.02641309650363e-05,1.17834029333181,0.0452590966893436,56.9394373322932,3.21226909039178e-06,3733.91045974585,3942.21883034075
2.28548807245083e-05,1.53767922152281,0.030304175701009,64.928445276423,8.24120265088604e-06,3270.89257001968,3453.3699778197
1.86991398769235e-05,1.10612914812021,0.0016260783534624,31.4892978923904,1.79700427510703e-06,6800.81821880964,7180.22403936829
1.97444723313404e-05,1.3171779377451,0.00111420325360795,42.5237900035704,4.75970058284085e-06,5014.87934099457,5294.65073763479
1.535732021851e-05,1.14675266991737,0.00149644728879,37.3405596329165,1.9682278953981e-06,5720.52203787873,6039.6600133362
2.38482444356019e-05,1.31849591820965,0.00788134308361721,124.566306881958,5.80640626463113e-06,1698.57101852432,1793.33134152162
2.16346538090548e-05,1.72027494829867,0.0168826591443359,49.9984035446336,9.21372854530673e-06,4257.54054363677,4495.06132592331
2.39727446159692e-05,1.47364138329671,0.0505332551636624,52.5746367975272,8.11492816575627e-06,4046.8984761616,4272.66790384885
1.44634608956063e-05,1.73049186826563,0.0147999588877257,35.1671511477069,6.19708154776494e-06,6079.21041841983,6418.35899480289
1.95683829718335e-05,1.33178849366385,0.0206292803693907,69.8102073295827,4.97765924440313e-06,3040.50378878704,3210.12820717038
2.39362366490085e-05,1.54109004889,0.0202512966645147,39.5706522865307,8.57772297945689e-06,5393.96673197647,5694.88675485715
1.87095141660282e-05,1.05668927770862,0.0982641409645473,11.0787380009251,1.11308345861792e-06,19935.4049177642,21047.5664868051
1.79083463320825e-05,1.10903306566861,0.0897099774277005,61.3946354182716,1.93410836799392e-06,3460.71582117433,3653.78313801886
1.33734737702468e-05,1.67372435042366,0.109841172933039,40.852144371313,6.04739293839127e-06,5222.64877132536,5514.01126313463
1.30938673542961e-05,1.42111088586516,0.0640779072153597,41.599418311889,4.14563002399642e-06,5127.68056779037,5413.74494869154
1.31170254343171e-05,1.91057809009802,0.0313206036782883,34.5720554124528,6.45359533478178e-06,6185.40381264966,6530.47673380704
2.39622507398101e-05,1.35103613294493,0.0339529245298456,22.6221557571985,6.44470889065184e-06,9527.56094447125,10059.0869993894
1.35011785277529e-05,1.07840445105119,0.00756265157460976,34.1227462112951,9.89057903362904e-07,6268.07302510214,6617.75791784533
1.94469886916801e-05,1.24707953035393,0.0300195226848821,35.25428864371,3.97212789997062e-06,6063.96624591151,6402.26437642274
1.37167694072491e-05,1.25461704929718,0.0463562167391034,41.5534171143629,2.91901040752551e-06,5133.4268070564,5419.81176065245
1.83685384230986e-05,1.2023779658198,0.0926417633116495,82.4718633031715,3.40728992914121e-06,2570.84440180242,2714.26733980961
1.92428579838071e-05,1.08740766701005,0.0331615992406223,56.5744246284335,1.59979432856243e-06,3758.21738342122,3967.88179501378
1.49613403916527e-05,1.41980748861747,0.0047112814100449,80.6586164646653,4.44462991904191e-06,2629.0002840643,2775.66763759914
2.33459050643602e-05,1.71647242802441,0.00308187185785059,51.6757303845614,9.77470564953231e-06,4117.98710473199,4347.72244337103
2.37352134604845e-05,1.24855744906164,0.0429746732029041,21.4397114870555,4.93715880707097e-06,10065.7717805246,10627.3236819389
1.42179511119174e-05,1.0927426469689,0.0460347866888255,46.7485071481273,1.26490984833912e-06,4556.74173354359,4810.95442984935
2.0939310146369e-05,1.21310441048948,0.00980461187307338,55.0723937194082,3.71472379672574e-06,3861.66291618079,4077.09837413528
1.70155005892999e-05,1.02453341675524,0.0143189178709447,38.8812239690479,4.13364059304383e-07,5490.86750642359,5797.19345498248
1.85188562330185e-05,1.59825734211136,0.0220656021302898,40.7798833983884,7.08822465164166e-06,5232.01901710984,5523.90425863486
1.65799104864858e-05,1.38638510431582,0.0189053111428058,52.4811868825707,4.70977727551948e-06,4054.1742935586,4280.34962644444
1.91230897740824e-05,1.19802040747644,0.0793572191516394,71.5518476696756,3.4332347238728e-06,2965.97172176957,3131.43812575892
1.99382487193225e-05,1.33386442403255,0.0940379747082703,83.9911464093765,5.50840246084365e-06,2524.0617800693,2664.87479697354
1.88490044532102e-05,1.53089540612782,0.0118237983478927,8.81122975226656,6.61468482218114e-06,25386.0235040541,26802.2656043999
2.12053545120098e-05,1.08155409086208,0.122428746586811,79.3232744296792,1.82200704013709e-06,2673.53926068339,2822.69136626237
1.45477684075842e-05,1.12798820647878,0.132716028118433,85.8729490294472,1.90323774157215e-06,2468.42476668801,2606.13389137867
2.32728258570833e-05,1.11556658897242,0.134551758731552,47.6366774323814,2.78569105615468e-06,4470.87507299674,4720.29741764844
1.82648218447985e-05,1.46927706807051,0.0114482172053553,47.036413047526,5.90110842694548e-06,4528.54845407778,4781.18829635542
1.52305781172216e-05,1.22223945690906,0.0986113226534261,87.1109332083775,3.07228622267149e-06,2433.14123974558,2568.88195783264
1.21250691777533e-05,1.26231636132046,0.0193742226185784,57.9052618743269,2.56940577519541e-06,3671.08544701401,3875.88891941282
1.97754948459836e-05,1.22095123033428,0.00327611956887794,45.8174216069242,3.59039293059888e-06,4650.37144638718,4909.80758153326
1.86958937707376e-05,1.13275974743771,0.02227182879779,78.9042684290314,2.24103369408271e-06,2687.82750427162,2837.77672611051
2.37908539311877e-05,1.68996899201767,0.0828136362701652,38.8427438282245,1.05898936433225e-05,5496.37867407802,5803.01208109543
1.27484771254985e-05,1.58230218172474,0.0188229188008537,50.5506396151329,4.78150067828196e-06,4210.56162849722,4445.46153881306
2.04255910527958e-05,1.1490847990207,0.0372633446383289,17.9966559258259,2.7525749241578e-06,12047.5413102624,12719.6526870806
1.35238767788261e-05,1.31252208904049,0.0621580826263894,47.6040591085685,3.43351778694559e-06,4473.97126900844,4723.56634505078
1.71152653695261e-05,1.85435036301786,0.0636723673747306,32.4359564135001,8.42154598395196e-06,6599.19216440638,6967.34961805452
2.22001935856612e-05,1.11160061091212,0.00596096905059256,55.2397158454598,2.24213322578494e-06,3849.85836746798,4064.63527018006
1.37857956990246e-05,1.13081241469712,0.0356046934454228,27.3632012240915,1.65359408483129e-06,7845.62610540433,8283.31994084378
1.31096185622737e-05,1.13564681335775,0.0110482171321008,30.3780803600518,1.58334473107495e-06,7053.79880871324,7447.31797640302
2.14806580957035e-05,1.12328671533939,0.0276427226457081,39.1222120070186,2.42458686733013e-06,5456.60272484109,5761.01710082823
2.08683448244305e-05,1.5083688125829,0.00933691188371853,116.508532292888,7.09944175718301e-06,1816.55256794638,1917.89487639441
1.43822315486614e-05,1.64018160966736,0.0387401235283945,34.4415765670524,5.83969435790162e-06,6209.18529213116,6555.58494066845
1.70556834770646e-05,1.2561080829425,0.0281040829894063,26.5191598348147,3.57798057933717e-06,8100.1938293768,8552.08955539676
1.26739543413911e-05,1.30331840849875,0.040027730766347,45.1431402718186,3.07252836091227e-06,4720.61558461595,4983.97051806639
1.65107481291108e-05,1.15273961501436,0.0977584290162222,57.7446875023269,2.42469061090019e-06,3681.38355858295,3886.76154471588
2.23860828251615e-05,1.15555417733098,0.0217765541697755,41.6917424658323,3.08050158633641e-06,5116.18663018687,5401.6097842992
2.36726716174185e-05,1.39547157618789,0.0371306361479818,33.5091843451305,6.96728203033108e-06,6384.59918803865,6740.78487275173
