a,Rstar,R0,psi,pi,mean_nz,meannh
2.09941473966083e-05,1.10964671762688,0.127545393011926,14.943419744617,2.37769258036759e-06,14681.6952568115,15502.4293923382
1.87177884952901e-05,1.08892717975667,0.0624963734306998,18.2662371734576,1.6304539712268e-06,11934.1613773577,12601.3032468729
1.43297898093564e-05,1.09759480822099,0.0154064737153743,26.620533609998,1.29408018303503e-06,8116.0304962084,8569.73173143351
1.73785138837416e-05,1.63814340552112,0.0172768465230259,69.3139553079828,6.88874457650563e-06,3080.37637553259,3252.57515758378
1.25636243620031e-05,1.01993132237396,0.0156220840993113,32.1882028442482,2.49409346591621e-07,6689.76864492751,7063.73918372622
1.61692528159171e-05,1.16049762083929,0.011703120933473,25.2080770590304,2.2626623802773e-06,8580.11300861515,9059.75732145977
1.84864217105666e-05,1.23835591999817,0.0375118083651266,45.4993648352116,3.6968301739608e-06,4710.68593908131,4974.02206507508
1.37864085319368e-05,1.27730436236026,0.119414751330315,51.0791443231886,3.398873839039e-06,4190.97751811068,4425.26097449442
2.02591083978871e-05,1.40484508110964,0.0996665524274308,63.6118807912046,6.48436258840502e-06,3358.69544819432,3546.45278526971
2.37948013830911e-05,1.83067956166329,0.0348258516775069,55.1841910043451,1.11863064596798e-05,3876.34991233255,4093.04509900191
1.67610083030658e-05,1.3749259636213,0.0940309626028322,40.2625576052893,5.04480898570896e-06,5331.15415284173,5629.17560870612
1.80492649221746e-05,1.48287336831433,0.0553471992576204,44.7818426719845,6.22168522360031e-06,4787.02211518264,5054.62557573185
1.68515761116156e-05,1.30898806923658,0.153501425964516,54.7517420727988,4.6990633743756e-06,3907.25063293955,4125.67322749818
1.4783524553231e-05,1.38779216407889,0.0150827239335855,32.3021832552779,4.1941724550095e-06,6665.78826345557,7038.41825422405
2.28804940682938e-05,1.07449387031687,0.114354777830152,52.1873534000727,1.79106311411059e-06,4101.11468071491,4330.37463695947
1.57618368213186e-05,1.54602245533587,0.0160903642844786,97.1372391768574,5.65769227322075e-06,2193.47163937629,2316.09079324482
1.20415757326148e-05,1.15758544810397,0.0704760620129554,48.9803815913198,1.76351886875105e-06,4372.42159700154,4616.84811565636
1.29327015089672e-05,1.18202745537909,0.0667795642980333,57.8271629167905,2.13406804465904e-06,3697.62807212692,3904.33237474269
1.75188032690082e-05,1.35037085099969,0.00549038843740652,80.5778359481016,4.57048935386317e-06,2647.07336448454,2795.04970042354
1.87480630165022e-05,1.13387577395979,0.00459462312948648,43.6812144047595,2.22374382491011e-06,4909.04732855232,5183.47222601707
2.15938214700557e-05,1.71271058594205,0.00915524239142676,37.5276923908233,9.06867037515583e-06,5724.95945157318,6044.99535779679
1.60942645722069e-05,1.57682523160743,0.0256939906412554,22.14411755051,6.0426744987473e-06,9795.12653407859,10342.6923681121
2.07584428475099e-05,1.40928021261831,0.0261196596301337,41.3708482458799,6.19017944663533e-06,5186.57516409267,5476.51438495146
1.24850818256987e-05,1.30808134761216,0.000479190755368508,20.4188902485168,2.94187878589964e-06,10643.8504732472,11238.8615577324
2.26586878321515e-05,1.20668643487798,0.157669694768112,17.2467993510859,4.60742014726544e-06,12661.0562925456,13368.8329429495
1.61902164717587e-05,1.19210983478201,0.0375858728375972,56.4161652444843,2.71091962746415e-06,3790.93953696548,4002.86012442366
2.0207897059598e-05,1.20365052782993,0.0530434004810524,31.4112248382047,3.61049559889641e-06,6857.95023131074,7241.32243432448
2.12244504934307e-05,1.88497437908795,0.0145411518112315,87.3587871067572,1.011145816117e-05,2440.41507328898,2576.83882548293
1.35500151897138e-05,1.45153801369367,0.0871112339968509,24.3682342715601,4.61722656969501e-06,8882.10514705498,9378.63138343382
1.22923135106564e-05,1.90101584529857,0.020114353341235,50.1048252953733,5.9456511272163e-06,4273.30061908545,4512.18609028632
1.76913159179594e-05,1.51340393432747,0.0254593002391689,29.2605178002103,6.15823895619315e-06,7370.88644279761,7782.932736286
1.56025332965646e-05,1.11482595388947,0.0536492867912235,47.3135758104966,1.69812162624172e-06,4528.1140892913,4781.24410851825
2.03461664813943e-05,1.31271735024615,0.0424012359148637,9.19596992704024,5.06139747607846e-06,24402.4770982344,25766.6210608765
1.68664643401075e-05,1.6040684159383,0.0183299091550085,22.5961659668757,6.47014808073889e-06,9594.6664442125,10131.0261855104
1.8776772667137e-05,1.11947916088413,0.0448213212069636,13.5357755649563,2.09799234137382e-06,16268.5519682709,17177.9943523005
1.89725216448326e-05,1.37177671398139,0.112965980685919,65.0388183600405,5.79660796826602e-06,3284.4325042024,3468.03840426232
1.58362900649244e-05,1.15460079152261,0.143508564868032,48.9534947313446,2.47572313765947e-06,4374.84802734318,4619.41018797763
2.37046674961215e-05,1.14183597369096,0.0419544323925722,95.4298549072907,3.07340342462896e-06,2232.92358660235,2357.74817786997
1.59762458292609e-05,1.24038206582188,0.0346409493260923,32.8656755419859,3.20719383987823e-06,6549.71704786705,6915.85844129584
2.182905897089e-05,1.59143534975593,0.146204424716257,58.3189028590252,9.50139956859919e-06,3666.1787992968,3871.12502893137
1.40887948676851e-05,1.57962823139542,0.0258394455199381,27.7703970619571,5.30678638824607e-06,7773.73753340456,8208.30395388181
1.96019822430136e-05,1.07136967108577,0.00501486855410595,41.82803321263,1.31234851870756e-06,5129.19385024202,5415.92534868218
1.85570239833361e-05,1.69391348578898,0.000242728929525163,20.6071425474733,7.60360949549039e-06,10544.1565619836,11133.5945709726
2.14259371782057e-05,1.49712537983429,0.00623150565767609,35.8457521655196,7.15901022662901e-06,5997.41919743201,6332.68611138815
2.32130228126999e-05,1.16959647828998,0.0389442440368523,20.4834123167741,3.50229997083731e-06,10609.469433516,11202.5585537846
1.40357628427874e-05,1.60823767366777,0.0492272220894873,38.8142648348946,5.5831054575418e-06,5532.69618718559,5841.98421849894
1.91446717670979e-05,1.11848325637023,0.000291709833855575,20.9874311910757,2.0285874899115e-06,10348.3569489257,10926.8493945211
2.27694869188853e-05,1.40636606241145,0.0281820189016292,73.712452262816,6.76981976392624e-06,2895.30593401842,3057.15893336735
1.38616664209105e-05,1.21399666306029,0.0539677240986281,46.8553670268111,2.5828106619035e-06,4572.87658202209,4828.50890804214
1.81633229875183e-05,1.37124531867242,0.0533881999846729,32.9624438085332,5.19470344396967e-06,6530.18970789597,6895.2394866161
1.36765454728324e-05,1.36173223698155,0.074010644030238,36.4936200702291,3.92337087600514e-06,5889.4545162457,6218.68600324802
2.00219687857674e-05,1.89284313665174,0.0103626501859132,14.1370875160644,9.54294480980533e-06,15550.5500658361,16419.8548049688
1.68219282062827e-05,1.14830567885076,0.0468906632504813,14.4006586083638,2.2794265672603e-06,15255.4382248398,16108.2456618921
2.17876579763107e-05,1.14525469293971,0.00447073909910868,7.80709367551264,2.7757164566942e-06,29054.0838464846,30678.2612982133
1.56905113694854e-05,1.41109078465207,0.0112672935916587,77.1401426765135,4.62310831190217e-06,2765.8111256982,2920.42512384852
2.35464663086236e-05,1.54523087515519,0.0827374602077277,19.7612983226777,9.05748541432887e-06,11007.3983632807,11622.7324525708
1.78886492097136e-05,1.64959592890554,0.147038972134954,13.1888602370231,8.25856043363189e-06,16713.7914970395,17648.1236007747
1.2755526856455e-05,1.81312693072639,0.0409737155324344,20.6988094696151,5.96474855784079e-06,10496.2851103611,11083.047015959
1.34876756060505e-05,1.22692207441111,0.020909940436899,49.1706402392518,2.54781699163238e-06,4355.32813657711,4598.79909892735
2.04376682038559e-05,1.18880228399085,0.0241943784328101,26.7298850837764,3.32626242154468e-06,8082.18683260949,8533.99614394564
2.18146462047435e-05,1.06971305786028,0.0430362578955751,43.5554650532294,1.48555794895506e-06,4923.38615712024,5198.61262183341
1.39871070225304e-05,1.07879593130005,0.0677784922238892,29.3039811062386,1.09588938870816e-06,7359.76202520297,7771.18644300888
2.30675076679504e-05,1.72303827651089,0.0477117359457185,52.7743147921435,1.01645431541899e-05,4055.06254903096,4281.74810526069
1.41052084751045e-05,1.37782326321103,0.00575158022596754,30.8831025236391,3.89021505778923e-06,6977.17719356951,7367.21440604498
2.25405591395851e-05,1.1958772653906,0.00232047284621785,14.4483062205706,3.70050699691665e-06,15203.2806619407,16053.1723939911
2.38810638891868e-05,1.21182003281702,0.0241015114132226,36.8167306924456,4.27727581052194e-06,5837.04928149788,6163.35121818019
1.67902918564416e-05,1.29495206114877,0.0171319913711816,67.0918206516151,3.89092931939848e-06,3183.17074487944,3361.11592381376
2.27446074786354e-05,1.8122683425076,0.0543706862184887,30.0615215293145,1.07801257795321e-05,7171.12509021906,7572.00435168884
1.32127340329746e-05,1.32586120478027,0.0106165427750377,31.0813035628374,3.28213793236457e-06,6931.94919746926,7319.45808064545
2.25158015892534e-05,1.09034068968375,0.102480211478498,19.3447542709292,2.07851692020667e-06,11250.8186870092,11879.7604261974
1.50032991419574e-05,1.35179012915741,0.00522723345142422,34.764161992392,3.9249190149289e-06,6186.76153737903,6532.6130411238
1.47221747932993e-05,1.26969993710195,0.0147549929895385,58.9874378705622,3.17395645455135e-06,3624.27084299865,3826.87433974834
2.2467119375716e-05,1.0822492549574,0.0472470017572683,23.8353161855508,1.79209680829037e-06,9085.01080261569,9592.87984341167
2.00852885216111e-05,1.43013415531012,0.0971051401207949,38.6191069240089,6.69049224132369e-06,5561.02510193274,5871.89677239325
2.38196820345232e-05,1.36236406808511,0.0764250942146852,23.6686615108696,6.85968754455348e-06,9150.38048861667,9661.90381672696
1.9619476503225e-05,1.11378021171779,0.0195886354668813,56.7580228211159,2.04426695815003e-06,3767.9022919842,3978.53505450024
2.29134681036137e-05,1.27227587943071,0.0319641660090729,74.4635061318971,5.06543698367586e-06,2865.90498446085,3026.11441591816
1.94108783836048e-05,1.66473558020204,0.100199794368584,72.766228101988,8.61376419470873e-06,2933.21707682879,3097.1893797375
1.99449294452732e-05,1.31121609004722,0.0151359321212309,34.2291934004129,4.80656873185847e-06,6284.90216731263,6636.2399152315
1.23138417200167e-05,1.18822291761353,0.0143451151215636,24.3982583764762,1.97896369495851e-06,8870.94303000432,9366.8452832308
1.91062792744031e-05,1.57877324276832,0.0118938517448154,29.7758293868436,7.0884743732995e-06,7241.11903079389,7645.91108402953
1.77245900675515e-05,1.35582958712084,0.144719803866376,48.2918209472992,5.4387028789668e-06,4435.42182351593,4683.37017228245
2.01607643662244e-05,1.35943530977993,0.0132181563320603,25.6705508136704,5.40180785425754e-06,8422.42352837105,8893.25270529396
1.35222095441613e-05,1.12280144330703,0.0296337592828768,21.9229639792451,1.52407527997969e-06,9896.2801483427,10449.5006579914
2.07746329190629e-05,1.08017079084253,0.00317025281451492,33.9290251454992,1.54677468733504e-06,6341.34438396875,6695.83735702234
2.11746951507535e-05,1.13341076567126,0.0597166268413283,34.8178339617872,2.65064825577832e-06,6177.08427413658,6522.39480082506
2.2717192152394e-05,1.44619838983231,0.0193204575016727,29.4229103097271,7.14689726483884e-06,7329.49309925458,7739.22542767047
1.97418449891154e-05,1.24302521174736,0.0177539311602544,71.0944655702725,3.92943466594425e-06,3002.68150952388,3170.53700372083
2.32231777614048e-05,1.18541005525361,0.0168165737865879,82.9613967702475,3.69437935927662e-06,2570.55735140761,2714.25629956897
1.65078752650581e-05,1.26932131600551,0.039675216755147,30.547516384511,3.64724271446978e-06,7055.11621092636,7449.51035977159
1.30438048501275e-05,1.21737789735326,0.00964121531828388,32.7725773518967,2.35177612187079e-06,6568.61433802922,6935.81212520776
1.36454688849254e-05,1.34410555406167,0.101957402090249,29.6275417989364,3.88994124682352e-06,7277.99061225374,7684.84385563164
2.34409157344988e-05,1.18690548918824,0.0446535643732885,30.7973077065178,3.86374868088373e-06,6996.93849404174,7388.08040005405
2.24398120731069e-05,1.12950794001099,0.0225680752860171,30.6047328354772,2.63226619504871e-06,7041.70492989594,7435.3493631293
1.2197856088981e-05,1.4211916301163,0.0466313578175811,33.6314430738479,3.79178842260247e-06,6398.31007952414,6755.98754115881
2.23515770001579e-05,1.07793524608531,0.114853783342978,28.1259573280728,1.82567438108474e-06,7673.66353872306,8102.63563633249
1.65947480961392e-05,1.0813416149969,0.0128195075781677,43.6264517809659,1.26449367930357e-06,4915.28146963953,5190.05486721319
1.68014523774851e-05,1.26690396744597,0.0298399340770987,59.0028558614396,3.64843988492982e-06,3623.31564697044,3825.8657464814
1.97368379505398e-05,1.29270902037312,0.100917277077595,40.6016070415874,4.97053886958727e-06,5286.07583681764,5581.57733077805
2.0864396327435e-05,1.24219155840235,0.00166599309606859,43.3514990889202,4.07465940293969e-06,4946.82277304179,5223.3593882772
1.48174300234281e-05,1.36874024969406,0.00427561117216137,47.5141794761352,4.00891433446158e-06,4508.79172890529,4760.84159216453
2.2009823481367e-05,1.53886763089924,0.016912773845629,25.0953027364628,7.83962982998666e-06,8619.46534032945,9101.30952188034
1.89105096567878e-05,1.68387546837949,0.0611535401682146,23.0953149767006,8.18025302309806e-06,9382.64240271154,9907.14960481909
2.30240248796912e-05,1.75542976082615,0.00826814402574671,22.2342085711622,9.99050627381561e-06,9754.51014406392,10299.8054461756
1.7411088252808e-05,1.30686343707017,0.0399846366014371,24.2453347184142,4.25848103636297e-06,8928.09012597447,9427.18700840341
2.36092371188644e-05,1.12207455550751,0.02495371026095,44.5898600725929,2.63420525800819e-06,4807.8682590329,5076.63705788622
2.19522365734829e-05,1.49871743913672,0.0545147936696388,69.81577168435,7.72589059029722e-06,3058.07499896225,3229.02709248733
1.53920667370828e-05,1.26828555172406,0.0187056541078625,42.3551928374419,3.31795920535356e-06,5064.58626930845,5347.70608352834
1.20103963190708e-05,1.56309055050543,0.0675383638148619,32.2292122393065,4.63996524424731e-06,6681.12081528286,7054.60792428253
1.7929101026617e-05,1.12727626091512,0.0461476164548025,24.2134116148742,2.12219938658465e-06,8940.1127231719,9439.88169119757
1.55011252036924e-05,1.77976627601203,0.0507595117089756,58.2433818828061,7.1545312864114e-06,3670.97393291509,3876.18821945835
1.90726177136907e-05,1.03609676973946,0.0713062521927015,26.0952109260744,7.15478944573418e-07,8282.64795667371,8745.66341855908
1.22785611768253e-05,1.94741964270111,0.0772633062638632,65.6454336721428,6.47360969264828e-06,3253.8476182347,3435.7437661505
1.46059500842756e-05,1.54010600324766,0.0264983495385563,10.8882764813189,5.26156490958642e-06,20420.4290551096,21561.969108521
1.20750344895842e-05,1.56095533364491,0.186803513854942,31.1723115090002,5.33609694503371e-06,6911.37773148062,7297.73663135724
2.28681399839474e-05,1.32497862757041,0.0388420878541834,25.2551570420326,5.83541286829349e-06,8563.79068920079,9042.5225539609
2.13824546327451e-05,1.2330403527706,0.0337809505234658,20.9701420889698,4.18240542064247e-06,10357.1006580956,10936.0818933342
1.77572714729346e-05,1.40438291126147,0.0829967032120202,21.3884908240932,5.57575864754123e-06,10149.5915182608,10716.9726057292
1.37477378824241e-05,1.41464287522939,0.00305909234226239,77.0439512828145,4.0418782043066e-06,2769.28696912961,2924.09527340765
1.93665183825586e-05,1.44991630235215,0.00651212647910486,38.1237596568331,6.0488009729644e-06,5634.24906349368,5949.21408991482
1.57519188829986e-05,1.18915145533608,0.100499478912268,22.3419440099729,2.7854593337983e-06,9706.37914226342,10248.9838316452
1.56268450495647e-05,1.16797074237419,0.0143962321563791,32.6442659803278,2.28015163188609e-06,6594.83872358185,6963.50250280217
2.31430955542596e-05,1.17752464637168,0.00894145524293981,52.2554325716119,3.52046988213913e-06,4095.71973262705,4324.67810121584
1.45058122990234e-05,1.55257391651512,0.0663154941182341,61.7493311918547,5.52933724260294e-06,3460.83551337144,3654.30267050708
1.38400221571103e-05,1.103762328924,0.0102712840163842,11.1652439232702,1.31455475261787e-06,19889.3387857279,21001.1899029843
1.3186988461867e-05,1.53599715687762,0.0906922033153332,46.2348257907846,5.06057968989069e-06,4634.92739372761,4894.02847580159
1.34046714550853e-05,1.28897160303534,0.0192689843744581,5.51277186408146,3.06416480323007e-06,42426.8951703852,44798.6377056754
1.68466189700207e-05,1.17724447805384,0.0207566254820781,58.5678705576775,2.59012466914117e-06,3650.45917151817,3854.52664465425
1.61846003383957e-05,1.4924308690946,0.0103146321445758,40.124954887413,5.39571186100584e-06,5349.66928917681,5648.72577567958
1.80978203972653e-05,1.61286802383383,0.198371387108905,40.8594939947789,8.57848246865395e-06,5252.29568324027,5545.90880364032
1.79515108450027e-05,1.24903234119755,0.00051725779737329,65.0140540243483,3.58096410586809e-06,3285.69331546108,3469.36969722087
1.47661780401282e-05,1.56400230078739,0.00839381508661527,41.9992386638583,5.36989599848323e-06,5108.03126687252,5393.57973744952
1.79815547512248e-05,1.07031495524746,0.032523668617158,38.1887769508913,1.22099788387021e-06,5624.52822169659,5938.94983493898
2.38399752255622e-05,1.05502724428567,0.0893815490415969,12.6665258528212,1.36543809586051e-06,17432.1419321818,18406.631164442
1.86463042293303e-05,1.74508409268766,0.0426263322001444,20.3464944796513,8.31556188863086e-06,10682.6933723448,11279.8758473033
2.36535539716948e-05,1.19623606281805,0.0671243410853317,91.0568151574299,4.15933050472206e-06,2340.75486878215,2471.60742975045
1.22550779617941e-05,1.76267624389076,0.0231638436532176,61.0332655315131,5.42820843415603e-06,3501.77659763104,3697.5324377021
2.3956655830686e-05,1.58151926058082,0.0136466336310662,32.3481198513713,8.930436343403e-06,6656.17218607727,7028.26462019332
1.48872731257277e-05,1.5599594603539,0.142066013460749,27.4389837981097,6.2286879504725e-06,7869.39474173187,8309.30857848566
1.64074457287928e-05,1.4727234416489,0.181191942344749,67.3165117142842,6.43184377742214e-06,3172.4659543457,3349.81271553255
1.21690391564397e-05,1.3702032912018,0.0618792238085258,22.7571758478543,3.50466950267072e-06,9525.23454582494,10057.712914563
2.22047482749056e-05,1.28113054027322,0.0304359818688188,14.2948343482972,5.02543885001517e-06,15372.5694322611,16231.9247221727
1.63060951035256e-05,1.39659812931904,0.204029218379299,34.5991383160101,5.81731399622455e-06,6216.70681462443,6564.23231519336
1.21258498800248e-05,1.67737594328743,0.063890114921119,17.0921005053731,5.23093030930218e-06,12779.1746718074,13493.5543598169
1.33057077060984e-05,1.46734786013999,0.102238610591438,44.322996347679,4.72038651062361e-06,4837.14869950391,5107.55432956627
1.34290617075171e-05,1.71413555254602,0.00732710053832965,32.5307171819223,5.63597557742073e-06,6618.22119941213,6988.19210262265
1.93870958657116e-05,1.32814807581824,0.00730802267883981,70.2999149693911,4.82517549980204e-06,3036.86297741526,3206.62927939089
1.57334541950813e-05,1.09356801742196,0.191669375709789,63.8509633266987,1.66535969608164e-06,3346.01941627461,3533.06813953412
2.16506658994211e-05,1.08323564602395,0.0547832099128932,63.990425411595,1.76001451940001e-06,3338.66929764139,3525.30713556668
1.95172186418083e-05,1.31542677516795,0.0589539999855718,31.648809713147,4.97312998105948e-06,6805.63278206293,7186.08034212976
1.22428876304124e-05,1.22523769766408,0.000732370295502872,26.4085693947803,2.25225431793124e-06,8182.44611143295,8639.86010336588
1.31364057078352e-05,1.23918517353644,0.0347064036508974,51.2410345930132,2.62669243580699e-06,4177.60525489423,4411.14117683463
1.52161821826547e-05,1.56941873948694,0.0155250908571386,25.6074199779873,5.60773159030276e-06,8443.60671199161,8915.62006837013
2.3849666109547e-05,1.25891512907465,0.0217189296541912,38.0448232715381,5.01382293496662e-06,5646.09622993876,5961.72353505052
2.0649124527555e-05,1.90659984569336,0.0586465417782923,21.3243427250381,1.04302615651001e-05,10180.8687105561,10749.998251383
2.38561942531206e-05,1.72696501039888,0.0484636352730992,65.8393824755251,1.05534539712605e-05,3244.1887494097,3425.54494855142
1.77838502471829e-05,1.6346428573724,0.00831115012624648,23.1743697000995,6.96224118930847e-06,9349.91897152205,9872.59687282074
1.29564703425122e-05,1.31181423815585,0.064128802830169,48.6724899602542,3.29069866819443e-06,4400.36967262219,4646.35854080702
1.64455876876367e-05,1.85774766976261,0.00866536329737433,35.82598491353,7.65939920593308e-06,6000.77560288331,6336.23014616143
1.34907018436566e-05,1.12106167433749,0.0622730690670114,42.9804582219503,1.55356358589219e-06,4990.03422266466,5268.98643849187
1.59191231133007e-05,1.83712074497659,0.0412189150724369,43.9194896560714,7.56558883317279e-06,4882.10532208834,5155.02411116452
1.21635930616613e-05,1.19842174881919,0.0150026084025639,46.7214227537825,2.04456544404671e-06,4586.12927532765,4842.50245161011
1.75881015603393e-05,1.24673820739384,0.041625579077507,99.4635045819796,3.63192480525431e-06,2141.91035835341,2261.64714048852
1.20529929458667e-05,1.09695865107611,0.078188751107691,36.1326745290945,1.15569566811816e-06,5949.12025678863,6281.68716992045
2.34965012553697e-05,1.61110951217093,0.0356857401031472,23.3687986484617,9.24204036573415e-06,9270.40115319701,9788.6338602085
1.56826155563369e-05,1.41874273120891,0.110746401089224,24.6084709412564,5.20509375042052e-06,8793.57101502558,9285.14802837229
1.55675015508626e-05,1.19438066513231,0.00153587006239829,13.7473348219332,2.5374061007567e-06,16008.4949726179,16903.3996857735
2.01222720331326e-05,1.03520777417017,0.000420669226641554,36.2051200124337,6.84639406299387e-07,5937.04794676519,6268.93999526064
1.24049766044933e-05,1.19132681654898,0.00495133128093585,46.5054075590488,2.00212476892229e-06,4607.66481831771,4865.24187160141
2.39891064218637e-05,1.14112352740938,0.024760788595415,75.0549921262548,3.04199827496401e-06,2843.16749040735,3002.1058535582
1.95790805657543e-05,1.27277990724505,0.041497101760691,38.9451516192893,4.37773003584025e-06,5513.85795767209,5822.09289683606
1.58742063515056e-05,1.20971675321683,0.162075011131578,27.1286111215414,3.2841864581607e-06,7961.13877032499,8406.18126931294
1.86931336880866e-05,1.14270755827589,0.0631410080400753,19.5727866782075,2.49178759669497e-06,11116.2429390065,11737.6616429956
1.98206753251841e-05,1.63248215368281,0.10581182208115,27.6881242513321,8.58774795302037e-06,7797.26660285346,8233.14834217749
1.89215517046116e-05,1.2881097431862,0.0595768035021053,28.3020996349771,4.50017739835841e-06,7625.03594314868,8051.28966751044
1.67851642608214e-05,1.60110480843563,0.155744577447063,8.6745913280681,7.46402258380983e-06,25962.6538143198,27414.0145639845
2.20884955410752e-05,1.5516263778158,0.069379503174521,76.0878361089174,8.43802510762091e-06,2804.31686522848,2961.08340600371
1.56389024174334e-05,1.69917851642565,0.0686366507314261,59.532838616206,6.90921455866792e-06,3590.78481995547,3791.51638558998
1.48676618548539e-05,1.03396139035244,0.0158508794197621,24.8559328339021,4.96199517153266e-07,8704.2010661769,9190.78213277308
1.32427121682381e-05,1.27962944481323,0.0138407072621197,60.8096554139126,2.93442282678683e-06,3514.76072902473,3711.24240624665
1.48504021976637e-05,1.39528060374999,0.178213258509856,21.6349086589679,5.11934859103814e-06,10031.2101447303,10591.9734927233
1.49575764871202e-05,1.1030572557853,0.0119573760630028,33.0737327944757,1.41435844274588e-06,6507.87563759637,6871.67801818727
2.09294598639691e-05,1.23231714652762,0.000323198872360811,29.0847399581942,3.94682673761727e-06,7416.22189298296,7830.80252265431
1.36391556784362e-05,1.53247857343729,0.0300295912795278,53.5146034969094,4.88574228065573e-06,3998.43482623461,4221.95478719056
2.29762391158417e-05,1.28526952071992,0.0328325785310084,28.8834643703822,5.27263917418467e-06,7468.82337270716,7886.34452315855
1.76163239172818e-05,1.04146835463922,0.0235313874255681,48.0597456169169,7.18323182706167e-07,4457.06675935321,4706.22510038508
1.58134891898939e-05,1.12549720790701,0.031911803239544,52.8443185805586,1.82135793704035e-06,4049.63909473833,4276.02146976231
1.37675541191222e-05,1.25737851062534,0.00297896395591142,41.1706727901641,2.82652429487265e-06,5212.10533899644,5503.47174422752
2.05701687862286e-05,1.18465395139881,0.0215538703195142,22.032106064317,3.27686743416339e-06,9846.09972971476,10396.5150604122
2.04955077856863e-05,1.73427037916983,0.0213683031290577,31.240597800389,8.86685134113845e-06,6896.02228177005,7281.52278338111
1.61193318600319e-05,1.30973070712408,0.0106948964265924,27.6413294542607,3.85311477384556e-06,7810.71303382211,8247.34645370509
1.20208839928871e-05,1.29878330310047,0.00328580215448439,34.9496675563471,2.77447072556236e-06,6153.44219320483,6497.43108349395
2.12355039082244e-05,1.58499077493331,0.0354018282548073,56.3154050958167,8.12510018862906e-06,3797.78345484187,4010.08663006826
2.39169353524558e-05,1.46045187301234,0.0451040449254489,23.4319804691926,7.8965143767063e-06,9244.85138476223,9761.6558120865
2.37815140608111e-05,1.51766532732434,0.00492740075389407,34.3598498994899,8.15168523542175e-06,6260.64680457506,6610.62863249832
1.46604488047427e-05,1.84428774437738,0.0162555019139578,20.901214566224,6.8221338058289e-06,10392.107143858,10973.0453069123
1.7032242019387e-05,1.89835340604876,0.0360130544890805,52.5772115158338,8.36109216777099e-06,4070.41120371502,4297.95477835566
1.70787390056765e-05,1.46925908560837,0.0646052005972365,15.8657993373452,5.83132237533531e-06,13799.7385339902,14571.1696445041
2.13422706374517e-05,1.16126664438835,0.0532256406198107,46.0469236996584,3.1303786025836e-06,4654.05014229592,4914.22022166486
1.41564742761673e-05,1.24611794776386,0.0178473560441533,62.9461673457054,2.84678039026823e-06,3394.50267020971,3584.26169775016
1.88787752641104e-05,1.63705254648897,0.0270280673423153,49.0339216279467,7.55053322623677e-06,4367.59783299274,4611.75469424666
2.37998690703437e-05,1.12751835003937,0.0146972658394046,43.7290734925272,2.73176564170391e-06,4903.61201681385,5177.73307021951
1.92938553048084e-05,1.62301722811615,0.134296956000168,49.5232481819416,8.55493558138391e-06,4323.99952753871,4565.71916223866
1.71635757152271e-05,1.20547198140645,0.00760082187279429,39.129985374206,2.94787688469343e-06,5487.47272529502,5794.23268077986
1.77990053410996e-05,1.73989051787148,0.000829975066849855,26.3206102539405,7.57520073740999e-06,8210.32696307395,8669.2995465911
2.34902729360824e-05,1.14396880813258,0.150533142373364,20.1403321122493,3.48003468654245e-06,10794.8766338528,11398.3303622697
1.97731345280064e-05,1.70590078871104,0.0606470663475886,65.9991214149572,8.7101821308936e-06,3236.2765298963,3417.19042121669
1.66889516833825e-05,1.20009953685765,0.0552371901111988,55.3503635382651,2.94528507583396e-06,3864.60562145949,4080.64428037449
2.36842112232707e-05,1.17906729500654,0.0408710027487303,58.178830126774,3.75015131308256e-06,3675.08254048895,3880.52650585516
1.83611396697946e-05,1.3050606063461,0.0687965893953407,20.2476249748069,4.6089480574505e-06,10736.2007247868,11336.374360499
1.69672444105251e-05,1.09393614986337,0.00813483444942232,20.2017581145445,1.46889930861192e-06,10761.20596185,11362.7774369306
1.31915785363633e-05,1.43117924304033,0.378712036591861,23.5550552040285,6.39671100036947e-06,9195.48409875708,9709.52880275962
1.2113490562507e-05,1.63929187741405,0.0181961810068858,9.70285517451361,4.81151772676524e-06,23055.6805914751,24344.5361185945
1.75702565797297e-05,1.19481302634884,0.0787556363246071,42.5044971311813,3.10965998678115e-06,5046.58257743034,5328.69595171046
1.66668983355621e-05,1.17470438685412,0.0228119847565266,14.8847356029331,2.53655591948243e-06,14741.6390747031,15565.7241814015
2.22219119916167e-05,1.22061361182054,0.0175237629051741,28.596317353594,4.08793149489907e-06,7545.17149180281,7966.96064444529
1.54826198565206e-05,1.14001363670997,0.0184402527137652,36.6245589007164,1.93722977159584e-06,5868.10458282179,6196.14256874362
1.23622279282892e-05,1.23580784526684,0.0495511215951739,23.0667699527576,2.48181600424784e-06,9394.51452207562,9919.68539778848
1.60311634857003e-05,1.26206169647343,0.0348737551311576,14.5478784963058,3.44902713856557e-06,15095.4273840684,15939.2899168179
2.22939554472752e-05,1.10493928825397,0.0312050090983643,57.8850489694781,2.18547034481186e-06,3693.89797281106,3900.39375592115
2.03014052829333e-05,1.54433807908459,0.0340150194112788,49.2409746934417,7.40751983527733e-06,4349.0428471543,4592.16245010831
1.69472936262488e-05,1.87126937047301,0.00437169376190634,26.6845396904293,7.92522952411251e-06,8096.18665788385,8548.77858555232
1.94502640561173e-05,1.58992592015841,0.0706282065410005,33.4947101511929,7.76510366352859e-06,6424.8292797183,6783.98921408283
2.26796106088087e-05,1.23520783493847,0.00682626325163853,24.3078673157998,4.3482267491807e-06,8904.63312750142,9402.41871998549
2.36915496626375e-05,1.26524368552239,0.0153808673662347,18.7269442796458,5.0441220777757e-06,11632.3582466456,12282.6287585109
2.28975596812991e-05,1.21271198646734,0.0202823333919328,26.9935584101456,4.09932514542451e-06,8001.73083008621,8449.04250088945
2.31307040059827e-05,1.45724687604502,0.120884921579361,32.9450945560761,8.25560330767852e-06,6533.68212633137,6898.92713775286
2.36340704401452e-05,1.66027414756446,0.0933232724766938,48.1140739503881,1.03661803637636e-05,4451.98080894538,4700.85483586786
1.97177038382906e-05,1.59657725894469,0.012332005890549,68.0040945221178,7.45956330110816e-06,3140.15068136643,3315.69095854929
2.29984733099369e-05,1.41024217080434,0.0684219774137418,38.2894563186204,7.18150433403958e-06,5609.54149893074,5923.1253264312
1.71288070342876e-05,1.40545429130707,0.127657086746438,36.3301793088534,5.66442939003184e-06,5916.32297169473,6247.05645544675
2.15778572926819e-05,1.85942576898654,0.0435964630865587,36.0953209048164,1.04276552478093e-05,5955.36406651823,6288.28002025409
1.50574766132366e-05,1.59282567333848,0.0179734461402724,23.5972869732199,5.70664711776741e-06,9178.66554147012,9691.77005676596
2.14871213390501e-05,1.45907589172008,0.0580980533978703,33.7143931916905,7.17743134865412e-06,6382.32842753168,6739.11248502583
1.7019883417516e-05,1.89101099554981,0.10396142607817,52.3572083644628,8.94973516272489e-06,4087.68090841852,4316.18989174751
1.35264197331565e-05,1.64650258418411,0.0160761799791149,31.8270658237988,5.39787999454286e-06,6766.90102538892,7145.18340805116
1.94536903494615e-05,1.13930901683612,0.0203652404986716,37.6729956264923,2.42810162515051e-06,5702.57880613594,6021.363592556
1.54355598713877e-05,1.86435292626909,0.00568903364942955,37.501504873258,7.19708074035249e-06,5729.01173852447,6049.27417514321
1.32265325171901e-05,1.10938059604836,0.0261440160984877,11.979261636259,1.33907553094273e-06,18477.0903051179,19509.9940994931
1.69100411362974e-05,1.5746807989172,0.0174599017286728,33.2027543067847,6.28088747184918e-06,6482.19623804074,6844.56309232309
1.86288883114401e-05,1.17568541751587,0.0172618210106362,42.377382594504,2.83260123926219e-06,5061.90241913857,5344.87220113053
1.78751009760657e-05,1.22250429890991,0.087503735852317,20.6693260775066,3.56530562217729e-06,10511.6347979084,11099.2547796561
1.80431515019126e-05,1.26119520889332,0.0718671571145014,33.426685864885,4.02602596017542e-06,6438.10457742649,6798.00662568167
1.3832472457177e-05,1.62216294738863,0.260197212082151,25.8019567188606,7.17107560187493e-06,8378.67018622259,8847.05346975127
1.41918162866542e-05,1.32913159574632,0.000986808705586496,34.652846669968,3.51772732735172e-06,6206.92909834202,6553.90800634244
2.10688389523448e-05,1.20405395536265,0.0229665017086848,76.4854020348798,3.65443983396211e-06,2789.64387451439,2945.59016775425
1.79039571447456e-05,1.70280039158647,0.276782664508868,21.537769864062,1.02172967240204e-05,10077.5451862537,10640.898749449
1.25699813437192e-05,1.85584617464248,0.063614211271006,54.1159848609616,6.19052589496334e-06,3953.58394092712,4174.59665378013
2.14184417982101e-05,1.17991340794904,0.0945049660786916,71.2777246568807,3.6066562970783e-06,2994.90664807793,3162.3275130256
2.08729010548387e-05,1.25123990458793,0.029255185319354,39.4432977817297,4.31734121651599e-06,5443.31922389301,5747.61091633534
1.90574294717219e-05,1.31419524916809,0.00203251088227706,30.0420249340316,4.56540539986574e-06,7175.85865948085,7577.00253629702
1.51010572016956e-05,1.49962442986914,0.0188625676099313,22.9562974970941,5.12781016108975e-06,9440.74553589635,9968.50081146896
2.2629482196766e-05,1.32750963569705,0.00212372896615529,16.8824044007644,5.59466992092724e-06,12942.8501629134,13666.3796160113
1.5597844672719e-05,1.5347876445219,0.0245110155668158,48.2012776922708,5.57145063862612e-06,4443.84144945531,4692.26047100831
1.32054355460638e-05,1.12451038726453,0.0313938569721302,53.0689727834515,1.50952976590701e-06,4032.33186238708,4257.74673085724
1.29990291120484e-05,1.52836692194738,0.0310368559877951,18.1504960446296,4.63773317530209e-06,12012.4600472503,12683.9789583825
1.75021669254564e-05,1.22709279967944,0.0988500135972643,44.8387548422347,3.59428153490605e-06,4780.877086325,5048.13702830506
1.39141674980326e-05,1.07210361231489,0.0334544613868939,51.8761691476723,9.68163940377058e-07,4125.95659992465,4356.60526576512
2.16222674362818e-05,1.38294936950132,0.133067214069334,17.7781828316559,6.90620703118583e-06,12271.4496604119,12957.4465737469
1.76834348438513e-05,1.00909909576006,0.0402424634585589,82.3048095624439,1.66135139526339e-07,2591.18984172537,2736.04218456006
2.29800759694045e-05,1.55603394709445,0.0583416237324273,33.3250283326779,8.72026118081745e-06,6458.04615726453,6819.06297700918
2.0580275620468e-05,1.16058320524613,0.0219989623052601,49.9539467984096,2.91156536555075e-06,4286.33887154754,4525.95320536788
1.86198909831019e-05,1.2022477684792,0.055051924163318,25.1256574218077,3.31474639050308e-06,8608.83767938534,9090.0877548766
2.31635844988022e-05,1.41166064791159,0.229616467258623,74.1834566220214,8.7678604136673e-06,2876.79779424134,3037.61615407254
2.11994965401655e-05,1.09924832346562,0.000780526715079567,18.5697919246165,1.91550292977587e-06,11733.5759141504,12389.5046823265
1.27367227728702e-05,1.33458079979947,0.0517200198012016,25.9636788866246,3.36721884787852e-06,8325.44275428559,8790.8505251386
1.49193099324005e-05,1.42840075038742,0.0620824683211402,14.7161234418327,4.77064598601294e-06,14916.6276809999,15750.4949770166
1.23458824344501e-05,1.78515537688947,0.0162971899663893,43.998239185217,5.51991412337746e-06,4873.2659438598,5145.69059521401
1.41299664099729e-05,1.77328187636173,0.0785507024647357,45.4168375901002,6.68686930719101e-06,4719.34175807832,4983.16176049081
2.07979853848927e-05,1.39746536356347,0.0232313516402635,53.3969178547582,6.05589705001967e-06,4007.33111709139,4231.34839729133
1.49997908092299e-05,1.43559216564977,0.0595325540164574,29.7349274005602,4.83930902600977e-06,7251.25190634584,7656.61040621527
2.28242570757503e-05,1.57100446378525,0.0525175914250691,51.5369685660889,8.75541843699141e-06,4153.3801747821,4385.5618695821
1.27813989929846e-05,1.67032544106686,0.195559018443843,27.8623115918703,6.37618982938959e-06,7747.61843882319,8180.72475322025
1.75385005236994e-05,1.50339084476495,0.0264021760539666,28.750160282988,6.03168124719543e-06,7504.07386915269,7923.56558807189
1.86634155181311e-05,1.38649655318314,0.110062992231388,17.8555537333323,5.84587153380219e-06,12216.7132894851,12899.6503376419
1.73602221080856e-05,1.23803276389882,0.0523843358222626,49.9838112028208,3.52224536942069e-06,4283.75180983617,4523.22152208386
2.38961791252261e-05,1.66647171814337,0.0391598770740175,33.845943612513,9.94603848106843e-06,6357.14623088824,6712.52255664356
2.28017757630581e-05,1.51196723001836,0.136385956484485,63.2856388648929,8.93998273376473e-06,3376.14838010608,3564.88136861235
2.20259739305321e-05,1.06306140075658,0.0237484721897666,17.4622159763163,1.33834735522129e-06,12500.1696899786,13198.9524793627
1.27264244873319e-05,1.24419105131776,0.10548566805594,22.7623055792565,2.79225740359387e-06,9523.03898103014,10055.3946136031
2.06838773997081e-05,1.28276027165084,0.296645669494345,22.2625914904978,6.48211482434038e-06,9741.783763988,10286.367637728
2.21706341990679e-05,1.21525823826096,0.082273395765175,60.5037939475157,4.27903012465057e-06,3532.67758788252,3730.16085091648
1.27705831437735e-05,1.59884069950178,0.117275880262756,80.7858022691455,5.41857705791784e-06,2640.21640663971,2787.80942585196
2.13858085421026e-05,1.67574146822869,0.0152426015888196,28.2815515060918,8.7571035727562e-06,7630.67688269258,8057.24594609109
1.44667011506483e-05,1.76186375278555,0.125828119469271,52.054772689922,7.1559950897168e-06,4111.66196310345,4341.51153209653
2.1526591790596e-05,1.93088950432975,0.0513313480167669,21.4544974721753,1.09393451654801e-05,10117.6081536333,10683.2013113933
1.21442573206192e-05,1.08551143542065,0.099033259981471,29.8246460549144,1.06180823925903e-06,7229.06241846299,7633.18048459254
2.15603424236644e-05,1.04783646502357,0.0233958047332319,31.1665808826845,1.00784336472658e-06,6912.6694810689,7299.10059215568
1.33125804247046e-05,1.17261742850026,0.0570865007104844,18.5097357035481,2.07832040956627e-06,11772.723405028,12430.8405909257
2.16711526506487e-05,1.34329777251152,0.0593538658252038,11.6644848801179,5.88768085008382e-06,18998.7303162975,20060.7947597763
1.81912240992766e-05,1.74632466722554,0.332568875705,11.4907938822743,1.16478003744176e-05,19299.3850335489,20378.2566362243
1.36852742583146e-05,1.14677494738395,0.135475310689813,103.382805490173,2.02601580408444e-06,2060.31338038686,2175.48873933469
1.52735882240804e-05,1.11230507561508,0.0664277238646428,23.817512578557,1.6518151371794e-06,9091.94960202648,9600.20653464533
1.72199915449368e-05,1.50051850962847,0.047470459843249,9.52908542662058,6.03011069765961e-06,23500.3008621205,24814.011491262
2.31585878112707e-05,1.19228366442923,0.0236997837659499,42.9250986752356,3.82543777088783e-06,4996.54620734523,5275.8624552562
1.52775507609621e-05,1.22296506712757,0.0671785825674451,6.11767788139358,2.9858693035919e-06,37832.6349347046,39947.5497578703
1.2183650405352e-05,1.30071029337754,0.012888973828986,28.8448068558935,2.85347299570545e-06,7479.01169465338,7897.10239129537
1.72382015207503e-05,1.3763537619389,0.0268554183186313,41.660861593879,4.84365297906656e-06,5150.02771467206,5437.92386497385
1.65281669484302e-05,1.80864334604808,0.0752781046133281,33.9888252467475,7.99115560742361e-06,6330.01912993634,6683.87900017616
1.651395103506e-05,1.08630799446928,0.175086964021627,30.6452399905953,1.59049399837092e-06,7032.2410213082,7425.35640440821
1.25897344515352e-05,1.74109000534297,0.0911623206945287,35.1147535994279,5.89622036784962e-06,6124.09086220395,6466.43895837127
1.63167192111975e-05,1.85259871714699,0.0442471596026631,23.9866042123427,7.85675094051158e-06,9026.47232111247,9531.06895166077
2.13289778994899e-05,1.221408125278,0.0627018569331211,26.1109117882101,4.12491529614759e-06,8277.56895836581,8740.30049477714
1.81989528816305e-05,1.32952246187833,0.0395732121992077,50.3548292277006,4.69637932014351e-06,4251.87012196725,4489.55758842694
1.31529327907143e-05,1.22222833557312,0.0208265581332941,25.4938868482588,2.44232921379714e-06,8481.97146781131,8956.12948556248
2.07269988099681e-05,1.1127136522375,0.0084822879357213,31.8461792612803,2.11748316252372e-06,6762.77418462669,7140.82586919676
2.0252458889544e-05,1.5944735579897,0.0699362347264769,42.4712900335719,8.11840163628357e-06,5050.57574053154,5332.91234007336
1.84091013804115e-05,1.84961352794045,0.0465383492415156,15.52983664385,8.86872548019573e-06,14108.4300952761,14897.1176395509
1.28660694259275e-05,1.75324548629214,0.00878162307085767,68.7201964986866,5.57653837415748e-06,3107.18758275366,3280.88516127189
2.1932529341382e-05,1.40244813676574,0.002776675232843,11.10451069192,6.31116947607993e-06,20003.4159415283,21121.6441844647
1.50222040575575e-05,1.46887231513355,0.0657139109975108,21.7307049952002,5.13236080503623e-06,9985.93093802862,10544.1630939542
2.25860437508645e-05,1.54953076273462,0.038631263391666,29.556176428402,8.33166171556942e-06,7295.86973457313,7703.72245422022
1.29074923809087e-05,1.24723342884917,0.0660732903554204,36.7563067490099,2.73957026978892e-06,5846.77840825186,6173.62422125745
1.87226327023711e-05,1.28364112693315,0.208462885370983,66.1338410638089,5.22649263650653e-06,3229.63350982838,3410.17604394258
2.01848782879869e-05,1.95423420740197,0.0614863989511342,37.2164955346036,1.05015715351808e-05,5773.48828399968,6096.23704242686
1.96744270337177e-05,1.10427760066929,0.0445051376469775,30.6867966225649,1.94436378106996e-06,7022.55831942897,7415.13242144274
1.45502077192264e-05,1.62727467240942,0.124968202289207,16.2887246932657,6.40965459098523e-06,13429.8404791432,14180.5935988006
2.11540847969418e-05,1.09963562345604,0.00717245383367122,25.76157520078,1.93053200971581e-06,8392.06728211938,8861.19948828453
2.10865829488188e-05,1.23747441884769,0.0394190665534042,66.6425435334656,4.2125322773806e-06,3204.79344038918,3383.94736831309
2.33263387071015e-05,1.55849321187966,0.116615790477488,45.4694256224271,9.4623262779379e-06,4713.82242226113,4977.33388351191
2.25494293878945e-05,1.44151777941624,0.114127438158071,50.9959652351053,7.7961647634074e-06,4197.88152426423,4432.5509274629
2.15010680703912e-05,1.21597847908077,0.0977559994051627,54.9096895720527,4.23262772651196e-06,3895.90751989682,4113.69601328971
1.63995310474355e-05,1.27876742604288,0.0278629082584079,24.996882551377,3.67745191871779e-06,8654.10503756832,9137.88564277268
2.15315953734946e-05,1.42461542028457,0.0326501794141409,45.8031319983579,6.63408469453424e-06,4679.09721161196,4940.66746885022
2.27851075790031e-05,1.52936441248883,0.0017072084544522,41.1158287559392,7.89999817409977e-06,5219.14401701642,5510.90389747084
1.51715662282398e-05,1.4020018672656,0.0373381856059349,43.4656385458109,4.51886357298355e-06,4933.6802078825,5209.48212922418
1.39771660128823e-05,1.14805317923796,0.0155826304022774,56.8671428273561,1.83100448453911e-06,3760.60770351073,3970.83268493201
1.45112666538516e-05,1.55783453765545,0.00628947047629396,23.3179441452197,5.22905422561364e-06,9291.06876674681,9810.45683188578
1.46387901393687e-05,1.77677543607058,0.00466254731386814,18.7766082652349,6.42970994003992e-06,11600.733226748,12249.2358410435
1.31455394528182e-05,1.2424440608744,0.0131132469495104,52.8891818670641,2.59920179242883e-06,4046.17099028231,4272.35949180172
2.00647255571354e-05,1.15543532245785,0.00710804444841455,29.1216074804552,2.71848239286121e-06,7406.66710454075,7820.71360372545
1.83510294515854e-05,1.17436649977687,0.0262464872291118,58.0649329971302,2.7980957567284e-06,3682.35437009832,3888.20484429635
1.78152779032057e-05,1.43403718401716,0.0568830040381676,25.7509280582713,5.71722390680224e-06,8395.60675183872,8864.93682095972
1.63267463849159e-05,1.184295820965,0.0777317317614016,38.5162949473804,2.7547987780849e-06,5576.06617344089,5887.77866783936
1.95029516000384e-05,1.14917120317616,0.0567381567107416,18.9878771436366,2.68385645969418e-06,11468.1016309232,12109.1898917507
1.66196814161008e-05,1.17058550784266,0.0104221570286296,66.9095391878862,2.4473969667511e-06,3191.90826855767,3370.34189135473
2.1035428152292e-05,1.22820134686038,0.0149808801334627,44.438595447477,3.96776579762764e-06,4824.42142949236,5094.11558143398
1.80753990523936e-05,1.59383469938843,0.0359598297779739,11.3414341762947,6.98564965008485e-06,19565.6429439579,20659.3988602023
1.58838373491587e-05,1.70434686948347,0.0458742710593577,40.5573197197374,6.87972457519424e-06,5291.92072215797,5587.74895610536
2.17106071097357e-05,1.62010127970035,0.0104875328803661,24.4930830905699,8.39772391929721e-06,8835.87339147329,9329.81518652655
1.87336408885969e-05,1.33700335656459,0.00176259963932809,49.7943737674235,4.73022640805465e-06,4300.21532171972,4540.60537497416
2.1962348219323e-05,1.21869808962276,0.0840102532008656,37.1371646616143,4.30255504934975e-06,5785.99123461325,6109.43893128863
1.23044515830846e-05,1.11987923992073,0.0139485949533744,24.4717566734659,1.33576501767859e-06,8843.73648525545,9338.11784191007
2.25118309254236e-05,1.2015287537439,0.00268452694412231,39.1863266169431,3.78591887631243e-06,5479.48009571139,5785.79324830207
2.16396851962516e-05,1.44227828672862,0.0329972525376161,13.6450355226256,6.86214614803548e-06,16133.1985757761,17035.0744528297
2.31995469707334e-05,1.68098001571105,0.0302754662924827,46.157583748106,9.69153161125817e-06,4642.76924228985,4902.30869831779
1.47278087548139e-05,1.30603787259023,0.0951237856403882,80.0977209232394,3.81382818924644e-06,2663.04031694712,2811.90923529552
1.3053223237711e-05,1.28045497586281,0.0040612481333551,84.0815822342444,2.87063694561191e-06,2536.10514235861,2677.87814780584
1.85920635342244e-05,1.29587073703333,0.0448354944671482,27.4861439008246,4.44407322521587e-06,7855.63929377883,8294.78417534816
1.71844096356528e-05,1.77433710267549,0.0888502030950711,62.0847567218586,8.23057600647303e-06,3441.98500881339,3634.39838760177
2.18674750568597e-05,1.05089464946786,0.0499618667070612,20.0855962245911,1.11470648352197e-06,10825.0581845177,11430.1991178834
2.28592141068131e-05,1.27145264726836,0.125407676103898,30.3078212783228,5.58004660861284e-06,7111.85946764382,7509.42567032441
1.55760680117039e-05,1.05108350664934,0.000596113480333207,45.0032270337597,7.57448965803903e-07,4763.20673583666,5029.47887228209
1.22685736855874e-05,1.65480295015099,0.0428233745866897,44.2134445533012,5.07178304035464e-06,4849.27230317342,5120.35566528259
1.37611578640072e-05,1.7474440806988,0.137159468658011,28.4489928336439,6.82169757599519e-06,7584.9520086927,8008.96496639103
1.478553261346e-05,1.44108845669197,0.0652630696043724,34.5498014708101,4.84145175585455e-06,6225.71587651351,6573.74500043738
2.02363158791531e-05,1.57010986864479,0.0936788219354199,15.6912596658551,8.10714193423245e-06,13958.4043146276,14738.7051380753
1.83977477411153e-05,1.19802146044066,0.122310329344647,45.9119930078108,3.46467115768674e-06,4667.87963613416,4928.8228099906
1.63878889585566e-05,1.93346127444173,0.0388034840894524,38.4349818152699,8.2312179919691e-06,5588.01978003093,5900.40050332255
2.10120131154377e-05,1.11447590906282,0.00480241713087191,38.7005176734955,2.1686655995245e-06,5549.17240995906,5859.38149284161
1.48379525952498e-05,1.43953609044751,0.00909284314326314,16.7317183829352,4.57200267365981e-06,13063.07992378,13793.3304446513
1.58456082112631e-05,1.79594278554792,0.0129950135143571,28.143431169094,7.11495090898867e-06,7668.81183856196,8097.5127170875
1.20993120414689e-05,1.13678831336222,0.0157093411826661,44.0372154911592,1.4791130178152e-06,4868.90281203424,5141.08355618533
1.33330979108512e-05,1.60526415298439,0.0860597173924393,34.0839838473284,5.50053755111001e-06,6312.08067100227,6664.93774794552
2.12770914366273e-05,1.39975526500699,0.0204663143160768,29.4715440257652,6.20333846172133e-06,7317.18683954499,7726.2312251009
1.71223952277945e-05,1.29040429402765,0.0227231963144725,59.3161065745867,3.94290680816564e-06,3604.01717405824,3805.4884529558
1.85256145793572e-05,1.5480125180301,0.000658982429168609,14.2502826314623,6.56246286472454e-06,15422.4213382728,16284.563442668
1.59704081355175e-05,1.34559377278319,0.0675573879096126,10.0982064614113,4.39884101408095e-06,22104.2550960531,23339.9241642626
2.30933005549349e-05,1.21554053754175,0.0162015139539362,34.9143665464851,4.16225945624918e-06,6159.75505914523,6504.09685040932
2.17993563451488e-05,1.71741762805134,0.0470315848946955,22.9894934239981,9.555450170412e-06,9426.80579590489,9953.78181402451
1.35613725699596e-05,1.36574640671435,0.0628291518602899,24.1724808081804,3.87514967093094e-06,8955.57518389486,9456.20853230117
2.22422223552195e-05,1.40679301523519,0.0482771505504509,36.0083973329369,6.75772737813387e-06,5969.94455676358,6303.67558708616
2.21342849614006e-05,1.46795257785275,0.025448689693795,34.695766508119,7.24003489014624e-06,6199.13753757177,6545.68088279954
2.06759767619614e-05,1.23450454875234,0.00808195794386109,52.644062001953,3.95949461301877e-06,4065.19247612755,4292.44431416692
1.77430512286909e-05,1.22897052987376,0.0763667961306463,21.8312042074288,3.57897297137029e-06,9938.86623306851,10494.4673842454
2.26343939480949e-05,1.20319500298685,0.000906716370177876,30.2845585737062,3.82586807814153e-06,7117.41510356391,7515.29187664965
1.57977295063287e-05,1.07260826917602,0.0726577869600274,36.0621821060641,1.15316685064667e-06,5960.91433337419,6294.14055737451
1.39371318807788e-05,1.0794566733841,0.014276577219845,28.4749726600951,1.04072826688338e-06,7577.90650638708,8001.52560737179
1.60612965178695e-05,1.19092821997483,0.0633903698960314,21.0394234596779,2.74915350614769e-06,10322.1513695068,10899.1788743583
2.24637170264293e-05,1.05691123343697,0.00692073486992371,22.3785187089473,1.21800020151149e-06,9690.14716296091,10231.8444544389
2.04696455048583e-05,1.31994779091633,0.0398442274075523,21.1355820276693,5.1675136797718e-06,10274.0328872835,10848.3704792728
1.62523938538134e-05,1.26722980141531,0.0759034206176174,63.5191113656285,3.70870010557046e-06,3363.63993737491,3551.67368061336
1.99140568841267e-05,1.35256878870029,0.00864630195008565,18.271879027795,5.23608720553908e-06,11930.3707619105,12597.3007289555
1.81138001662502e-05,1.09304940580482,0.0117997143088308,49.7062881805235,1.56038024112823e-06,4307.91378980742,4548.73420178001
1.78542144786827e-05,1.23077876119138,0.0715325626112694,54.3580421102203,3.60563236144449e-06,3935.81410146779,4155.83344716722
1.73987122465437e-05,1.72965293025448,0.0252398271381311,27.2614815033912,7.52954713904515e-06,7921.60260318418,8364.43495672281
1.25377815756854e-05,1.31876048277761,0.0486631770676947,22.513541418671,3.18551129182632e-06,9630.69096328216,10169.0645423555
1.33543450100524e-05,1.37420169652125,0.0194204797697518,35.1884715763493,3.70842156899514e-06,6111.07448595279,6452.6949424216
1.41722667035395e-05,1.35106041762575,0.0351216386003335,24.0345501187056,3.8165187908792e-06,9008.07754374672,9511.64587194741
1.33709855541475e-05,1.64768358927001,0.0882723051613736,64.7779931789821,5.76475345015975e-06,3297.76050569551,3482.11146588592
1.45359942857428e-05,1.04920988759414,0.00968874919977041,25.6895925479624,6.88425035804268e-07,8416.05503683627,8886.52820320979
1.80933111300347e-05,1.69770091441069,0.142699055846234,46.9917301672132,8.67327399349855e-06,4559.46301450955,4814.34549709911
2.31785273423558e-05,1.4872815237011,0.0191077659187281,10.2334867213266,7.74178270454232e-06,21796.4949662844,23014.9596694914
2.31225947495727e-05,1.45763354431834,0.0542265010798756,39.367612427134,7.67552542576005e-06,5453.91995069252,5758.80424352559
1.64918723989483e-05,1.39317364711608,0.0173560859696005,35.5535620032375,4.73637001436748e-06,6047.4176437846,6385.47956410255
1.84380875094971e-05,1.58827015559467,0.0279961171039091,33.0115175571546,7.02573859333699e-06,6520.33131031531,6884.82998623195
1.91245097509911e-05,1.75023837451753,0.0225059493481705,43.4432402974324,8.38628621548712e-06,4936.25373933464,5212.19952588226
1.73744777432336e-05,1.15183673269418,0.101308126508856,17.3214219911395,2.5484630961754e-06,12604.8565483719,13309.491528305
2.11313633373007e-05,1.30341718647356,0.0960454054637053,19.242302291836,5.44160772948318e-06,11312.3487152865,11944.7300977641
2.04201184424842e-05,1.08521504019933,0.107942731728856,34.1642016075834,1.79744633977912e-06,6297.03752371773,6649.05366068325
1.36071599736214e-05,1.03231035028495,0.0397780843153611,37.6112823522304,4.43528058969882e-07,5712.06291256421,6031.37787821456
1.54529474151554e-05,1.33006003600551,0.00636228771558935,31.2571454058797,3.85920807025423e-06,6892.31150922242,7277.60457173018
2.30141942973649e-05,1.24789997656803,0.109066360817106,3.21988000775172,5.13139723990368e-06,78829.4093720196,83236.1203153632
1.83319969832897e-05,1.35407143558275,0.151666870310065,43.8285352558861,5.65044746056965e-06,4892.35464936053,5165.84639493876
1.4399798370243e-05,1.60959975625547,0.00452983595345865,22.4806340373708,5.47833715576828e-06,9645.11411922133,10184.2939796004
1.22274848448085e-05,1.70860043295995,0.00218373337491586,39.2336363301543,5.08208739452914e-06,5472.78665131624,5778.72562788684
2.1676581137225e-05,1.91605917239573,0.0729784479801226,50.6293452958586,1.11790533316507e-05,4228.58467343076,4464.97043990685
1.9493725445006e-05,1.47673541942456,0.00640781761790713,33.6425803082584,6.3336326245866e-06,6396.15966474153,6753.7169141809
2.02189220361421e-05,1.0172808626299,0.0453931716601483,21.5686391203999,3.59789759384513e-07,10062.7742620315,10625.3021030257
2.16917655032426e-05,1.12403069647684,0.0638212653918446,15.6193595817002,2.55668369209847e-06,14024.8318059432,14808.8460499944
2.26983186130403e-05,1.67930673434851,0.183072571679936,51.7712139140191,1.12391363513586e-05,4134.40321415735,4365.52406148021
2.29336735957162e-05,1.10674557525253,0.00386516848299254,33.7784292055155,2.22048367282865e-06,6370.04538233191,6726.14279470047
1.93055386575423e-05,1.19530533135319,0.0642407798209784,47.0886551645965,3.37088541646543e-06,4549.97658681102,4804.32876040696
2.17406829587985e-05,1.87618352604968,0.0146184986739819,23.4996122169614,1.03033604880338e-05,9217.65776003985,9732.94201304583
1.53437624222115e-05,1.41401971546022,0.0297319307340835,94.887711156765,4.63018937822831e-06,2245.7492832419,2371.29085486226
1.74186862658635e-05,1.29951079944027,0.019749127868295,43.4053607481605,4.095462940716e-06,4940.61216875359,5216.80159963103
1.33298093083184e-05,1.38181289206633,0.234917302927631,29.668425941124,4.8140289333867e-06,7267.78736204561,7674.07022471524
2.28439158805143e-05,1.68553706169118,0.0821415856856698,50.6745712679121,1.01222320448441e-05,4224.77289164707,4460.94557241525
1.28947912661741e-05,1.24097252306988,0.0724929878177958,42.795956374507,2.69958088505552e-06,5011.80358764105,5291.97275155446
2.32970862897551e-05,1.13759188807957,0.0121026903978634,31.9425116406429,2.85223885684745e-06,6742.05115346266,7118.9443819573
1.40765901775472e-05,1.37326843730862,0.0559803056404097,44.4219345881537,4.05299121000526e-06,4826.2516300375,5096.04809360158
2.0984370330954e-05,1.39099591887287,0.170750972207711,26.372355314898,7.11288379743389e-06,8193.90210401998,8651.95650729561
1.83426926309494e-05,1.39355096812542,0.0176089115453794,73.3041312964867,5.27288928669366e-06,2911.54472659002,3074.30550471723
1.68975883772392e-05,1.07492914388645,0.0689542090187045,19.8820247715267,1.26507623022038e-06,10938.805123208,11550.3047225016
1.26394791201744e-05,1.13810298595783,0.0342368449188238,24.0624735366014,1.58808718534105e-06,8997.39904269875,9500.37042278323
1.54103199187741e-05,1.49397169194415,0.0900547151046134,57.4967270928329,5.59948999844956e-06,3719.06599222901,3926.96871454459
2.2560734419819e-05,1.03102038692695,0.020197633364646,40.9243377253576,6.9276302494594e-07,5243.86973924248,5537.0118336648
1.35419354254156e-05,1.50569595519635,0.00150330825269158,45.2321854495969,4.55491642072086e-06,4738.82457517086,5003.7337033801
1.57780142731899e-05,1.26267178552695,0.0423059191933621,59.1759883743621,3.42721437216774e-06,3612.62397951967,3814.57639488795
2.3307059655603e-05,1.28989393376615,0.0523285663679739,35.9060059345359,5.52718513799723e-06,5987.21146067106,6321.90774311228
1.74625680388492e-05,1.38131494663425,0.0531499811187789,46.4354753908259,5.09107978587249e-06,4614.68008091215,4872.64930045324
2.21401441994179e-05,1.46093366108899,0.0186883413561923,18.6905506131016,7.11822249000946e-06,11655.64271636,12307.214873491
2.19977741112169e-05,1.13259739614457,0.0159408951667604,55.5048225696219,2.61702133614893e-06,3853.7528245483,4069.1847918834
1.71466132970899e-05,1.73005840953561,0.0654820567452498,15.7450194687346,7.74246671632225e-06,13909.1462174113,14686.6934213941
1.76342198055005e-05,1.58347353640674,0.165693134140982,38.6291854201293,7.78808951968488e-06,5559.55501558856,5870.34450548179
1.89913480943525e-05,1.78832596514649,0.0837416271137956,60.444728998636,9.13666333691957e-06,3536.1585794045,3733.83643635406
1.41601157264253e-05,1.11751110981115,0.00538829532007317,28.3532088507753,1.49704249567793e-06,7611.04138218017,8036.51278449413
2.23110595412515e-05,1.38484735547467,0.0564804448095745,38.9829422696072,6.571211562607e-06,5508.44268217403,5816.37489734211
1.45698928520903e-05,1.25391513202781,0.00432404017019422,33.1309730169541,2.96314169041994e-06,6496.45793882247,6859.62204876621
2.31875965557452e-05,1.21348750928356,0.048140396409333,54.3226121936677,4.28557723095621e-06,3938.40508654065,4158.56927313596
2.34276014278494e-05,1.50920014263444,0.000364394317909818,64.6638033720697,7.90710715086598e-06,3303.62963824213,3488.30869388356
1.29893015075997e-05,1.1157779002056,0.0166204539042886,36.3976277756208,1.37058757832211e-06,5905.2052855743,6235.3172699458
1.6476042381987e-05,1.39026223569057,0.201595177376787,38.8400446375033,5.79268554782141e-06,5528.97558669584,5838.0556295056
1.37032545161247e-05,1.33732867043608,8.52746586325421e-05,44.1599411652564,3.45676662152909e-06,4855.21539793437,5126.63099012022
1.49356782389022e-05,1.32227229622018,0.0362884667033625,83.3902220548009,3.77722777795021e-06,2557.25847527334,2700.21399146607
1.90007792974301e-05,1.25103845988864,0.10292914553723,12.0007572416046,4.25015586435366e-06,18442.5118858192,19473.482682092
1.88536898706676e-05,1.22780772402038,0.0896508700364105,15.8292267341065,3.84253031718426e-06,13832.685416109,14605.9583187554
1.58613090294376e-05,1.91412207541008,0.0253483287848996,54.588296542319,7.77171748131051e-06,3919.05834401729,4138.14101163795
1.76540802545389e-05,1.207145392124,0.00888590507388848,27.5257904274078,3.05653514219785e-06,7844.11252807712,8282.61304195469
2.12545873573562e-05,1.11522723265817,0.075201254203687,33.7587640907605,2.37458186635525e-06,6373.81240584384,6730.12040184946
2.23206102568097e-05,1.24503851818128,0.223457891900131,50.7713871507039,5.65691214391893e-06,4216.63601418827,4452.35382833715
1.24700947132101e-05,1.16388669393715,0.128291596484102,41.3030940495992,2.01430471465902e-06,5195.18841722374,5485.60913499
1.91884495659722e-05,1.04655266575246,0.00487662907339762,27.7998849464304,8.57705213019021e-07,7765.33887601286,8199.43579588454
1.79602234612377e-05,1.05809549440697,0.0309549271889039,35.4298790900491,1.0176004311946e-06,6068.83381416504,6408.09293833282
2.09536886471501e-05,1.33880448508112,0.0909096073750551,46.3369266029223,5.83277397136442e-06,4624.60236835956,4883.12626226681
2.19123087539831e-05,1.48020091112908,0.0167390400272719,50.7882941999061,7.22956094363579e-06,4215.21827724914,4450.85683726008
1.70708956006458e-05,1.3380346775614,0.00582039588403455,43.2543753829409,4.33788341153765e-06,4958.06133072402,5235.22620228559
2.17519380299058e-05,1.55473570111483,0.00354707923014799,30.3780919143636,7.78863274369351e-06,7095.12987439371,7491.76086162311
2.21838368269103e-05,1.28459205349345,0.0153096004141356,34.1076539612949,4.99096677141246e-06,6307.63437053137,6660.24289098918
1.34540328580476e-05,1.35866895428575,0.0312870052748704,30.1190821043598,3.66632879685312e-06,7157.18635312843,7557.28641320925
2.36729297932349e-05,1.46487492645689,0.107175874023853,57.6966805907017,8.41413966221249e-06,3706.06387047119,3913.23974994103
1.61633952475637e-05,1.63025725266712,0.0035955474403373,23.1453577030573,6.27121353600851e-06,9361.90146994115,9885.24921524009
2.08829214159781e-05,1.13505484310303,0.00672244336481697,45.8454358234786,2.50152477697888e-06,4674.73161766753,4936.05783006564
2.27307495041443e-05,1.770418425668,0.038236059512975,62.7785833389164,1.028455640533e-05,3403.63725130802,3593.90691896121
1.362811634921e-05,1.42662896950423,0.0945829016940818,40.0632812739124,4.50111079591086e-06,5358.00956129779,5657.53228456065
1.9316753001608e-05,1.19758775651319,0.00974527964415502,47.7017816079094,3.21833614567837e-06,4490.87032194957,4741.91834514961
1.44087225171095e-05,1.8166510787999,0.0653256689658152,39.5320202469563,6.92984109044277e-06,5430.94483028945,5734.54477106012
2.17565702683311e-05,1.21453361869201,0.0381163255621314,43.0982216915941,3.99524857880784e-06,4976.2379240292,5254.41890104264
1.43006901418017e-05,1.28664556454981,0.0658652283499952,37.0754703558263,3.41057028795635e-06,5795.75206972598,6119.74541528101
2.11638542708633e-05,1.56564882201636,0.0528335580614346,26.5215871055187,8.07255646927261e-06,8146.89910523962,8602.32595325706
1.74550515862405e-05,1.36791237208714,0.0352714326605499,36.1689041967655,4.86624732156662e-06,5943.07681653393,6275.3058900889
1.67706648755986e-05,1.26393629694383,0.00534420626053098,63.0852095040674,3.52082198044385e-06,3386.9609668871,3576.29839915202
1.53525894122338e-05,1.09180635376726,0.0113328118459225,75.9848021084862,1.30572550494248e-06,2808.14476731732,2965.12529495556
1.40012548665516e-05,1.70696705423283,0.0499862580177329,37.3762310690475,6.10386008870462e-06,5748.47638729968,6069.82693407236
1.64356467022877e-05,1.45223484955238,0.012795585709806,75.3581140794688,5.18441335264734e-06,2831.65434747403,2989.94910447127
1.61324384294897e-05,1.06508982520294,0.0185769421114638,27.1603621337177,1.00453132427271e-06,7951.6552705256,8396.16762419495
2.30833619064968e-05,1.25353171148161,0.0452541781916073,47.1689832005879,4.88987386479972e-06,4542.14443260449,4796.05877417901
1.50647523388378e-05,1.61187761977038,0.112239924484793,46.6304782788963,6.44156163175068e-06,4595.1713612942,4852.0500070391
1.95282007999672e-05,1.12622256432697,0.0538134004491309,45.0181430132469,2.31307222238117e-06,4761.6106704188,5027.79358383188
2.3060533657914e-05,1.48370386738901,0.0223850731385245,19.5334890991152,7.6899504165303e-06,11139.2046944692,11761.9070033956
1.95585908302171e-05,1.1280443284467,0.00262227534415872,30.188653645158,2.22588928038517e-06,7140.41123167186,7539.57353118987
1.87607359627141e-05,1.16995275012886,0.00903396744970999,16.3819073789886,2.75006363563412e-06,13350.9923518656,14097.3377142139
1.64709538137177e-05,1.19952311717243,0.129030886299154,59.6840325804821,3.14551802982694e-06,3581.61121630948,3781.82996039809
1.71007030693889e-05,1.09664341547897,0.026760617201766,70.0518393808255,1.54843677465916e-06,3047.69514931786,3218.06698989696
2.05086167061729e-05,1.06907718650744,0.162392383675317,23.7167773656344,1.58201487487257e-06,9131.41081407613,9641.87370201499
2.3264037967586e-05,1.5298837172139,0.00659538078796751,41.4934408961581,8.11093424501209e-06,5171.06294726474,5460.13500628385
2.04336217453787e-05,1.26581578370202,0.0519893336863174,36.4559443836888,4.52619140684381e-06,5895.62645327477,6225.20296306318
1.67400986836748e-05,1.15208961966309,0.00258621139852904,28.7258395359768,2.21558625974329e-06,7510.5410941632,7930.39434301715
1.48979885683469e-05,1.23944184194827,0.0133228723291087,14.7966875412197,2.91688893424233e-06,14832.5013115497,15661.6657866798
1.65381696288502e-05,1.31843092616692,0.0272652673301974,35.014139624284,4.10623162556149e-06,6141.94601464769,6485.29224712346
1.73187030296316e-05,1.6286528767619,0.00314148201485409,43.1505445992577,6.70589369050191e-06,4970.13260679453,5247.97228519259
1.35873060371149e-05,1.51639225783825,0.0291231290053075,39.252772710004,4.76574967348363e-06,5470.08385253808,5775.87173761822
1.26948181583891e-05,1.06750562753456,0.0059105665853373,16.5151600280208,8.07542326508652e-07,13239.8341130836,13979.9655226548
1.31695277827531e-05,1.11336252005919,0.0239507746640823,29.7218646241445,1.37380629578332e-06,7254.4939982375,7660.03373708781
2.06072059194781e-05,1.56669305858024,0.0377942135778528,6.84120392922327,7.74650288808117e-06,33496.8070630134,35369.3410249899
2.3335763262989e-05,1.27666095018836,0.0286603259380486,40.7494028432968,5.20610199124985e-06,5266.66336668386,5561.07966737367
2.29640871080887e-05,1.04518903271079,0.016004504292042,31.8837604954396,1.00898366375384e-06,6754.6745675591,7132.27346843521
1.91747892622836e-05,1.44757193533401,0.059072201489101,30.7372866603509,6.30068793553317e-06,7010.82995430434,7402.74841884278
1.56566493033478e-05,1.1594828349298,0.00300466833428069,16.9860496754776,2.15997385113787e-06,12861.4303466625,13580.4082802433
1.99222659517871e-05,1.2861896862601,0.0308218141352316,27.9583234277469,4.57377786664955e-06,7720.52181571896,8152.11337836902
1.36593337137988e-05,1.18227161042847,0.0922888391153655,32.7194329387376,2.31994117159878e-06,6579.45069158179,6947.25425112583
1.88926737157758e-05,1.05281654747002,0.0339037165084105,45.1458733614885,9.81028921590189e-07,4747.98672113417,5013.40803038349
1.42212893576967e-05,1.3677740034452,0.0496846695405802,21.4797788354299,4.0237531470228e-06,10105.4114621753,10670.3228021449
1.22137457387717e-05,1.44910217114345,0.145345993133922,21.2507590229985,4.42892326389334e-06,10216.9847682088,10788.1332639886
2.19947543283971e-05,1.11904883310397,0.131357931724932,35.484341395028,2.69366254647065e-06,6059.38479450049,6398.11570085348
1.6143303795076e-05,1.25185169114104,0.022283718994937,22.0980182292335,3.32173023668573e-06,9816.04094929346,10364.7759381276
1.25268023661403e-05,1.1354981227467,0.00139501163589065,22.889035570113,1.49688315239505e-06,9469.11717525909,9998.45847836453
1.26673964030966e-05,1.52308327239226,0.0489854943851125,16.6764791102713,4.57447771888892e-06,13107.7159796796,13840.4617392894
1.31137467151182e-05,1.44292139748866,0.0039351362729777,19.9515732121699,4.04126599746583e-06,10899.6765271022,11508.9887649272
1.71565506007466e-05,1.1657025223398,0.0344286455949621,41.0386102920247,2.52568525791232e-06,5229.08651651374,5521.40220122557
1.30563689801674e-05,1.1079358294188,0.0720872564730364,38.7468458742341,1.37075596619962e-06,5542.44996083508,5852.28324627913
1.47984076968329e-05,1.11023779417515,0.0439149628178953,27.3700189273643,1.53683138601143e-06,7889.59707020786,8330.64025478609
2.11181881954763e-05,1.64283775780099,0.103474311323814,30.9848395078733,9.21700721597549e-06,6953.88809233961,7342.62340063911
1.7708339757571e-05,1.20264910021208,0.0427703503467743,68.1850728044025,3.11716189152942e-06,3131.75415085248,3306.8250463262
2.03055245910957e-05,1.11773445887864,0.16897650755093,25.551345324215,2.57368283443629e-06,8462.51180314308,8935.58198936118
2.24858927312549e-05,1.06643583508417,0.0115507893194933,40.0051419328597,1.41714261049921e-06,5365.89573422346,5665.85930925484
2.3767659937704e-05,1.68889952384954,0.0274778784777925,66.3881695253984,9.9684646115992e-06,3217.16663869865,3397.01225147506
2.20771253955681e-05,1.02976539487786,0.0796158496532955,23.4143695820149,6.93324113038234e-07,9251.95879021467,9769.16053475386
2.1046740800539e-05,1.65133464130743,0.158982544405048,24.8011805272393,9.87045674100732e-06,8723.81778742829,9211.49546531333
1.54742205683738e-05,1.51828921169455,0.0141314955370176,39.9522537640476,5.35797401866084e-06,5373.08981648607,5673.45555412766
2.36415896948017e-05,1.23457179815999,0.0449864529159732,32.5670846159436,4.70344144365317e-06,6610.71422561315,6980.26547499327
1.55202083467897e-05,1.25034440007904,0.109731569022575,15.2698376444252,3.4904148151378e-06,14356.9743789581,15159.5560120449
2.04492302034237e-05,1.53347685319873,0.00996125081172216,21.7797895221875,7.18545253932146e-06,9962.88863323237,10519.8326813627
1.89520768032214e-05,1.53224409455154,0.00822382493501062,88.0650261478484,6.63770136088419e-06,2420.73194073968,2556.0553691294
1.28140248526633e-05,1.58051028494356,0.0467549893371442,16.158168513803,4.93727900965838e-06,13541.8929626043,14298.9100249835
1.9351562674636e-05,1.52503827248036,0.0289070903601655,29.8866097146222,6.86051525311072e-06,7213.81650432944,7617.08229543639
1.32715126442593e-05,1.12675305841784,0.00982906298478704,47.9698744711566,1.50776661274274e-06,4465.50561236324,4715.13570101069
2.11851654873379e-05,1.25823913162834,0.0518644047085142,78.2235030445845,4.58575091816951e-06,2727.2583933187,2879.71722185622
1.34463560534902e-05,1.28395542479571,0.0379569797424013,22.9297982924624,3.09103707611646e-06,9451.90279687878,9980.28178414048
2.18955560577828e-05,1.18325410932044,0.0136963122530113,51.6077823047669,3.43804345484592e-06,4147.62498167477,4379.48495045083
1.70066680586524e-05,1.13440144635852,0.0145005326854083,38.37500762318,2.04452537168384e-06,5596.86930612134,5909.74473441933
2.32734903846765e-05,1.08378159788908,0.130018845089909,68.9414808692018,2.06798216683109e-06,3097.14109424086,3270.27705532183
1.96422443938628e-05,1.33560872519848,0.190626873950133,82.066434489287,6.09796830131861e-06,2598.76269352981,2744.03837289822
1.96817242746055e-05,1.39890497744309,0.126681139169529,19.0233555237335,6.4263052606894e-06,11446.1257195535,12085.9854859663
1.92822868292537e-05,1.10650224833374,0.0280958154403459,72.3587387540989,1.90955830022392e-06,2949.85100617886,3114.75317674841
2.00565622194959e-05,1.08102331665653,0.00740864967931283,29.2100996587064,1.51444039561264e-06,7383.83315824775,7796.603197266
1.42463987743976e-05,1.51373109034008,0.00416852439587878,37.1793652083047,4.85512199906637e-06,5779.33347897173,6102.40899469488
2.19035885791797e-05,1.3463355553908,0.00939989408978779,15.3079578355942,5.68788805045647e-06,14319.9870004209,15120.5009700929
1.43522432008618e-05,1.50649034464556,0.000159395858690884,27.6326313030319,4.82600263780616e-06,7813.21755120148,8249.99097827506
1.555759640224e-05,1.10580170511193,0.0256209839331765,15.4021481596173,1.52764709224494e-06,14229.4080653635,15024.858503702
2.35911793717286e-05,1.02488923447177,0.0645395484586803,41.713161810522,6.12417876075659e-07,5143.49159863035,5431.02236786031
1.44289432457574e-05,1.11713800723641,0.00930264601597341,35.7949693044587,1.52713768074204e-06,6006.0495160863,6341.79888094448
1.44239075830998e-05,1.41323175594207,0.0630840775319533,65.3852162189554,4.50148486938897e-06,3266.89745364844,3449.5231116923
2.28173882778324e-05,1.69647409936471,0.0074467000784415,18.6343157470022,9.43756200164033e-06,11691.8053934934,12345.3991116932
1.67276076343032e-05,1.34726726526838,0.0164528443397628,19.8202005318309,4.38370497292898e-06,10973.824685426,11587.2819435336
1.87997927776119e-05,1.3416293052029,0.0221754371902332,17.4471846078265,4.89560425668434e-06,12511.2631979081,13210.6661350667
1.51319534263182e-05,1.57594346031678,0.00418854176927987,69.3677731703539,5.55329171999407e-06,3077.96907974105,3250.03328946964
1.38162422129e-05,1.43308797651597,0.0402950429066059,8.18707161296483,4.35059987823472e-06,27613.7460137522,29157.4058954499
1.60140166258877e-05,1.32537503896283,0.167062778149449,70.8121775810479,4.71981189151545e-06,3014.73702354417,3183.26644344962
1.46730662986552e-05,1.54227806693712,0.0868298721123352,33.2173347527022,5.64964720480095e-06,6479.3070041047,6841.51234482372
2.25342582097258e-05,1.31933843825679,0.00248424712664695,32.0484820401713,5.46775018942017e-06,6719.40100760445,7095.02805071959
1.65767963211201e-05,1.31020533269017,0.0217823016031162,37.7315530802274,4.01206151997038e-06,5693.60876223026,6011.89210647339
2.37356942557348e-05,1.10054548465934,0.000619236709532758,15.0894118770739,2.16977770140208e-06,14534.6639325574,15347.178742952
1.33928398075243e-05,1.32146468530929,0.0731424181338906,51.991217376822,3.51504573654808e-06,4116.73728262725,4346.87057144349
2.34681591648823e-05,1.64542046099905,0.0352139898684742,85.1619079752716,9.54120326601313e-06,2503.74249128471,2643.70636420413
2.26895778023237e-05,1.80491687139722,0.0290521012216511,60.8776256917759,1.04211112115915e-05,3510.80379648129,3707.06427379723
1.2456590049332e-05,1.51134047679916,0.115967701977996,8.43746606239495,4.76730026941573e-06,26740.2956022199,28235.1279775639
1.27050861873133e-05,1.32282883185341,0.00688107977616472,40.4294581171228,3.12204714151219e-06,5308.86821174613,5605.64384195623
1.49650130331991e-05,1.14511739229358,0.019854452648173,15.2030477406744,1.93485905582845e-06,14422.2424308524,15228.4726697175
2.08973175883312e-05,1.22435365479079,0.0250395069759862,54.5298647277798,3.92753839424924e-06,3923.29693980129,4142.61655282817
1.40638242572173e-05,1.22964697879764,0.0245637294117824,59.9530056985735,2.69264146351684e-06,3565.40677631874,3764.71966200239
1.30821412968216e-05,1.73806797614216,0.0324035342116949,37.0502087491418,5.74127317377479e-06,5799.75829209595,6123.97559295015
1.78273020600937e-05,1.07826229645135,0.00529427882651943,24.2960924620866,1.30080257115615e-06,8909.04064178975,9407.07262253935
2.07400666912794e-05,1.50471462763261,0.0745210546702229,28.0399269683945,7.51666783398953e-06,7697.64010628211,8127.95253871693
1.66069068277208e-05,1.47158780086833,0.254124323068906,12.2660474853463,7.1349011750083e-06,18026.1795446776,19033.8765869239
1.52387090716828e-05,1.11068374411946,0.00143784708582027,19.6799982507534,1.52075717821278e-06,11054.0775698949,11672.0211138575
1.57313748693969e-05,1.50842494048315,0.0512192052996129,60.0657731873366,5.58851737229548e-06,3558.65657647428,3757.59211340242
1.62692978211762e-05,1.66068105186186,0.0169210118835765,8.78351409240221,6.58383260498242e-06,25620.4245692175,27052.6540660727
2.09165271690851e-05,1.05911808283872,0.132867629738353,44.9276170017223,1.3463859594616e-06,4771.31377870329,5038.0391139587
1.38101279968796e-05,1.06180594833931,0.00108811233888252,66.7302504131244,8.04729059931017e-07,3200.54926013901,3379.46593047462
1.70941360232849e-05,1.10539025484212,0.0135439003022406,33.1252086421523,1.65213938068484e-06,6497.60594322294,6860.83422875286
1.7054729113508e-05,1.09501048902499,0.0306312679620294,24.9919112087396,1.52651624421753e-06,8655.86212696096,9139.74095673805
2.16052205047421e-05,1.29419821283301,0.00921339181188149,51.8254706826885,4.95687902293773e-06,4130.0324104519,4360.90892169926
2.02760908467583e-05,1.48402448011259,0.00666783170992949,39.8865160316662,6.65743763176365e-06,5382.05868917975,5682.92580352533
1.34704951656992e-05,1.17135030101668,0.0191612644415245,47.6319964136265,2.00899126518195e-06,4497.52015170577,4748.93991278627
1.88372413307894e-05,1.42032530919493,0.0284961859896263,30.5687927792459,5.73801941378551e-06,7050.12315633508,7444.23818412025
1.94228973215818e-05,1.37803358837799,0.0263779321267947,26.574204206543,5.47249612453778e-06,8130.45482818472,8584.96241045819
2.18801336375959e-05,1.13244217249996,0.00190866752372725,44.1056006658105,2.56377802375702e-06,4861.2664082429,5133.02026318573
2.04794482762506e-05,1.35615681918891,0.0853467918209922,48.5934580239821,5.88007926074698e-06,4407.60131672664,4653.99444729866
1.8535747046141e-05,1.13976152091196,0.0376994463708878,34.4052904311292,2.36191671745912e-06,6252.25494604125,6601.76765342776
2.27901678726599e-05,1.17666513698798,0.0421528108702259,57.1037316802805,3.57222546561446e-06,3744.88852362115,3954.23477358177
1.62119656277904e-05,1.40339299260753,0.0137261283091954,29.325910683305,4.72476295836418e-06,7354.16189467117,7765.27325474018
1.52936964805434e-05,1.16304482659375,0.011726913687669,50.2426967307369,2.16939850259578e-06,4261.45554700095,4499.67885658986
1.45943852278003e-05,1.21127285203739,0.0214411555682023,63.2476632565236,2.60132173273477e-06,3378.19175045104,3567.03896716899
2.33604989559324e-05,1.04005505697944,0.00132819450506514,36.6781065752078,9.00845267512326e-07,5859.4180202742,6186.97041115551
2.05999256044328e-05,1.53057072357984,0.139972707800475,55.7905027647016,8.30294783940505e-06,3833.83980187402,4048.15859411834
1.54060891357893e-05,1.03925070217255,0.0818171072072952,39.7027536914523,6.33698970203135e-07,5407.28974021674,5709.56731735283
1.69854368991209e-05,1.31616682348366,0.0956663296094572,50.4767317247209,4.51174986210814e-06,4241.49833106244,4478.60599507471
1.43057611217117e-05,1.15012640393346,0.0915787708630146,70.6484892083692,2.05555107667892e-06,3021.77201601205,3190.69470511159
1.39545692746947e-05,1.1119637318478,0.0166415194954174,46.8099727729523,1.42884506148477e-06,4577.35938411333,4833.24230712745
2.05223056906722e-05,1.49172429810297,0.0891486935077969,37.2731304567176,7.42679901792433e-06,5764.59534028209,6086.8469665766
1.58180691065826e-05,1.16189716888821,0.11127669781661,62.5187876716577,2.47999381186278e-06,3417.89564750239,3608.96238608436
1.54241327164751e-05,1.15518650852201,0.0294999941344562,56.1808204777646,2.13501108806245e-06,3806.96346823067,4019.77982331954
1.98071000471134e-05,1.38365997976393,0.0226773917694071,17.650254049584,5.61941635748095e-06,12363.0377217457,13054.1545784543
2.3741835758429e-05,1.44577169733319,0.0337562729211307,42.2078484912412,7.57581909051568e-06,5082.48001219513,5366.60012000118
2.13032212759461e-05,1.4895896757844,0.0493133118224273,14.6696706334269,7.36484422625411e-06,14965.5698291619,15802.1730825024
1.62241968054101e-05,1.41792157391082,0.0793887442773682,29.5931366468772,5.1942357577103e-06,7286.59916027719,7693.93363753828
1.37282040902814e-05,1.04889616919172,0.0259342973390741,13.4188133394612,6.56994421688847e-07,16415.9881230745,17333.6724630187
2.34028414660636e-05,1.29759166959908,0.0921935344037076,55.0522552160564,5.91216551345223e-06,3885.72547136187,4102.94476925955
1.42339731317321e-05,1.28728386625411,0.0101283608980917,26.013130046072,3.20906055554985e-06,8309.30171828046,8773.8071751295
1.53705412814626e-05,1.30197771970215,0.0953055232679214,12.8889356112545,3.94049710725489e-06,17118.8516545422,18075.8273762241
2.26004519417407e-05,1.67232817102407,0.157196980545437,60.7339734618031,1.07804856330569e-05,3519.17710984,3715.90567098283
1.79749165504742e-05,1.02359397852202,0.000149236121899335,24.8946858980317,4.14378971143154e-07,8690.36981446136,9176.17768830143
1.59842111955732e-05,1.25707939385791,0.0842285813039294,38.317702069266,3.56944719089659e-06,5605.351287214,5918.70087406779
1.49506848194227e-05,1.10263986475685,0.0271524397109441,45.2836388724054,1.43051356934718e-06,4733.37952819882,4997.98426813127
2.27066122808587e-05,1.20459572242583,0.0059533909688214,16.5920135368258,3.87963526456243e-06,13176.5614389164,13913.1557880442
2.33740689793099e-05,1.53687605755894,0.0600441639365838,39.6375362704585,8.68662400622404e-06,5416.30123802587,5719.08257468936
1.44544983412027e-05,1.04281170809331,0.0556850711943647,19.6498480558013,6.28399975956746e-07,11071.48940703,11690.4063051488
2.23847082873099e-05,1.33947136144883,0.0457013807593625,19.2943538441549,5.94465345702842e-06,11281.0039984115,11911.6331527807
1.76711760881972e-05,1.27413632704978,0.00620789891524918,45.6017500265016,3.82571728411862e-06,4699.9913642474,4962.72964357035
1.79930838428987e-05,1.29223767314667,0.00933355232317522,15.9161296611817,4.10737209446054e-06,13754.6537009496,14523.5644852462
1.68318772581099e-05,1.32320408777792,0.0962217348206536,45.5639831416406,4.54896269441058e-06,4703.93062087066,4966.8891119827
1.81288489104761e-05,1.65823313025169,0.00161614703839329,36.3530649937091,7.20773716037224e-06,5912.54598195759,6243.06832494197
2.04987895791214e-05,1.23207300596649,0.021116124690679,19.0781520965078,3.94435592110262e-06,11412.3488419523,12050.320417938
1.78336937074475e-05,1.71174268335669,0.0766895763106019,54.0588506987004,8.03099615659718e-06,3957.80169057376,4179.05018349505
1.42642947306857e-05,1.61805076915872,0.0370418022631259,23.2670082428066,5.65807041878286e-06,9311.86205810991,9832.41250700042
1.57031025191965e-05,1.12034408545349,0.121570978746078,13.2903245599545,1.92019014689094e-06,16581.0669148042,17507.9794669578
1.82100199925154e-05,1.12148628538986,0.0555727288945949,31.7839600759599,2.08865525196397e-06,6776.22663440789,7155.03033599975
1.83932471306249e-05,1.5473578789339,0.0357950658612746,25.3311680267509,6.74778546596185e-06,8537.56886801537,9014.83488408661
1.88716502121985e-05,1.80664324426366,0.0215028022038926,19.9322007913348,8.61094734334997e-06,10910.5474689813,11520.4674127238
1.29646516005518e-05,1.33419690269153,0.00520837601307345,42.1623669157946,3.26441644013812e-06,5088.02893788065,5372.45924097723
2.0149877457222e-05,1.28858011866639,0.0179867624663125,47.543873146361,4.59516489841962e-06,4505.9456056938,4757.83636535957
1.60501481193518e-05,1.14980751938691,0.152071516820136,35.526732483867,2.46615220239773e-06,6052.05042950093,6390.37133117719
1.84770757666714e-05,1.32693276465862,0.0275048068305186,39.8289389085752,4.68109006163207e-06,5389.93881062117,5691.24643844601
1.33643506980836e-05,1.41951673594161,0.176092322591399,41.8591577801822,4.79369720396947e-06,5125.33353227995,5411.84923174936
2.35608615451036e-05,1.23671606840198,0.0558240268220221,31.3264273148029,4.77622742776613e-06,6876.81842735191,7261.24539769979
1.59348610108495e-05,1.10239340618439,0.0230863129837561,32.4965948190054,1.51502699311779e-06,6625.2802661586,6995.64578436027
2.36000988696506e-05,1.52108821677284,0.0573772561040408,20.5592939144335,8.57672842699723e-06,10569.3185801873,11160.1631929027
1.37274836050803e-05,1.66303592281512,0.00127136975786712,46.329840849036,5.47990324999012e-06,4625.31743509445,4883.88130256525
1.92054464634815e-05,1.1643338380959,0.0506046708690497,16.9513734302593,2.85507778320198e-06,12888.5563909732,13609.0507210013
1.69242131451331e-05,1.20752660073531,0.0874165659411412,16.4126483843952,3.18716673907178e-06,13325.1830990487,14070.085676049
2.17061180374436e-05,1.13049557702699,0.0349838321786905,73.1031719367181,2.59635866258182e-06,2919.60388739956,3082.81518764049
2.25799271627935e-05,1.06838939899146,0.0566179347285122,21.6636719947976,1.53208797326329e-06,10017.5717479483,10577.5726841354
1.52464304982824e-05,1.50096501718661,0.0133347874859985,47.1289677855018,5.15737191331195e-06,4546.04264713799,4800.17490617227
1.85806246563317e-05,1.25979749594832,0.149067656163792,31.6005234714245,4.50287274313326e-06,6816.20093287866,7197.239272278
2.08548484117147e-05,1.45079938422179,0.0273783818621764,33.3518759502902,6.66238425728686e-06,6452.76761713864,6813.48935664961
1.93758899800396e-05,1.17309417201489,0.0420577406946676,46.5358384387009,2.98444139223183e-06,4604.61879312913,4862.02556792618
2.09672144775912e-05,1.10151400289967,0.081096173477839,40.7940631826189,2.10279346257744e-06,5260.82540673869,5554.91535458402
2.090444514539e-05,1.24970610430274,0.0123758874101935,39.3117270443146,4.22920769204572e-06,5461.77397106465,5767.09731827854
1.28371192899384e-05,1.37698467461559,0.02471280947848,47.9110898121811,3.60349471449016e-06,4471.04276994431,4720.98239602331
1.83148230503825e-05,1.30012709419004,0.0218495246763284,23.9049477160396,4.32223402216317e-06,9057.97395344462,9564.3315839679
1.74783932054881e-05,1.40076649428145,0.0322088173296481,20.7551582665234,5.16698958999904e-06,10467.0731060949,11052.2020061952
1.50781478231242e-05,1.06469999710345,0.0364327948090187,42.6093896365314,9.50902925920674e-07,5034.01059508204,5315.42117211129
1.28175705072815e-05,1.27352526103283,0.216737958210073,25.3877700911641,3.51464109555918e-06,8518.14670819158,8994.32698932049
1.47500693129813e-05,1.05338586716348,0.0535442357470511,46.0208064770257,7.89815708537491e-07,4656.72058348587,4917.03994549576
1.5259673163861e-05,1.45920757415652,0.083037493407503,15.0242246532753,5.2369471108916e-06,14599.9494864377,15416.1138810042
1.9326215715942e-05,1.17221795807268,0.0454761679878619,36.9343037384106,2.97454988950999e-06,5818.21082780317,6143.45965980395
2.22263175543593e-05,1.41705210309105,0.00614011747897982,9.30304950786721,6.58168544178983e-06,24105.0032033819,25452.5178207296
1.53796854652092e-05,1.57412497879016,0.0126393887028856,51.3345552445611,5.68109551172192e-06,4169.91919206817,4403.02544876768
1.88078416832741e-05,1.15263050583057,0.0327925307402388,24.6511224017573,2.57491009040406e-06,8778.03691506502,9268.74554326415
2.07865920889741e-05,1.11639344345531,0.0079663822963072,40.4113809667721,2.18453514588315e-06,5311.27302069416,5608.18308420767
1.32838024294842e-05,1.68798615772339,0.0304933899921728,21.9677511518814,5.58439880503406e-06,9875.62652067171,10427.6924540296
1.5323509511333e-05,1.6414526275754,0.00988380146656572,29.3650316460963,6.04785769849829e-06,7344.19275617852,7754.74682282061
1.26339243120812e-05,1.0737239790593,0.0433978418806393,35.0629411636189,9.06812036281519e-07,6133.27261286839,6476.13398601513
1.97534605934853e-05,1.14088303057333,0.00243779413439946,24.6662398608723,2.44518750083622e-06,8772.54414859331,9262.94572090665
1.26174350183643e-05,1.72507904380828,0.0773774414413256,48.8752355994157,5.74800600324003e-06,4381.92594991345,4626.88377961474
1.72688417768134e-05,1.6142069456728,0.0682354795239182,52.4079106879099,7.05186970474533e-06,4083.6879188557,4311.97368662411
1.98766268087178e-05,1.16234867245851,0.138461298432324,40.6391861313813,3.22232963672669e-06,5281.12639728624,5576.35120834974
1.23347395719476e-05,1.39467544724114,0.0696013008127422,22.8454339705886,3.75164697225717e-06,9487.59998449019,10017.9745110886
2.10095169509836e-05,1.69047763352603,0.0668852719725946,17.7376523442021,9.19625795169292e-06,12300.3194090996,12987.9301952073
1.48272093875734e-05,1.34945473586635,0.0973931133528173,24.7543407994755,4.25388801714492e-06,8740.66990279338,9229.28964534426
1.3890547911658e-05,1.78611992371985,0.0316251303234582,48.3485277502582,6.31317365634661e-06,4430.16488203903,4677.81935797663
1.30709376068702e-05,1.15111025902829,0.0315471482818718,10.7850192493253,1.77173758791423e-06,20625.7635698059,21778.7822053882
1.29766004768908e-05,1.24548135625885,0.0859496700652848,36.2470983986839,2.79811672495411e-06,5930.07506729822,6261.57731883212
1.92643249221677e-05,1.19725320132065,0.0134646287739028,35.145293364126,3.21714539064549e-06,6118.69173690732,6460.73801190511
1.68872427381137e-05,1.16866259544507,0.051631351350506,89.7672300474713,2.569824105598e-06,2374.57092097126,2507.31386229925
1.30083336961577e-05,1.26455104111702,0.0430029402159263,31.3644937987056,2.84366360030971e-06,6868.33547156826,7252.2882288733
2.34815182959298e-05,1.49470876409957,0.0055723275315073,34.8552156787819,7.81512130247308e-06,6170.36207365524,6515.29681680479
1.84440876757354e-05,1.37968925434595,0.0282022467243329,86.1298127246143,5.22299973072059e-06,2475.4411372341,2613.82291170068
1.94329503111932e-05,1.57337283346208,0.0121047595632148,18.3495979849356,7.1684412540659e-06,11878.3974680077,12542.4220310312
1.66692927716682e-05,1.76640902230797,0.0332684403758532,52.9901743311212,7.48123009010039e-06,4038.38558041529,4264.138863009
1.66376239252863e-05,1.14333779800906,0.076910714370067,49.6436652863386,2.25957026440087e-06,4313.40366588808,4554.53097216819
1.92305799636925e-05,1.09108272668914,0.0716139483125404,13.0710101840071,1.7291515754064e-06,16870.6437893878,17813.7442286806
2.39705558528714e-05,1.12499345134352,0.148322266291115,64.4358553217835,3.12699810406481e-06,3315.40842151336,3500.74593309849
1.50922017807132e-05,1.52427741718221,0.0332842878112292,85.810383278537,5.36962678257926e-06,2484.71019494661,2623.61012701936
1.2651193678977e-05,1.72125709196466,0.0548965277261298,18.0740936562106,5.60906592601863e-06,12064.7116853678,12739.1515604821
1.43185776351364e-05,1.67401509153152,0.0299378761492518,19.3783808927002,5.94297758909902e-06,11230.769074888,11858.5900033807
1.85419374508224e-05,1.79245674388106,0.0233030806777178,78.7042101578433,8.39293469017833e-06,2710.4939717728,2862.01563789247
1.77131248016814e-05,1.52710333327146,0.0845907906210869,44.7465742621537,6.67880204041167e-06,4790.83811733288,5058.65489951636
1.86498045747802e-05,1.30275751096718,0.0322755132058624,28.175286881584,4.478632845622e-06,7659.98270984885,8088.19002361943
2.15092207560567e-05,1.14216147895404,0.0188025173797893,55.1954722002852,2.72843198717478e-06,3875.55035256694,4092.20084235481
1.46929738374716e-05,1.6638254093685,0.0471858563737085,22.551735598586,6.15234668738994e-06,9614.00463139547,10151.4454134085
1.8375339955911e-05,1.4254652519697,0.108485964081346,36.559211430314,6.15184497331479e-06,5878.74028087428,6207.37282214508
2.12905490957815e-05,1.61890092922398,0.0107487962591805,34.2665630593535,8.22757313019393e-06,6277.94561070062,6628.89447413597
2.01798765177391e-05,1.25944924842532,0.0851524824186524,71.5148715494665,4.54393146757888e-06,2984.90513288101,3151.76689448363
2.12486420525657e-05,1.05584048591182,0.018534665004652,35.2731760574957,1.14497942540029e-06,6096.18637676916,6436.97456017913
2.15485474421717e-05,1.18153296936811,0.0101786795443356,29.0156444427485,3.34473252341897e-06,7434.19562687755,7849.78102178153
1.43449751947196e-05,1.5037669140123,0.0393115322371918,35.5879110419862,5.00218519059096e-06,6041.49676919857,6379.22770158904
1.22375907157911e-05,1.20944589963852,0.0526852724317913,31.9973850691581,2.23707933863856e-06,6730.3034581836,7106.53996861124
2.33960100982217e-05,1.10827701124418,0.0362605041865261,51.6375568476101,2.37169858700179e-06,4145.2098973541,4376.93485841426
2.15713803927479e-05,1.09223323924131,0.00784285068569327,93.7416001119056,1.83594682052431e-06,2273.35420525941,2400.43894348363
1.51921155213118e-05,1.52637461986683,0.028395785468052,26.5100865047579,5.39207357832809e-06,8150.50221974456,8606.13048858001
1.5663358533402e-05,1.5225960569414,0.11829713997996,27.2666373080705,6.09727800190556e-06,7920.07638459679,8362.82341967109
1.63450648841355e-05,1.31658001985367,0.0109379233715351,44.5066384826461,3.97367317795663e-06,4816.96126986879,5086.23838497968
2.21942296075886e-05,1.0660990370411,0.0502646297010858,30.8460263757495,1.44885479421414e-06,6985.70330672353,7376.2171448193
1.46178876468306e-05,1.25281746219725,0.0980027532063026,54.6383579884881,3.27032929326318e-06,3915.43420585528,4134.31427739631
1.72006363536101e-05,1.68175942973593,0.0269712474138171,39.7865024913795,7.16602566702661e-06,5395.76153233142,5697.394661155
1.7181991449248e-05,1.47725529290984,0.0835434629576301,28.5230219732995,6.05687264469307e-06,7564.91038593995,7987.80297956336
1.59589072851408e-05,1.39124481495052,0.0926669717931933,42.0591948481669,4.94622205797964e-06,5100.66135424801,5385.79783296978
1.39590661737397e-05,1.4538665084905,0.185127113411966,15.4242095314808,5.34763966156969e-06,14208.3580013259,15002.6317018417
1.33910356251067e-05,1.50168944609271,0.0295508147459998,36.7004622841208,4.60988560160896e-06,5855.79905810708,6183.14914225652
2.22563358876575e-05,1.82786190996389,0.0244572254032502,49.5678316450142,1.03326530778655e-05,4320.07043148146,4561.57042238691
1.96938143843589e-05,1.27581609458239,0.0584639643733764,20.7967584403205,4.52184026068158e-06,10445.6111322836,11029.5402680369
1.81541912890272e-05,1.14431127397718,0.0140377928118757,42.7084450707446,2.32201334750379e-06,5022.1955944946,5302.94569096465
1.69416889532385e-05,1.11112734385428,0.0114081265466689,38.8781090973744,1.71391514357707e-06,5523.49117656651,5832.26463062561
1.5530456182058e-05,1.13668167731873,0.0345373041475329,19.1040648202089,1.93425237601093e-06,11396.4454553544,12033.528002381
1.4047004194974e-05,1.76455894822531,0.169732309675432,19.4193080059149,7.33047944265854e-06,11206.4628295429,11832.9249936074
2.06375863946602e-05,1.21823211528609,0.104279612900402,54.2584286920844,4.12728869966613e-06,3943.10751561545,4163.53457676264
1.87828928293744e-05,1.26392628989102,0.164574218250829,35.3498206367669,4.69467298727626e-06,6082.77730224042,6422.81589338606
1.44720820819801e-05,1.86635864456476,0.0368671272693994,32.9168384862897,6.97494488255435e-06,6539.37809980156,6904.94152675888
1.60866180797461e-05,1.15372561433566,0.00292190260025605,52.4467423121798,2.14967234845541e-06,4080.63506076381,4308.75016807352
1.63727087609908e-05,1.6915847212149,0.00181872233811813,67.7876552495131,6.70587762853381e-06,3150.25174530713,3326.3566907954
2.03792468183096e-05,1.60718792513916,0.00223699607723728,31.5525320634444,7.71628606837436e-06,6826.73712972333,7208.36446216862
2.35335989132579e-05,1.37261243318863,0.0919223948743916,46.9081215884754,7.03498590495829e-06,4567.6779493223,4823.01966208277
1.57161602460695e-05,1.25588790857158,0.104780092570793,32.8074970168269,3.5769082194273e-06,6561.51349500924,6928.31433182506
1.91590783139002e-05,1.6149694244267,0.0242285375457745,13.7628414099063,7.47665104752234e-06,15989.7604677008,16883.6178871053
2.310027116419e-05,1.31743011067184,0.0114037701130486,18.4131536791066,5.63000119255543e-06,11836.2310861021,12497.8984697675
2.03893161348375e-05,1.46665563925145,0.245236729209211,42.2895657065987,8.59502845839408e-06,5072.54055053326,5356.10502390255
2.30375727780154e-05,1.43517989364274,0.00959069482253641,34.0583393457909,7.05300768456374e-06,6316.90492979905,6670.03169180276
1.96562630656119e-05,1.21031945041258,0.01765290868286,16.0512227066153,3.47701609308772e-06,13635.0846206853,14397.3112704858
2.07645807333738e-05,1.23138075927288,0.0115040300008853,28.0008298407951,3.94706245945491e-06,7708.58602731231,8139.51035713889
1.74260516469805e-05,1.73596144668327,0.00553702663088685,44.6527185227185,7.42878416578461e-06,4801.02290478132,5069.40903557037
1.67074240982914e-05,1.72451459389179,0.0711138902402657,17.1926499713986,7.55647464529332e-06,12702.1521086471,13412.2260917849
2.38765319055878e-05,1.15322941149138,0.0509015780118884,55.6826119640429,3.34253077420614e-06,3841.33597952332,4056.07382207315
2.23438443883164e-05,1.19351804205342,0.0379842650692071,25.2180195078682,3.76580687535317e-06,8576.66084620586,9056.11217673602
2.33422867771676e-05,1.29188280780125,0.00781191883505597,30.4898079599752,5.3152605321801e-06,7068.69465851039,7463.84786788948
1.46518424119251e-05,1.09863200840186,0.116805025702111,37.9949161908429,1.48934046201174e-06,5653.61227699535,5969.65974314953
2.12112811828041e-05,1.50780681602363,0.0122132582448981,31.0108078382187,7.23181266634721e-06,6947.96844524346,7336.37283423445
2.14785189629886e-05,1.38530892156833,0.0410568776353953,28.381756451395,6.22965611107961e-06,7603.24690951419,8028.2825862751
2.24061924084406e-05,1.46292128410131,0.00345868833932551,11.5413969561127,7.11457836756874e-06,19210.8139221193,20284.7342345451
2.24479767496688e-05,1.3010923402988,0.0617077786606818,29.948358218686,5.53630652040257e-06,7198.68737237832,7601.10741680439
1.73312637311211e-05,1.68459556339193,0.0693136956435754,42.6826868725217,7.56757969817619e-06,5025.26260681096,5306.18415498723
1.38535233583152e-05,1.75769209730429,0.122821998616231,26.2773927243152,6.80793176682474e-06,8224.09557833933,8683.83785311825
1.97078401250169e-05,1.40818502426765,0.0473807753584768,53.9852192566875,5.99663921099156e-06,3963.25059058086,4184.80368717079
2.02881477128025e-05,1.5433828876102,0.0931926788819598,30.1420064003953,7.87679584019454e-06,7151.65013540109,7551.44071058993
1.76420030996846e-05,1.47080217660718,0.0240207619612785,37.8333070858431,5.78606889903577e-06,5678.08865706071,5995.50439849117
1.44893467414565e-05,1.5373244762402,0.0464016995196443,31.5174335302439,5.31065034986803e-06,6834.46342836015,7216.52267530316
1.70510855228836e-05,1.28215720027557,0.0170724908563427,55.6622787355695,3.81744546908822e-06,3842.75200223442,4057.56900309365
1.58983944336595e-05,1.49324958501088,0.238176386042948,37.8936868466614,6.89323626243499e-06,5668.91912737195,5985.82227499831
1.64264409029977e-05,1.16325609097795,0.00379692974193115,27.3078934416256,2.31410197034286e-06,7907.88491608996,8349.95042534651
1.8246562506672e-05,1.12893796243921,0.0759791933649239,35.363481488618,2.2552847218404e-06,6080.39350936999,6420.29884205015
2.02235425881743e-05,1.44780550908314,0.0599291930246308,60.1680524134507,6.65374799004122e-06,3552.55626519808,3751.15078335324
1.90496478316169e-05,1.17529640569272,0.0271069654660768,35.0094474219084,2.9203770151262e-06,6142.78124355376,6486.17416688248
2.14324172924012e-05,1.10876390764307,0.00365793745001021,55.4069955688493,2.11008073962336e-06,3860.61937950792,4076.43520006639
1.41168513900032e-05,1.23002455100335,0.0575163795199377,58.491549030036,2.80103066994337e-06,3655.26370636082,3859.59976195157
1.45615674792957e-05,1.38416223815319,0.0404233024725191,10.5916939302029,4.2116225550698e-06,21021.53065399,22196.6734073956
1.29165450524502e-05,1.38078246122261,0.0879950149467954,19.9864998746646,3.90566069448777e-06,10880.1318853749,11488.3515412908
2.22643650354249e-05,1.84188347926658,0.0224264677468311,53.3693432996247,1.04097600574056e-05,4009.42130685525,4233.55543255967
2.32838342347629e-05,1.3320795289473,0.0608825320696839,34.4301521665045,6.18067046082663e-06,6247.67305020263,6596.92962106987
1.60329803920649e-05,1.18038376940201,0.0443518835139512,16.5762134484946,2.56379410062514e-06,13189.520033951,13926.8387926996
1.23906407480417e-05,1.27542126291757,0.0190129246259506,53.6923161082427,2.72752527297661e-06,3985.07548657316,4207.84863553659
1.35743684786819e-05,1.31521943304573,0.00648746851026583,54.8719173465528,3.27457624761793e-06,3898.61416329033,4116.55396309484
1.82173153544376e-05,1.28164903797359,0.0148735360493898,22.0025664130824,4.06371731082846e-06,9859.63091316302,10410.802662241
1.42866616174467e-05,1.3920374815502,0.0478365564073317,115.145820015348,4.22560899255349e-06,1848.91604290538,1952.27389658589
2.10777199321752e-05,1.38816263378638,0.00351570747662791,58.6835500214895,5.91449068006263e-06,3643.20103807842,3846.86276802409
1.99756765235122e-05,1.88187425534431,0.00337292547592408,91.3619496998653,9.3923909126041e-06,2332.89393676979,2463.30705698368
1.64602600561772e-05,1.13091102677165,0.0301036245207295,20.0961067624194,1.96449871852216e-06,10819.2495508174,11424.0657707304
1.84990069300979e-05,1.20095714496227,0.0401359736290017,18.2123043386946,3.22482545309704e-06,11970.5194250462,12639.6937772085
1.28489751899969e-05,1.83425395229207,0.0799835804776764,23.2081587016929,6.35192580219777e-06,9336.00209429927,9857.90201621636
1.66264596038153e-05,1.16810103613349,0.00600011425800369,57.5511982539072,2.40711122764738e-06,3715.51493234283,3923.21914379064
1.35033499229606e-05,1.27030961685765,0.108696286834667,25.9063439539458,3.22374711810464e-06,8344.23577120837,8810.69410674266
1.97868812370244e-05,1.36413380572958,0.0110044078516642,48.5201440532546,5.34045555360919e-06,4414.33103605074,4661.100370479
1.85695936831143e-05,1.17878713409908,0.0437343476324052,57.3965110985999,2.94520974321696e-06,3725.61699262706,3933.88592807774
1.67293285602825e-05,1.34809443834431,0.0723428818970185,41.6363808498635,4.65650214122615e-06,5153.09285847616,5441.16035603086
2.28885692632617e-05,1.05391171176856,0.0163990298207842,26.1487155532168,1.19033300385144e-06,8265.36551547755,8727.41485668088
1.48780565852523e-05,1.7518144463815,0.0178308517534545,20.3121827628233,6.50093540966329e-06,10701.2020414816,11299.41918555
1.53010672046039e-05,1.42385960143978,0.159971737232528,47.452307551819,5.42218489435086e-06,4514.73368810537,4767.11571796132
1.94826903686877e-05,1.34253635370344,0.139068556774142,39.5908160276112,5.77365383730467e-06,5422.77535422887,5725.91860605762
1.72483234148836e-05,1.33369409833208,0.0260361035080911,68.6279548519678,4.43086565809391e-06,3111.39470132035,3285.32746560967
1.32951554791806e-05,1.08748917379803,0.115483384189829,25.9747454428217,1.20923358744428e-06,8321.82514582156,8787.03068561723
1.93355242075492e-05,1.27783547285815,0.0391164690070507,36.5542551944928,4.37511162867808e-06,5879.54851164182,6208.22623451929
2.37484759315979e-05,1.33054644959911,0.0967806745498779,37.3558577245733,6.53180568004032e-06,5751.65444525443,6073.18265139154
1.62765220069299e-05,1.59821333698628,0.106297569943735,73.9914660490795,6.81681879966081e-06,2884.31342984189,3045.55192771434
1.63377708042478e-05,1.29076331324211,0.0385922554349152,57.2554291638171,3.82798944802277e-06,3734.87856323926,3943.66523775324
1.37125005323086e-05,1.30744069392988,0.0189452950473114,12.3267270891041,3.286674454477e-06,17933.5816357974,18936.1022823097
2.01395449770587e-05,1.48093225493113,0.104590449043878,25.3546364931775,7.30409655923439e-06,8529.50527186266,9006.32051787623
2.08276055190889e-05,1.48145520767423,0.00284969962700026,47.3959116035396,6.78792448611315e-06,4520.16341451568,4772.84897620045
1.20912947159791e-05,1.33613676736198,0.0287257440815032,45.3362911034993,3.13177524358237e-06,4727.82055668182,4992.11453974304
1.29470063846754e-05,1.27470822987194,0.00373583230212539,21.2734339191799,2.80059357406783e-06,10205.8282767614,10776.3531038705
2.39115039245971e-05,1.15935167896764,0.00375709807137562,19.4714928403819,3.29892675440725e-06,11175.6229396395,11800.3610963645
2.227529506878e-05,1.3123681342956,0.00400366166834239,30.2370761649778,5.32312968305707e-06,7128.78191285018,7527.29411176585
1.66447933420418e-05,1.22580398821547,0.0501616784160632,35.2627074555913,3.22798578772889e-06,6098.0224636043,6438.91328769131
2.30491565921986e-05,1.21942320826566,0.0783840869101594,49.2846261104103,4.50009985126187e-06,4345.15114605783,4588.05319566536
1.59367111516362e-05,1.69496367852522,0.130240265987664,33.2880137448675,7.51264155877741e-06,6465.33781461743,6826.76225160174
1.42114641843885e-05,1.77813823139102,0.057682599730099,40.8923528313873,6.59972930509793e-06,5248.02254863384,5541.3967928431
1.95883647143198e-05,1.47367847830733,0.0459736364179214,25.8540332759932,6.59947916547816e-06,8361.45613685823,8828.87712293578
1.5110969054332e-05,1.08451809794065,0.00853947568153467,44.2808132536964,1.18774490363558e-06,4841.80972826249,5112.47591852187
1.98249764801245e-05,1.33270575407247,0.0504748074271947,22.6702726885284,5.21222362572613e-06,9562.58425493317,10097.1505420404
1.76025719550932e-05,1.01098090924455,0.00562597905532291,18.8973457487738,1.92271106657304e-07,11524.5626862407,12168.8072253192
2.27623904805444e-05,1.1360340879671,0.0803856628457405,38.0691215210853,2.96385982404058e-06,5642.44412281632,5957.86726833142
1.62472666378766e-05,1.58731654956068,0.0140555759284756,48.7330069229069,6.09718499916871e-06,4394.84822345049,4640.52843233314
1.46840676720729e-05,1.35723359395909,0.172631789531762,17.6026989054408,4.67129299543916e-06,12397.4335107205,13090.4731561559
1.4069643045092e-05,1.13131882880986,0.000928817781980275,40.3485717182156,1.63464139897065e-06,5319.64551773548,5617.02361944221
2.38262614022987e-05,1.48779275059475,0.0424851693541179,53.5729599011123,8.1581621402618e-06,3994.03808461716,4217.31225951997
1.92198326879349e-05,1.18565088718393,0.0170365134905043,79.2117348668852,3.06156793981176e-06,2693.01652963728,2843.56117415887
1.74404431320922e-05,1.82185615433118,0.0367972038614461,32.1436276883942,8.16795825151259e-06,6699.19383136783,7073.69125565968
2.09416750786565e-05,1.19046503499891,0.0698251679767128,17.523693317175,3.60193236939054e-06,12455.0020368658,13151.2598702361
1.99630863034325e-05,1.37523983221953,0.003325731981663,34.5244669691016,5.46507620045511e-06,6230.35219056478,6578.64049308746
2.05667485271199e-05,1.45455644964448,0.0418101884426382,62.154939028023,6.70751858095026e-06,3438.06679808467,3630.2611415887
2.21217952164905e-05,1.49591933580756,0.212238863263497,16.8164448138849,9.30926508494714e-06,12995.2046351424,13721.6608008409
1.89367015561704e-05,1.65670721604473,0.0285928227975696,37.7960529565134,7.72717034670249e-06,5683.76104217346,6001.49388050658
2.23769140158976e-05,1.15041353006273,0.0204840585434712,16.0652777735809,2.9868379434485e-06,13622.7639900068,14384.3018935834
2.1364613627024e-05,1.51060182805299,0.032927414523833,43.9090602894001,7.46721448124904e-06,4883.27838988701,5156.26275564006
1.80607315037297e-05,1.21234275592047,0.0733858443477841,32.3830055007577,3.41381397230787e-06,6648.88796095386,7020.57319330574
2.26505349729024e-05,1.79941523903704,0.0125239266348472,61.5741435461884,1.01902043559697e-05,3470.76316265997,3664.78529389868
2.14531907327659e-05,1.18945347045792,0.07796751188655,14.0340103940772,3.70587303960853e-06,15669.0929510648,16545.024458478
1.25102315344764e-05,1.36071792720984,0.0181175517819717,33.8828323953972,3.37753540501183e-06,6350.1203895327,6705.10395765818
1.45262639857018e-05,1.6441473865855,0.0236583273736771,22.6403398560189,5.82894671779466e-06,9575.516871703,10110.8061161976
2.39478142110715e-05,1.17827493316181,0.0331434145958318,36.98379668731,3.74745694115453e-06,5810.31700893084,6135.12456174043
2.06942488800287e-05,1.38718255293998,0.00952662415822611,67.5919196078247,5.83149523275213e-06,3159.44270820476,3336.06144565346
1.39310291462922e-05,1.06396352425863,0.05727703036245,108.453877185142,8.88379065119258e-07,1963.52991840421,2073.29490139653
1.98578021758972e-05,1.44502091714243,0.135120008963094,20.8620869021972,7.07084259914589e-06,10412.0845784429,10994.1395173338
1.73024276175136e-05,1.78259549068498,0.0372655323535527,89.2749935707383,7.89000212667936e-06,2387.73763635868,2521.21662162316
1.42750374573134e-05,1.6252634777517,0.137904914493337,26.4451817461351,6.37020984663176e-06,8170.89665133282,8627.66500691482
2.35709110047519e-05,1.40020730890325,0.00404287986546955,35.7432327565277,6.76422605245818e-06,6014.86749091625,6351.10979700652
2.19747333671283e-05,1.49640304658348,0.0415061152369907,39.7687803738745,7.60518919693404e-06,5398.19691864461,5699.96619010332
1.59036891804552e-05,1.4289652413945,0.0294387470319081,27.1801110619355,4.91890219459745e-06,7945.76798387213,8389.95122724205
1.59972084920341e-05,1.24847599819949,0.196006205167606,56.6230590725614,3.95992257139842e-06,3776.9637562059,3988.10307146497
1.63623529420942e-05,1.18759146584016,0.00949253201388732,40.2207818592996,2.60931689551349e-06,5336.76170746228,5635.09663608397
1.6551169505747e-05,1.36436831208926,0.140815438042323,42.8454073427321,5.14449164085391e-06,5005.95025898284,5285.79221091206
1.95400446371119e-05,1.45524768248472,0.0243367869666608,51.2682065637707,6.26509531992906e-06,4175.36918794683,4408.78010957624
1.26736300009489e-05,1.21698096184075,0.0336276386879468,45.7086915587021,2.33823759418549e-06,4688.87258838524,4950.98930740909
2.235837371004e-05,1.3043970235522,0.106612747031646,32.2539271616149,5.84009471094667e-06,6675.91986200749,7049.11622802309
2.07127697728341e-05,1.56123976578431,0.0497751919980423,12.1287375234095,7.83575771178881e-06,18239.2905290762,19258.9008726472
1.57909288689606e-05,1.0733800243307,0.0200393342848452,25.0644653895556,1.10158082938764e-06,8630.28889518744,9112.73813363294
1.90124562637182e-05,1.42970948741211,0.080648688512157,46.6655198019676,6.21547971446077e-06,4591.68316489181,4848.36681395486
1.8844110223758e-05,1.41650997302787,0.051060940268816,37.5637852350182,5.83894413730865e-06,5719.3837894349,6039.10800575043
2.23923591049388e-05,1.82451385124122,0.0406910256608129,28.6964692574632,1.05482837163072e-05,7518.36593606441,7938.65660816828
1.99062033915119e-05,1.35451001928085,0.0369240688210208,17.9567017866872,5.40959974781049e-06,12145.888052003,12824.865837347
1.97892056225874e-05,1.19912907467478,0.00719581132201902,34.7342872787264,3.30997592950393e-06,6192.16121185123,6538.31456746546
1.81738743819902e-05,1.52007767156581,0.0343361845131729,27.7524535736532,6.43895989161089e-06,7778.85704561874,8213.70965637292
1.49780591261974e-05,1.39585378282671,0.030546970821959,61.2303639498589,4.38144001715091e-06,3490.41118133229,3685.53167344403
1.34232056896091e-05,1.54123969219923,0.0707855862955607,6.65198456961502,5.07286516530571e-06,34531.5780568941,36461.9576465229
2.00134107263424e-05,1.34056974455537,0.00698965216341031,105.675799311418,5.12006196183969e-06,2015.39470275981,2128.05902388767
1.50404833682729e-05,1.54034043904822,0.00844020324273726,39.0674737762305,5.32092370115361e-06,5496.36802103292,5803.62524013275
1.30927699450292e-05,1.7434281451397,0.079867730645652,49.8570361830059,6.06750038885626e-06,4294.75550593839,4534.84034531208
2.39782122406829e-05,1.70117899586277,0.0563277964522716,30.4112080114301,1.04728098151877e-05,7087.27305982888,7483.46483647687
2.32338966267128e-05,1.39821548832882,0.0433558053394089,28.6225603659013,6.91679601146245e-06,7538.12911070325,7959.52458111336
2.20630883205123e-05,1.16715925253902,0.0277587996687958,27.5663478465926,3.24999497862261e-06,7832.35588418732,8270.19917975387
1.81424579008603e-05,1.32388968499935,0.0183855877921604,65.2579086497122,4.52160325921534e-06,3273.32010217658,3456.30479824672
1.9395862595086e-05,1.63524202566738,0.0366511288265014,42.5720209981066,7.82120762382915e-06,5038.48225632366,5320.14280755272
2.10967689374685e-05,1.60241144492058,0.00441244605625986,61.364886740499,7.9661126946627e-06,3482.69637193008,3677.38559181372
1.69922725344133e-05,1.03798376765901,0.0108024141611875,48.7817288174956,6.2859140101208e-07,4390.41299188432,4635.84526305394
1.62922935670568e-05,1.26285329696628,0.0142072349051649,20.5237402870893,3.43993256067272e-06,10588.0929828195,11179.9871196426
1.51567027498931e-05,1.29345002360425,0.0248593721056014,39.5381331245359,3.52626697194668e-06,5430.09432008417,5733.64671574878
1.80286789938295e-05,1.2551380297888,0.0613668361864412,28.9573472656844,3.90430078459224e-06,7449.42830974655,7865.86524002077
1.79208986751493e-05,1.32076205201753,0.0578141249359429,49.3848259781631,4.61926856130981e-06,4336.24421114844,4578.64834648959
1.75669669886548e-05,1.02203463762053,0.0310973249439203,45.0945006200637,3.9088504059997e-07,4753.45684680382,5019.18394627587
2.18201111453511e-05,1.59976004557698,0.0127007890631179,47.755262017924,8.28554744545939e-06,4485.78746958164,4736.55135185849
1.5458057982509e-05,1.56439958613666,0.111544944957379,18.0399056423998,6.2769774008551e-06,12088.2404278165,12763.9956034976
1.28839220726229e-05,1.43645510277734,0.00238173735179309,61.9433564489128,3.92396932333505e-06,3449.90643609618,3642.76263743736
1.72317367331386e-05,1.05967944515126,0.0816131135802569,12.43432201867,1.05668478454472e-06,17771.7095039754,18765.1811965451
1.98872570623728e-05,1.10024029935327,0.00103545957389855,29.522694354173,1.81372309988555e-06,7304.28829033635,7712.61162294509
1.27133585188184e-05,1.41579233686213,0.0479759981935053,50.2943933741474,3.92178187335129e-06,4257.03099740999,4495.0069664282
1.31252433712324e-05,1.34086741754451,0.00115150680088693,33.5613393910062,3.34042475504104e-06,6411.87920417035,6770.31520516928
2.06578989686854e-05,1.18359406859055,0.013140232606508,33.9466956334759,3.24696391182991e-06,6337.9936388188,6692.2992989718
2.11341077315407e-05,1.42285258292576,0.123334365963414,41.4109457070818,7.16420671747458e-06,5181.4912138179,5471.14623237846
2.08155173635483e-05,1.55652240358333,0.0181294863537199,23.9207031947937,7.57968225482285e-06,9051.87865778278,9557.89554991528
1.89333353216825e-05,1.48866431073116,0.0209671995610385,34.4919927408011,6.34797593897016e-06,6236.30521179,6584.92629929722
1.82833987214891e-05,1.21965462165646,0.00254969770525217,43.7627382765769,3.30111898089655e-06,4899.795944339,5173.70367217913
2.36201378774419e-05,1.18090506899025,0.217219864374676,46.0887752472306,4.62237014933393e-06,4649.77727411287,4909.7084921846
1.73401340876827e-05,1.16494580859389,0.271227649408472,53.7461560634474,3.36887771862998e-06,3981.04573266601,4203.59361087347
2.39292087378949e-05,1.14725151436056,0.0111627906743363,50.8810881161047,3.10594773120114e-06,4207.45400831608,4442.65853121896
1.95709506396912e-05,1.79125156594018,0.0561682690120575,22.4246282352635,9.15938058913634e-06,9669.7608081698,10210.3184644092
1.61157208896149e-05,1.02814631549302,0.034068667666223,12.9603415194407,4.56733490261292e-07,17020.643674404,17972.1293869098
1.68754173394879e-05,1.0610945363719,0.0355189732946509,28.9351950062026,1.00739899769099e-06,7455.23293606173,7871.99435576837
1.9998087261105e-05,1.14632426954718,0.0901824262405452,26.209326053858,2.80564907126334e-06,8245.87474962047,8706.8345206763
1.78576053523142e-05,1.59617723914076,0.0356473826364092,62.5348479975539,6.91629457287543e-06,3417.01074333229,3608.02801412145
1.38796975647435e-05,1.3496479902696,0.0545607744637251,35.955471335621,3.80321116375233e-06,5978.85734529078,6313.08661710789
1.8464755538539e-05,1.66881859466511,0.0649918885598431,27.8834405879076,7.91441058857505e-06,7741.63906571509,8174.41112200823
1.98386949745417e-05,1.42695276346339,0.0100085747512269,41.2304337310392,5.99574521874215e-06,5204.45720951928,5495.3960700544
1.88203621400334e-05,1.42324241930021,0.00464659047255569,27.0959823032153,5.62280150473563e-06,7970.90805562049,8416.49667586907
1.53334328958895e-05,1.47562248872277,0.036569203021495,48.4756675750589,5.12978296814887e-06,4418.42369628748,4665.4218180528
2.10554767199764e-05,1.26776611632055,0.0603187562263581,71.7900513955516,4.7325056034467e-06,2973.38301013199,3139.60066359257
1.26054059069585e-05,1.40860432534972,0.0488276403751516,32.1171035313727,3.84419769456074e-06,6704.81484242866,7079.62649171789
1.84242987393206e-05,1.20847901517029,0.0212857792323656,41.9305743452255,3.2475069939272e-06,5116.49780436855,5402.51957017551
2.04098520601708e-05,1.10734210954099,0.0288128321172703,17.3820069628396,2.03711749449208e-06,12559.5945952868,13261.6993476618
1.72625439317431e-05,1.20588019444494,0.0521997554262644,41.0012220063335,3.10949887058889e-06,5233.91418402298,5526.49974434867
1.79094471095726e-05,1.62597275809559,0.027658744262718,60.2517270482843,7.09083773728647e-06,3547.58113310772,3745.89753210403
2.29306324346764e-05,1.20889488637046,0.0702175430165204,16.2092694093992,4.26150598784435e-06,13497.8125303789,14252.3654144188
2.07081047056206e-05,1.35793959372984,0.0679557769638037,12.5988107230108,5.85629962520688e-06,17529.8178136048,18509.7673097309
1.25837810792103e-05,1.27113938512838,0.0251354147940838,30.4543669565182,2.75334513995842e-06,7077.05965417226,7472.68048240348
2.13529955499843e-05,1.12946916350707,0.118798232129193,43.045959708987,2.77756817432625e-06,4982.35112467898,5260.87384100541
1.20685900980514e-05,1.48546639765277,0.00770119837364267,32.7018911020889,3.97470696402317e-06,6583.03539406127,6951.03934515677
2.13993697121367e-05,1.58870395502198,0.0220271408123815,31.7463719357454,8.10809025890536e-06,6784.37955598316,7163.63902109034
1.80012984119514e-05,1.15697032916604,0.0413601781355244,58.872835135348,2.54762504835448e-06,3631.38668115942,3834.38796652815
2.06249163575722e-05,1.65399582045014,0.0079359109723409,50.1623738098077,8.22023011122826e-06,4268.348404566,4506.95703774296
1.77935625514733e-05,1.61643189948119,0.00324129159901462,10.3642544452434,6.80758072404295e-06,21507.0454130955,22709.3293466665
1.51351482637497e-05,1.27838036421538,0.0847835498907019,21.8797241383084,3.60109055647602e-06,9916.30236753217,10470.6421565604
1.99395813100906e-05,1.73185284772086,0.0234209532286306,22.172206601845,8.62804605626916e-06,9782.42669428351,10329.2825835965
1.36080622170959e-05,1.07708173043398,0.0588773552375618,30.9259916423312,1.03477648653872e-06,6967.34024523929,7356.82755396436
1.91032618431207e-05,1.25462454165585,0.0157876127816214,14.0110329925973,3.9390974654289e-06,15695.7647728546,16573.1872848294
1.2798389667945e-05,1.5161169594846,0.0812379386990132,51.1542475207156,4.74199910636208e-06,4184.76330534803,4418.69937565335
2.03602134049069e-05,1.22052769746751,0.0514447264688151,39.015641359288,3.87816045584816e-06,5503.76558749966,5811.43634435607
2.19430030524228e-05,1.6682965990942,0.0998370320181817,40.691121675436,9.76472126456839e-06,5274.30134548619,5569.14462343031
2.03673574994355e-05,1.45651861475069,0.00678422270603512,26.8730520323274,6.42724126878723e-06,8038.30188002132,8487.65794069431
2.08344946363438e-05,1.24126041724523,0.0139011111361208,48.2356553837266,4.10654389220164e-06,4440.64090292311,4688.88100795828
2.37163289139681e-05,1.60590097796662,0.0324692961183988,23.7468843240883,9.24814903090259e-06,9119.58110486324,9629.3826900033
2.2038470084114e-05,1.49016984227107,0.0619827673335915,35.6368177343794,7.72806947817342e-06,6033.08651563257,6370.34729916971
1.51825553024998e-05,1.34390533148764,0.060430102644675,64.2995812826483,4.13503201377066e-06,3322.49032656263,3508.22372984262
2.16258520795908e-05,1.81965136384224,0.0462472165786424,37.3009289108942,1.02133526086545e-05,5760.24038058997,6082.24855651886
1.2412399581369e-05,1.30620591245789,0.021071705845774,37.4170792856919,2.97235897774833e-06,5742.11500289464,6063.10993641972
1.40121049004607e-05,1.34825172217475,0.0371346123277,41.4757660749744,3.75883888074305e-06,5173.29369708197,5462.49045917459
1.98696146012088e-05,1.33174390828308,0.0283168169556755,40.2986124590784,5.09375497116544e-06,5326.32397904698,5624.07541919149
2.00343303310052e-05,1.26064402039156,0.0756205527949658,36.8379419154382,4.48095183271712e-06,5833.64164265662,6159.75308597494
1.51516032005567e-05,1.04467409199266,0.0205956006396655,17.8706733286387,6.61553121603224e-07,12206.0738685592,12888.4161532514
2.34573761608601e-05,1.12345487974271,0.0863241820718294,24.5356773986435,2.82116613458524e-06,8820.21056568504,9313.27677957697
1.80199008746278e-05,1.07614325843961,0.00205564291856596,29.0710065385374,1.27761377967772e-06,7419.78742654306,7834.56737618754
1.30245662928438e-05,1.31351640378519,0.0316822781026812,38.2334445426637,3.21043788138773e-06,5617.86931335867,5931.91868121095
1.55491279095579e-05,1.51964311370123,0.00877614817795199,59.4016160435629,5.364027910466e-06,3598.78484886549,3799.96363103031
1.75292792501589e-05,1.46580282019699,0.00801025829229513,39.4228003020056,5.61533597365349e-06,5446.18609349938,5750.63804929734
1.43876385358013e-05,1.47446072390295,0.119851141653105,12.7559142328066,5.26008832560235e-06,17304.8589934949,18272.2328721925
1.83119746703329e-05,1.2438372586063,0.0257697569529003,77.5313569162973,3.68469777150773e-06,2751.76418157771,2905.59292936436
1.92529807468839e-05,1.15636075119063,0.00117620831348854,135.124705785796,2.60636430462074e-06,1574.52620116648,1662.54515115653
1.56181217241827e-05,1.44001270425643,0.0130227409981739,56.1714005531772,4.83519116395137e-06,3807.60766321191,4020.46003000118
2.18559109907001e-05,1.16656441974919,0.040560422918629,56.9506980846294,3.25248154833817e-06,3755.04116491912,3964.95496645558
1.82919935391694e-05,1.29525437669277,0.00777107666963244,55.9839942342626,4.20225508849702e-06,3820.46917963433,4034.04052916898
2.20467087560445e-05,1.58626490075423,0.0199993381213087,7.36201970331057,8.31430077643844e-06,30945.0417836665,32674.9273093433
2.32464206753019e-05,1.16624617455761,8.05861340034867e-06,33.5339614464237,3.31369045708827e-06,6417.19406410497,6775.92717568259
2.29456670800494e-05,1.13176261982662,0.0195137309051414,19.1652961612951,2.72449402785405e-06,11359.041590001,11994.0331912234
1.8679264030491e-05,1.09124374181248,0.0490556285398099,33.4069925150116,1.64239419531473e-06,6441.95808537466,6802.07555190812
2.33818033869211e-05,1.0959545916255,0.038483021973619,69.5875107083051,2.12903916337566e-06,3068.17904686758,3239.69597550726
1.47394312612647e-05,1.62145398959767,0.00759103269646543,59.7799834901115,5.69230192771013e-06,3575.81372539231,3775.70837893055
1.45893274472198e-05,1.41246585440382,0.12129771565152,23.6477180920702,4.84837339059452e-06,9158.66207635663,9670.64836066073
1.27645529311672e-05,1.96677443113745,0.00195392124429731,31.4906544053951,6.28666120402186e-06,6840.3701349486,7222.75957780162
1.2430406907334e-05,1.4527666141978,0.00896280088280826,17.0428649964139,3.90902520774116e-06,12817.2316883956,13533.738834581
1.94733219520301e-05,1.43831434016257,0.0742792655104432,24.098872749363,6.4103621120285e-06,8983.51717765727,9485.71253560637
2.12641216249885e-05,1.84023995106454,0.0265993958702876,9.89090194900027,9.97413180621263e-06,22593.1217857047,23856.1194132462
1.21348264526641e-05,1.08975037019226,0.0124658430941851,30.8153022079722,1.01201121174433e-06,6992.78451052322,7383.69420111268
1.99819474762799e-05,1.2563791225356,0.0125942203800609,64.176439796146,4.12947918545553e-06,3328.91583024025,3515.00843115471
1.24950649593836e-05,1.48643364708162,0.154528058325128,32.4272998095018,4.83627064910449e-06,6639.66212303654,7010.83161384938
2.35098677152041e-05,1.34498478453426,0.0441056590806221,26.9455836191606,6.30829591158085e-06,8016.25018417053,8464.3735139351
1.23757544943066e-05,1.82508323851961,0.0293184056872159,28.2276566564593,5.76373979047457e-06,7645.51200844188,8072.91038302648
2.20991907882867e-05,1.19322494639431,0.180077021587749,61.4810678924413,4.36447553091527e-06,3476.0608399228,3670.3791211968
1.91320825018231e-05,1.1014257363672,0.0436160917249257,28.8134058899275,1.84210427334455e-06,7487.30801212279,7905.8624883779
2.17280786667271e-05,1.75942144939743,0.019659633817413,81.3597628657365,9.56638175819531e-06,2621.47508342939,2768.02042773526
1.50348974031536e-05,1.65164574570993,0.0116359767384137,79.1503544960454,6.001662427403e-06,2695.11827230157,2845.78040815631
2.00929111313894e-05,1.43178777232507,0.0120057505330166,29.9983226264428,6.1329760960827e-06,7186.49186136012,7588.23015398452
1.89707699991195e-05,1.13871789247742,0.0855061493021213,56.996984258589,2.52703580097515e-06,3751.96461897246,3961.70643585498
1.65693202415798e-05,1.802860663381,0.00471848834752284,40.5039916161372,7.41360643659421e-06,5298.9759547348,5595.1985893361
2.00518902745033e-05,1.37916167036098,0.0221097309132194,51.4248128231714,5.63722648162739e-06,4162.5280796312,4395.22115936645
2.03368772864342e-05,1.47876360331912,0.0808316372933236,11.8288454364424,7.16311118224337e-06,18722.7327464886,19769.3684112807
2.13191012817705e-05,1.36328059393132,0.00749832923867489,36.8981649001141,5.72381047652017e-06,5823.98831169388,6149.56011581494
2.0108418201101e-05,1.55077103799991,0.132013781343346,26.8347984043365,8.22768938979029e-06,8049.98103058637,8499.98997754906
1.60787752522342e-05,1.43389946309003,0.112063357873193,21.1242196031664,5.47940286732405e-06,10279.6953402714,10854.349473939
1.96218381756926e-05,1.09809246787121,0.0277485590298412,53.1416900369379,1.80280624787827e-06,4026.76141537413,4251.86488547143
1.96497075166712e-05,1.06013109489643,0.0051160049927655,13.9207160671511,1.12024909419803e-06,15801.4895449096,16684.822268742
1.82748919673022e-05,1.09444657047871,0.124049146193891,31.4501401713165,1.80035245248659e-06,6849.32584738403,7232.21593125807
1.62238329202663e-05,1.6292537256698,0.0050829186371785,45.7686021120973,6.29791152080879e-06,4682.66661340515,4944.43640685798
1.28604989516186e-05,1.98163520883304,0.010905975227025,53.8139825649886,6.44081729158099e-06,3975.98071531504,4198.24544961002
1.3258703425535e-05,1.22517997649554,0.0134376172038442,7.4780303343545,2.47002035530218e-06,30428.792750212,32129.8189924901
1.90223133999445e-05,1.67458916893543,0.0194512732421063,38.4501622660048,7.81477982243533e-06,5585.78425665669,5898.04001002407
2.18496271114647e-05,1.71568758239768,0.11795993044446,41.7862621176258,1.03330761661036e-05,5134.38378435154,5421.40540978388
1.76082511245785e-05,1.36669564508849,0.0335541352489683,47.2793815286203,4.88837648646237e-06,4531.4242527392,4784.73931627393
1.66930613563238e-05,1.15834178373277,0.0579238010227135,56.5447376177449,2.4221498519659e-06,3782.2422710905,3993.6766651722
1.44436253133416e-05,1.42153122767263,0.010556501526958,38.5497166282533,4.32864733038017e-06,5571.16776741006,5882.60643177944
1.39012756757475e-05,1.36147978340025,0.0791816464216387,43.1921452855407,4.00817614926675e-06,4965.28909661423,5242.85801376358
1.55111163829593e-05,1.09554626721906,0.0736520235273614,50.5243341143672,1.46030838166394e-06,4237.46191735532,4474.34393831639
1.8706168833456e-05,1.30369035575383,0.04862150388543,27.0429082188358,4.58014709107166e-06,7986.85011641577,8433.32992758313
1.72890054834047e-05,1.64050399571073,0.113573657462767,44.6794541133431,7.61487914320234e-06,4798.11727476883,5066.34097542331
2.21041286889799e-05,1.29685690573177,0.00276814647739455,21.2115526648677,5.07367592625327e-06,10236.3327298942,10808.5628128021
1.85076664913893e-05,1.15849652302206,0.025124513124266,29.1786049192852,2.59728283364635e-06,7391.94369965958,7805.16713306299
1.20346077667493e-05,1.36928730600338,0.0431500482816382,42.243407075858,3.39197286684552e-06,5078.15015268402,5362.02821327136
2.14677139549116e-05,1.47862701960016,0.0307998802760357,55.9097954846539,7.16970350386675e-06,3825.58541242681,4039.4427689126
1.49130101983622e-05,1.1865163519244,0.0739147065035329,68.4072731056753,2.53133970045226e-06,3121.50632503296,3296.00434793862
1.4705880129626e-05,1.44405804976849,0.0206934776558897,31.1130417625644,4.61764887669476e-06,6924.76119089715,7311.86825110555
1.7307232193294e-05,1.35363492442193,0.0165621356980514,26.7979712609659,4.59755164341759e-06,8061.25677574819,8511.89605788648
2.3414169427542e-05,1.57253226245072,0.00184253231633593,25.4510154104606,8.54023660839913e-06,8496.54929584934,8971.52224136486
1.5215260489421e-05,1.22404141438034,0.0983560624062063,40.080389936159,3.08865246230425e-06,5355.69331005147,5655.08655055155
1.23564721065005e-05,1.08857186501292,0.0148196750239765,28.5625837891834,1.02049760621819e-06,7554.24333565933,7976.53962128577
2.05547617534976e-05,1.92411402526892,0.0382966160660365,26.672197831517,1.02649443619282e-05,8100.00545476973,8552.81086030339
1.4016076589562e-05,1.51525198249795,0.00587384952522453,37.9548007126804,4.79417232866782e-06,5659.66822385404,5976.05422872754
1.90894453755291e-05,1.87850423467392,0.0302565419147823,34.2914831407359,9.20575598853157e-06,6273.31516100933,6624.00517367452
2.35218237651559e-05,1.63294891220258,0.0122323806183708,53.232420117682,9.23000369931774e-06,4019.83265497212,4244.54879444586
1.90321622739136e-05,1.07631141322889,0.0110594203872556,35.6764074289325,1.36446097964918e-06,6026.29559339724,6363.17675172129
2.24985262861177e-05,1.15612993200625,0.0607582268558856,13.3783331098649,3.23478710715867e-06,16467.6400394417,17388.211817804
2.17761575021418e-05,1.35923501674035,0.107540524862644,49.385083500962,6.44860712876281e-06,4336.2213665141,4578.6242247976
2.26102839172846e-05,1.79762122410641,0.0229301195716212,10.4837770630299,1.02675954851025e-05,21249.1357886933,22437.0020934467
1.42038345955359e-05,1.43758054022451,0.0212246580753059,25.5480591613848,4.41714908526219e-06,8463.62233159896,8936.75459842808
1.41424634306096e-05,1.29822206869426,0.0746543964540319,42.097280417782,3.5107922330249e-06,5095.990849168,5380.8662379487
1.69702358747413e-05,1.23393474656458,0.0750272960985183,62.2970709977349,3.47819086884737e-06,3430.15897092054,3621.91125214376
2.22979119048435e-05,1.1712497591274,0.0060731250677092,41.5861430193342,3.28005001522241e-06,5159.3943929636,5447.81415804392
2.0534953573538e-05,1.38900958118903,0.00225216623674647,31.6951135400117,5.7639346227741e-06,6795.52924886143,7175.41200258657
1.25503742572814e-05,1.46350778603445,0.0199029120962365,29.9137338085136,4.05549599500121e-06,7207.16294727979,7610.05679214362
1.82543363266904e-05,1.47233140952834,0.0111468010235614,18.4667238040789,5.9219867131513e-06,11800.9215621787,12460.6150776302
1.2442663350259e-05,1.71875398121798,0.0647525093470368,27.3915953072581,5.56349113483537e-06,7883.26541892524,8323.95465239285
1.37885388954487e-05,1.58277352416344,0.026712227144499,42.9014612631002,5.21617078691473e-06,4999.3318746964,5278.80384660554
1.77653030568324e-05,1.36554749773189,0.0100621315273209,47.8281893725065,4.8038990446693e-06,4478.87486683118,4729.25232172731
1.86063663710011e-05,1.14568608464978,0.045649406619042,24.9338366878736,2.47911992298791e-06,8676.44118179587,9161.47041910319
1.82311183524532e-05,1.17364009570767,0.0480237484063809,74.8617875852388,2.83330870105604e-06,2850.5547443147,3009.90606873082
2.24205986834764e-05,1.12270463216943,0.0320453657021172,26.2233817624902,2.53149776887999e-06,8241.36792296328,8702.07575400703
1.43674672730556e-05,1.70990688222798,0.0440516136010796,28.056260818267,6.23976230535989e-06,7693.0763626265,8123.13367328291
1.24527495641196e-05,1.56832443529867,0.0238381209024207,32.0370338331377,4.62272694970321e-06,6721.84061511388,7097.60403683689
1.74933351411726e-05,1.0867618509116,0.00124336919998498,18.8761521446987,1.39829798933057e-06,11537.8607681405,12182.8486947884
2.21623410571944e-05,1.46176306685904,0.0407833155738192,72.044776030838,7.29845525926796e-06,2962.79637264839,3128.42221333726
1.91846915522609e-05,1.08808723475369,0.0216920323095721,26.9045593113835,1.58752276082534e-06,8028.70786956227,8477.52760716476
2.03161268006992e-05,1.08258454865231,0.0317569360605396,37.7462492941134,1.60060570569065e-06,5691.36197104823,6009.51971547566
2.01248647508221e-05,1.6557501297845,0.0884851371056995,24.7191411895921,8.74385296969506e-06,8753.37702397931,9242.70711829401
1.92429935770473e-05,1.76906942287288,0.00705880936369233,41.1818778778593,8.42483363416126e-06,5210.66961423114,5501.95575977127
1.75487351423604e-05,1.55394772933545,0.0361774429691367,32.6149118531719,6.49042446813352e-06,6600.86760543159,6969.86841038678
