a,Rstar,R0,psi,pi,mean_nz,meannh
2.01100740567623e-05,1.8096818970541,0.00167164811761888,19.5654223925852,9.01246716057721e-06,11062.2796113187,11681.3435577176
1.5573238230125e-05,1.45658478516968,0.024578021800487,37.3617647477807,5.00455040741348e-06,5720.60527708165,6040.74005969888
1.314101137577e-05,1.12519381379667,0.00115731917154481,8.78483529040655,1.46379924496701e-06,25482.1281598332,26908.1513101727
1.60686470079571e-05,1.65245060335206,0.00438507251920948,39.9854669661763,6.37235612330218e-06,5340.44449784677,5639.30483789626
2.14861820273325e-05,1.35855282720845,0.00261448859684904,23.2346441371119,5.68543180929743e-06,9276.26917473952,9795.38494517231
2.22315885670641e-05,1.24019418117292,0.0309646639022698,10.5841572308696,4.44317736639889e-06,20927.0559314692,22098.1695072091
1.76989424632816e-05,1.13063482225281,0.0141779671549333,31.0284909012083,2.07432875889879e-06,6907.56479927309,7294.12385173717
1.75806242567394e-05,1.53042984998955,0.0826132826090937,16.1608192495992,6.64183053098635e-06,13468.6670601776,14222.3965333032
1.68236629724912e-05,1.36526975648846,0.127757608892247,27.3295989241427,5.16024011338591e-06,7860.09096659655,8299.9550003945
2.39946407945445e-05,1.47526748566472,0.0782130629649675,17.6938626478578,8.38570196118216e-06,12267.0597436224,12953.5452314623
1.28404117609877e-05,1.10718906531002,0.043719523862124,8.32220615256634,1.29991962458181e-06,26993.2232138429,28503.809808643
1.7298083760716e-05,1.43567514999639,0.0354328925020626,29.9003616835093,5.44207194075258e-06,7172.6670079346,7574.06163003346
2.16395198349562e-05,1.32127032042623,0.0153946270470307,9.10465880206558,5.34385621467831e-06,24532.8122555434,25905.710076318
2.33274774009772e-05,1.14948892639714,0.00837482607507883,16.1940979480106,3.05924485798122e-06,13440.0879346548,14192.2180714
1.60396132732211e-05,1.37077340048704,0.0530760117840628,20.0749716794417,4.58156874997298e-06,10774.1942579012,11377.1364588685
2.39406825856743e-05,1.34022302845095,0.0108893323381829,32.7711086985787,6.14423378480907e-06,6534.49961323319,6900.18130457021
1.65973868913688e-05,1.09142920447701,0.0180618800872151,20.265236797665,1.41591641154602e-06,10670.4346791171,11267.5703179132
1.28208715528054e-05,1.659802626145,0.0466792316197057,18.0027234128549,5.34601450754932e-06,12050.4708924034,12724.8357004475
1.90799709255667e-05,1.04762676562702,0.000486493060674397,11.2794132710604,8.67811416329768e-07,19575.2854537412,20670.751658779
2.05561112239547e-05,1.22267952306539,0.0412742409800819,33.8075168237234,3.9048541884228e-06,6331.13883705542,6685.44011413185
2.21532529475614e-05,1.21452606092206,0.175482850631269,20.1058319661742,4.74568519965004e-06,10757.2279242301,11359.2206603631
2.33939678558176e-05,1.21321869247567,0.0702383114186408,8.66141221461301,4.4218840721308e-06,25868.448413259,27316.0907007982
2.38961952395216e-05,1.17125504432761,0.0451315589237186,17.581492902809,3.65903170596626e-06,12347.8039606423,13038.8080319382
1.29301633681068e-05,1.36929238792531,0.00979647258419242,25.2946434135555,3.52166481143416e-06,8505.35568682766,8981.32982977251
2.23799848504197e-05,1.30034946052716,0.0142808338808019,15.3925687862794,5.24400947975961e-06,14163.9736926475,14956.61370528
2.14173087318745e-05,1.20473332125788,0.0537597834032374,20.8169291186954,3.84637107114658e-06,10380.5676325497,10961.481819341
1.25976241088687e-05,1.7415562702282,0.000567735116788611,9.58534845118586,5.36705930674768e-06,23232.1233740994,24532.2324370163
2.00954897917667e-05,1.23124267938107,0.128423580923508,23.4095287276622,4.3301921204328e-06,9205.43428720463,9720.58601708151
1.74136208429374e-05,1.2558797232226,0.0124610488952737,9.29279349515907,3.59265070022618e-06,24006.7496036217,25350.2080653498
2.09785683181733e-05,1.11953703105064,0.0197021129951407,19.5035311251441,2.28492772571267e-06,11098.3241840378,11719.4052459154
1.99931145647848e-05,1.55582810773616,0.174440798478539,11.2380369424134,8.65166734511736e-06,19650.8229232084,20750.5163332702
2.04610903470106e-05,1.19919947741178,0.0770224528018541,19.6035046874942,3.68234639508941e-06,11040.2171834887,11658.0464789729
1.60865241882708e-05,1.63732208111553,0.0443510160767908,29.5316424838024,6.55211057786829e-06,7263.78206867991,7670.27564425519
1.27829838132737e-05,1.16392377430203,0.00998064658076997,8.91297284985553,1.81844572896557e-06,25093.087315886,26497.3390801616
2.34109494342003e-05,1.51739843516716,0.0423096616227912,19.6187486564418,8.33505794872443e-06,11031.4104595094,11648.7469157695
2.15019860860286e-05,1.46027248250828,0.0178484292646516,17.5017344305467,6.9003577657477e-06,12405.7632780026,13100.0108510899
1.93053022470586e-05,1.26429276213763,0.0740680538909869,7.23239308237458,4.35838859138767e-06,31377.7932851183,33133.7478643624
2.30838726896653e-05,1.22625212571731,0.0471321132030904,12.3866934279926,4.46969879259036e-06,17749.5253812665,18742.8189532344
2.16641562308623e-05,1.36682704226028,0.0319199399894501,39.7961086528541,6.00576702258462e-06,5366.18156074841,5666.48219052917
2.17079326795321e-05,1.39230577175796,0.0818521064848461,20.1827780282537,6.66170462098557e-06,10715.1564586988,11314.7948042001
1.48268261302533e-05,1.14621537723289,0.0533125013588738,15.449804784296,1.99784375479878e-06,14109.7057283962,14899.3088136239
2.36212274286747e-05,1.45249580302704,0.0349239114141441,15.3253901961992,7.62482403068673e-06,14228.2037991688,15024.4382375994
2.38831776358802e-05,1.44089761323789,0.0210255655184063,26.8770320693833,7.46474057926602e-06,7994.98339285118,8442.39623581601
2.3971475795676e-05,1.39609682212416,0.0117512886375942,14.2418965590493,6.88182722178731e-06,15350.9958020697,16210.0635870368
1.23003640657375e-05,1.5880853888519,0.00681301832748455,17.8722552725944,4.58614830509096e-06,12141.0214936627,12820.453667072
1.78348469056981e-05,1.43906393251483,0.0206599514071033,26.3969920347963,5.55617077493361e-06,8143.2190448906,8598.92740658872
2.24631927105272e-05,1.14353948292103,0.0296004262722231,19.0685487518549,2.90556776093265e-06,11358.4351790419,11994.0724937649
1.52667148924749e-05,1.26996997302174,0.010448686365058,11.8643341712266,3.2796127848701e-06,18566.4100449516,19605.4178694445
1.78522008567872e-05,1.50892254935612,0.0885137250989575,18.2051032359194,6.60568092086414e-06,11912.6531575556,12579.3054511978
2.07566320171533e-05,1.75919016531171,0.0269909109701148,19.7434252657176,9.20594548085156e-06,10959.9065443796,11573.2415201639
1.66548931892691e-05,1.4436593155454,0.0280858789824346,15.7107701190609,5.26612712322533e-06,13867.4548634436,14643.5011790229
2.09284007336469e-05,1.76192356583899,0.0147603664793173,6.03573100386013,9.18563587248956e-06,38194.5760569357,40332.0093722757
2.09652937647616e-05,1.85270872063308,0.0844539393916771,21.3487514105718,1.05391101969526e-05,10115.671057435,10681.7611821938
2.32777310396098e-05,1.25948456686965,0.0635229262342761,29.7514346476406,5.12095822210004e-06,7209.19210985814,7612.63073866572
1.70505327056581e-05,1.38768690453352,0.0051253889394023,15.60949460589,4.78797410407028e-06,13960.4729621043,14741.7247283924
2.32589528666558e-05,1.14533007743474,0.0240570256203846,23.1622297286266,3.02398876313825e-06,9305.91997651474,9826.69505615013
2.29183323911838e-05,1.18666680161767,0.0789295749194331,22.5619452238069,3.91397022940027e-06,9559.21078284565,10094.1604459903
2.19889192368295e-05,1.38345502655308,0.0550491216892155,37.8945342496424,6.44961471388577e-06,5639.09256757242,5954.66576058935
1.57367282734299e-05,1.41428993253075,0.0597826988320784,26.9999656263455,4.90280627345771e-06,7957.88577397968,8403.22257121547
2.0664352778119e-05,1.47399441043757,0.0623014979971133,18.0230234415176,7.08640866122654e-06,12036.5031056857,12710.0862526732
1.57737802062817e-05,1.29681418145252,0.0776516179671162,32.3573355140443,3.91417393576789e-06,6619.38561952085,6989.8176758724
2.18624880224559e-05,1.2205635911553,0.00433073257503908,15.5335391689964,3.96778701140512e-06,14031.0587739615,14816.2606421077
1.97224063711306e-05,1.62077255903122,0.0528950684320497,18.3256369220522,7.97559337159488e-06,11832.0595594192,12494.2016984939
1.67174103437886e-05,1.5217622675606,0.0725340101181787,11.3298893564479,6.18000503955318e-06,19483.9185203273,20574.2716766665
2.20302464791043e-05,1.68601154324458,0.0297685311415708,17.5586755236684,9.23857300740918e-06,12364.329622458,13056.2584978431
1.67619540225752e-05,1.53804983541365,0.0453267667880506,13.1217126427559,6.14206265518059e-06,16714.7741206393,17650.1612554665
2.00850133898249e-05,1.39286009728402,0.0134058954617646,9.07087374776322,5.74189382406997e-06,24629.736414433,26008.0582756778
2.18850096301334e-05,1.401026356835,0.0493717073056618,9.32808622468576,6.58950013225234e-06,23910.5697171206,25248.6457891249
1.72767327715717e-05,1.09440148017495,0.111198040171627,33.2008309007755,1.67668010640966e-06,6448.61616180319,6809.49166940227
1.85966574374735e-05,1.16547182800701,0.0158470258840825,12.4904149546889,2.6827879157069e-06,17595.8063769677,18580.4975725013
1.53320015049744e-05,1.65822266007091,0.0014696192608996,13.9824812597403,6.0948200026342e-06,15646.6316091155,16522.2436757168
2.06117731504887e-05,1.695260815871,0.0322842072614334,15.7343102896253,8.73513011591475e-06,13846.0113536941,14620.8576540652
1.59559680709122e-05,1.64217560729461,0.191350620181308,15.7241016566098,7.71592054461044e-06,13855.3025785925,14630.6688316817
1.60948608898306e-05,1.44245295420111,0.109646439840279,15.0961589620762,5.54475067207797e-06,14451.8299636378,15260.5789018603
2.35459505766453e-05,1.50831912678891,0.0100016725648711,11.3816038536114,8.01520466042103e-06,19391.1908932133,20476.3548541246
2.05079431433799e-05,1.5400961174991,0.0679704931790882,29.7249458558148,7.71624257419176e-06,7215.72762395383,7619.53199122491
2.23224737579841e-05,1.34881981368314,0.00676483153737305,24.1951041536842,5.81202752893446e-06,8900.14981813507,9398.21731087125
1.54826174045037e-05,1.23276474104748,0.00349657490385555,21.0980396166672,2.93356575663498e-06,10238.843400192,10811.8264583491
1.57183602544852e-05,1.2364849851379,0.0468594322970439,13.7343435314607,3.15397160790618e-06,15940.2755381121,16832.3204174707
1.61274970430844e-05,1.45668253333805,0.0162351307577893,11.116019375694,5.13946595944266e-06,19877.0167586254,20989.3683597041
1.87216603507586e-05,1.35317292084122,0.064804672271469,24.9564404226651,5.22477125060406e-06,8623.00703163381,9105.56514355919
2.17877412247751e-05,1.4281746314445,0.0129097465956152,18.472105678263,6.61736879600616e-06,11735.5808495122,12392.323876198
1.33345682447981e-05,1.51978354745211,0.00125223237608901,14.6556372676266,4.56623358307187e-06,14901.9379537517,15735.8756992054
2.1018365664144e-05,1.05742641734364,0.0944205299259552,21.172159056065,1.26044472490461e-06,10202.1179670437,10773.0458076167
1.7461227776181e-05,1.51002549077108,0.0440590734802797,41.8536434170676,6.16940483878585e-06,5099.16248630548,5384.52027538826
1.97454136239784e-05,1.32973699714249,0.0329554754472045,31.441388461364,5.06305621419432e-06,6815.37059644897,7196.77030481394
2.2299686408272e-05,1.1084142239652,0.0114034495652865,29.0350359255573,2.20624649531512e-06,7390.2222125775,7803.79159325034
2.3284392290161e-05,1.04272348544632,0.0248723884949442,18.6631313806869,9.783417667016e-07,11612.092400915,12261.9248043831
2.15226097104186e-05,1.53161118455986,0.016687605612013,17.4243273553075,7.59695293112477e-06,12462.5366874127,13159.9613968692
2.11378341940809e-05,1.30875387058549,0.281449576469104,23.6969615932615,6.93974819752339e-06,9091.33445754603,9600.1009672591
1.49449130812716e-05,1.20007761100415,0.00575190547500458,18.3644680671686,2.50600105925063e-06,11806.3273188791,12467.02943809
1.58997641893309e-05,1.27019387840247,0.0177580448998059,17.9282519552978,3.44326648239707e-06,12101.9911398787,12779.2391084323
1.39805566537846e-05,1.14745915581186,0.158881019939887,23.9609521190625,2.13596506195865e-06,8989.00453891242,9492.04449266326
1.21792020060802e-05,1.20915599339625,0.00765303086127279,8.46948268153426,2.12294101862254e-06,26493.0608713364,27975.6575323731
2.15081931175869e-05,1.49127732932114,0.0155797316913296,21.5015961236294,7.19750789625089e-06,10042.023630897,10603.9923206428
1.80563798042033e-05,1.23758350193074,0.0140502563133033,13.311669664955,3.51568289676911e-06,16466.6923803311,17388.1964398265
2.23343081098963e-05,1.56717368797561,0.0976598464633008,10.0982750089426,8.95756550286439e-06,21988.2963698579,23218.7987620941
2.38083239171198e-05,1.4177028878636,0.0242624135926947,11.9282290134109,7.18898151425296e-06,18462.4728129225,19495.664133467
1.51057625804823e-05,1.30416948838938,0.007204908720073,15.1336110191755,3.54860799673382e-06,14414.8142890258,15221.4917672592
2.25489276744481e-05,1.31813617991197,0.0199105676754711,16.9616639935047,5.55268360008057e-06,12813.0152103703,13530.0532929446
1.87183297064882e-05,1.25381424707146,0.0312665080238197,19.934568618289,3.91144409388798e-06,10852.0655697947,11459.3655815701
1.97929839502238e-05,1.44910095598827,0.172930060518238,19.0499424600824,7.4165735188519e-06,11369.8336368049,12006.1088285744
2.37521650609961e-05,1.80645900217207,0.00357833836755262,28.2111748758914,1.06415247354069e-05,7609.98261577267,8035.85016167405
1.45059416962992e-05,1.40501317896097,0.0796809579940995,15.4880022024921,4.54348669695668e-06,14073.7199387807,14861.3091981319
1.28068234603442e-05,1.39385384772369,0.00297449151410681,15.4391544640541,3.62950520269107e-06,14119.7722402344,14909.9386645534
2.28423546626838e-05,1.34898064210402,5.50527325483995e-05,21.4013259014427,5.9094964301592e-06,10090.2167149707,10654.8823715139
1.82348676050305e-05,1.43757878846394,0.0794243974718296,8.85466920818364,6.02918945135223e-06,25268.6191482795,26682.6939718791
1.36952160554677e-05,1.31768930568658,0.00704609129610132,13.4516743598504,3.32524287978401e-06,16288.5130746081,17200.0459176777
2.01480411989037e-05,1.4886849820441,0.0240811696695948,15.3542969853679,6.77698118172058e-06,14200.4944458057,14995.1782217826
2.02682454897389e-05,1.18491658681359,0.0936456190829694,13.3481001630872,3.48976625547249e-06,16419.9541747443,17338.8426849123
2.36361289963396e-05,1.30856002699977,0.0714045992330622,22.5233373437852,6.00184233611295e-06,9575.97425607292,10111.8620316371
2.18331885496108e-05,1.53618990693658,0.0123530470306624,13.1160864589934,7.71577441554279e-06,16722.2359413724,17658.0406523551
1.4867155500032e-05,1.74378448267011,0.00541752664107742,7.89759249758935,6.375802865778e-06,28547.2127963401,30144.7632862327
1.46834720833981e-05,1.33860280259896,0.0448965955290093,22.7278686338125,3.88875364266538e-06,9487.83038368972,10018.7854785221
1.27333203184577e-05,1.81336217731744,0.125475076167426,10.6969777776708,6.5307365196838e-06,20695.1425538684,21853.277863301
1.32432200049022e-05,1.07918949903666,0.0500034213088813,9.26022833004351,1.02290513556175e-06,24096.1860030398,25444.6494775068
2.23611813847907e-05,1.11259697237144,0.0404445333392351,26.92108306678,2.35832326800773e-06,7981.65043546281,8428.31714349814
1.92162934867619e-05,1.12753704539421,0.0546698960442932,7.65489536439144,2.29923192528146e-06,29518.6603470974,31170.5746910619
1.52101199327828e-05,1.27898324866822,0.0276301063249428,22.1485246060294,3.41198859037521e-06,9741.82681729343,10286.9959837352
1.24066990739722e-05,1.71198878830601,0.0219718407180471,16.6921868069637,5.27559644995098e-06,13026.3893537495,13755.3682156117
2.17968804046344e-05,1.4610931127805,0.111410223031063,9.87862715298744,7.7409220830652e-06,22504.2301863887,23763.6051108482
2.13044935140386e-05,1.20229689484624,0.0464671114472152,21.5406146293663,3.75926763181214e-06,10023.394304465,10584.3204654785
1.7306013441517e-05,1.18422230196546,0.0650345543551882,30.0770817257037,2.87940211546398e-06,7129.80286376422,7528.79873558903
2.21848504980169e-05,1.49725285782991,0.017780527333886,19.5236751104125,7.50101848308758e-06,11086.5668577613,11706.9899597012
2.2140843353265e-05,1.41191349190883,0.000683540422441938,18.5610365346386,6.46367355668758e-06,11677.7663288612,12331.2739568253
1.84413687455021e-05,1.2032117435899,0.046722761629524,15.583895063584,3.26717349792178e-06,13984.1832528163,14766.7618872232
2.37944543652311e-05,1.44528631090914,0.00181602325210991,17.5256740263487,7.34412829573443e-06,12388.3096392178,13081.5804770493
1.71935924695674e-05,1.62013374091555,0.00292260885305391,14.9721149272239,6.6003164400063e-06,14575.7983850742,15391.4848066094
1.8658649586875e-05,1.37223653158183,0.0161825999326475,11.4570812640131,5.14455070933535e-06,19257.4290456502,20335.1074664975
1.23374309387784e-05,1.02199027950802,0.10325905544578,11.4809125961253,2.96030002822849e-07,19215.5776642191,20290.9140107145
1.48885357784098e-05,1.27978640346595,0.0261869710063152,7.49751246606228,3.34240323658475e-06,30184.8170802941,31874.0106859172
2.07657716393257e-05,1.69179875097125,0.0615360001831604,7.83559747133614,9.04798063816763e-06,28789.219761629,30400.3133721307
2.15386185012404e-05,1.2622294466271,0.0856460096888001,10.2786127499136,4.89368714143922e-06,21582.0718613953,22789.8412405302
1.88835563063398e-05,1.33334352056368,0.00394710472147782,17.1193349589533,4.73961547516341e-06,12691.3818027338,13401.6130733316
1.79630146781551e-05,1.08414802776604,0.0131080721917688,23.8549544004333,1.41272318228208e-06,9029.81406284112,9535.13778682935
1.24697171324389e-05,1.02450572291454,0.0202466519185898,19.9489230335807,3.04429999155564e-07,10844.0525936572,11450.9041856851
1.71228401208473e-05,1.28998708658796,0.114524177092386,16.3377573464264,4.34694101949543e-06,13318.095608824,14063.3988479214
1.37244411045648e-05,1.07123457181508,0.0355037534647139,12.5316149305292,9.46224453564137e-07,17535.4832906754,18516.7987038954
1.43570182268154e-05,1.58241639420257,0.034449212599175,11.0764649108151,5.47262139924286e-06,19951.4646613363,21067.9824934337
1.68488685121201e-05,1.38918958187739,0.000437807260466125,13.867196352366,4.72229678296039e-06,15781.7009075819,16664.8716814194
2.08079771889998e-05,1.1721401199233,0.0165694945926885,13.4977748719185,3.10727396844931e-06,16230.6838021552,17138.9804209673
1.80201303836592e-05,1.05041218356966,0.0457480181525682,18.0790877370495,9.06280001643004e-07,11998.0948066616,12669.5285600337
1.92010656787986e-05,1.25062941789907,0.00752423620227973,14.5439237727234,3.87704118047229e-06,15020.5764725343,15861.1534309001
1.92595867579104e-05,1.72541906134262,0.0331771539699226,15.6940417001439,8.37501619535171e-06,13882.7337563296,14659.6351046923
1.69662799805794e-05,1.09896925434755,0.0505284002680356,21.4666021484468,1.60920586993916e-06,10058.7904636173,10621.6974537855
1.90061784493597e-05,1.14013572883066,0.0148307093895127,28.9021572036751,2.37119823260758e-06,7424.80429543243,7840.30894816846
1.83558945144285e-05,1.16986451750665,0.136559422134724,11.9037241094387,3.08674501157087e-06,18502.196791837,19537.611133677
1.46954498483101e-05,1.54315998523125,0.0438253576650307,19.3868318784818,5.40948218976053e-06,11166.9312286709,11791.8516572336
1.88262637124509e-05,1.03664955629183,0.0106479818233902,15.7943197002628,6.72731531344677e-07,13791.6457636703,14563.4496733326
1.69512167633018e-05,1.18874228327751,0.0246662519777132,24.8875248506479,2.75944372548208e-06,8647.3812073393,9131.30333951481
2.10792309428975e-05,1.54274962343858,0.059915184492927,25.7526148420051,7.88827149408953e-06,8351.0652216152,8818.40500820295
1.58470438865991e-05,1.46828592672951,0.0213499441651199,27.5062924037088,5.16433283971935e-06,7808.65312712612,8245.63861210633
1.20043243954517e-05,1.17871910566054,0.0409762924820679,37.0609497161043,1.89785735719212e-06,5767.67893630976,6090.44804080973
1.9633706716435e-05,1.16682311266651,0.0143587561178995,12.1746912612864,2.84790802175249e-06,18072.23244654,19083.5852537087
1.68776852086242e-05,1.41908347343197,0.0115882995478934,28.316318608063,5.04266543229848e-06,7581.21120598711,8005.46865495449
2.04258938849391e-05,1.06637934526192,0.0301892222747989,5.20671566579431,1.31101041028656e-06,44969.2070247314,47485.7601896573
1.88011556457868e-05,1.37730166170555,0.0478005417735304,17.2457522324843,5.40888276380401e-06,12595.5146354508,13300.3810166232
2.07444028316075e-05,1.01512148920743,0.0381197047351412,22.1968893962807,3.21252915184801e-07,9720.1034967219,10264.0569892669
1.94559535004888e-05,1.15058134065811,0.0112932497283491,22.8791199442703,2.57531462538885e-06,9423.68460061052,9951.04998852778
2.23086034601927e-05,1.68903563572823,0.0858669083045315,25.2619903767864,9.95531071911447e-06,8516.57454107072,8993.17651014417
1.93171108088046e-05,1.59295557755342,0.0185526283884029,11.5839816382434,7.32630577034175e-06,19036.6495955458,20101.9728235696
2.06356596045317e-05,1.0892168778012,0.0480582722681068,11.3477503146737,1.77554301091507e-06,19451.792442975,20540.3477694883
2.02245550105143e-05,1.25604878408796,0.0351178290715249,15.8505405777918,4.27279181445534e-06,13741.0984647131,14510.0736617166
1.55230801104438e-05,1.14694129284572,0.157926945681617,9.33803744707174,2.36168840843056e-06,23883.5898820376,25220.1561166696
2.10355879573692e-05,1.38812663677254,0.0596280857220831,7.41392908771813,6.25445510424031e-06,30550.9956161867,32260.681194304
1.91421310906028e-05,1.66802442411816,0.0361967713831991,18.948745675325,7.95395427181011e-06,11432.230987359,12071.9980407913
2.23505918718679e-05,1.12869124821857,0.195029101462871,25.2396527409831,3.16570405541282e-06,8524.26631998688,9001.29873406606
1.93366672937963e-05,1.0814010254635,0.0416508169252372,20.0523710956009,1.51877050903707e-06,10786.6535773528,11390.2930229876
2.19195056618415e-05,1.43972562997395,0.0139742570366158,13.3482272282093,6.78945398536136e-06,16419.7916220971,17338.671035543
1.47089296675874e-05,1.91603072323268,0.0601696323342934,33.3826171339688,7.4822491203266e-06,6412.9605182736,6771.84067553167
1.62682104034591e-05,1.14430389848361,0.0336021453190327,14.6986851995719,2.12281998222716e-06,14856.7204344403,15688.1277307519
1.84955579378782e-05,1.11725026736783,0.395875679490056,13.4095003510801,3.21284875275703e-06,16341.7791691512,17256.2928732962
1.53565084364293e-05,1.66885525993822,0.0612805750831067,4.68809038746999,6.55636106089873e-06,50588.4785994947,53419.4957410317
2.31213328634351e-05,1.39089964676781,0.0737493038192202,35.4654375424732,7.01524295536653e-06,6030.89969252941,6368.39907739155
1.52176292514727e-05,1.72418701904388,0.0447180929751899,17.3638437183616,6.69074929673557e-06,12507.2608237004,13207.1883717474
2.27232793169199e-05,1.60490552413635,0.00326375524525336,16.4974595235589,8.59248775106125e-06,13185.0543473609,13922.9123716156
2.29585819832319e-05,1.52574326350424,0.00191371044251616,14.4276201376533,7.92609424406717e-06,15146.1143647107,15993.716636636
2.07259090219438e-05,1.79459836846156,0.0292647707649663,24.632031984995,9.45330784005694e-06,8738.95963013523,9228.00664631413
1.50605780283306e-05,1.51410713636818,0.141458966434967,16.9883354860933,5.9562040145647e-06,12792.2761805301,13508.1536717879
1.35265767666483e-05,1.01308330366243,0.0459081652432715,13.880948678547,1.83089662996274e-07,15765.4660741534,16647.7283191519
1.27555031045303e-05,1.19472978668439,0.0337836900765869,26.7496104960056,2.15169226477861e-06,8033.80222630519,8483.38743708904
1.77471070124321e-05,1.74735201395395,0.0741532818706877,15.1553037141618,8.19831632112274e-06,14393.4609789231,15198.9434896737
2.08828040421205e-05,1.20590770716041,0.0751000832865234,26.6535690584749,3.85516227380615e-06,8063.31122493511,8514.54780937684
2.13273272290807e-05,1.4643447758213,0.0970267176237712,21.8545859253815,7.48941932130658e-06,9875.96848020667,10428.6444418242
2.08332683038423e-05,1.45418435482402,0.0287732781923801,13.828515038374,6.69946441307619e-06,15827.5446878261,16713.2809574305
2.06274005564405e-05,1.16450742483277,0.00697851529605116,18.3696466420908,2.9344051046218e-06,11802.904090076,12463.4146395918
1.30164616220053e-05,1.20066541441575,0.0688109414426249,20.9454367990079,2.33614318699215e-06,10315.2955373172,10892.5569868532
1.99906903896444e-05,1.34652497531395,0.0231752402774062,10.6523441803281,5.26650280664817e-06,20786.2734460632,21949.5085949271
2.24848961112052e-05,1.19847148964989,0.00892960272713241,30.7642288791097,3.75704965969025e-06,6967.89139311637,7357.82642418247
1.58261820592023e-05,1.23694539303967,0.0014720721903946,20.9130145569273,3.03603521918964e-06,10331.6859994429,10909.8646870639
2.12068770741345e-05,1.33550724199147,0.0538183934522122,24.9260230436991,5.63051340104028e-06,8633.74813843064,9116.9073409265
1.8537581845385e-05,1.75700801440677,0.0594997753114591,8.62816196353256,8.49204172680283e-06,25974.5369661688,27428.116149225
1.66852379823988e-05,1.49818179138807,0.0144099064052177,18.6864575928958,5.62926927005629e-06,11597.1910492904,12246.189547825
1.94150233728429e-05,1.08090213709629,0.0160163595391979,17.5763114859164,1.47677753685681e-06,12351.5527625627,13042.7666231781
2.00645049791196e-05,1.36724231351484,0.00152992525298843,27.5693908321465,5.39749050981084e-06,7790.44710331135,8226.41374829229
1.2375972990294e-05,1.30766635030263,0.0374778140255208,15.5961655275256,3.025143774139e-06,13972.8083061265,14754.7503792065
1.76089887919435e-05,1.1012115292454,0.13014761627978,16.8313433306625,1.86054073842557e-06,12915.3240503071,13638.087509244
1.65196819812404e-05,1.37827330040469,0.0900479364393471,23.2313327535305,4.98247829303045e-06,9277.62092992587,9796.81234687363
2.05849958186243e-05,1.07278035145977,0.0258410526666473,26.7350613667325,1.4335574549457e-06,8038.25859597512,8488.09319277084
1.43035158221098e-05,1.84766939242546,0.0960131029552693,18.503495073162,7.25898160879891e-06,11715.1091304264,12370.7065249593
2.19021820481317e-05,1.13927724082122,0.0107291573812319,9.38211326232716,2.70653271562045e-06,23764.8203647788,25094.7400556016
1.95379174144277e-05,1.11769113007182,0.0640836919544831,18.2876074703638,2.19813343366148e-06,11857.3695215979,12520.9280491223
1.89540149865327e-05,1.60414040239736,0.0661606926316262,17.0366197180088,7.64390925550176e-06,12754.902004715,13468.6879736477
1.51491258005938e-05,1.4672312980403,0.0250918711433918,26.887343524469,4.94823618822024e-06,7991.85842290334,8439.09638724493
1.554853160311e-05,1.08600970559683,0.00322549223133118,12.7597302449405,1.23537678972827e-06,17208.8369061304,18171.8726331558
1.68054151515663e-05,1.56447249617776,0.0563351401939692,18.0845354911835,6.4253740506124e-06,11994.375747331,12665.6013758295
1.99723496108232e-05,1.83744497876078,0.0201657606486286,24.2292549826865,9.28986820355907e-06,8887.33704508707,9384.68751329249
1.40612975787185e-05,1.93712118348219,0.0830469889784698,16.3773558101721,7.41840144736252e-06,13284.8579880537,14028.3011934685
1.50526679169685e-05,1.59559790101623,0.127126808430516,16.2531384683365,6.4370092175692e-06,13389.6824752928,14138.9918369638
1.84833983200388e-05,1.35872378529025,0.0020965949525135,16.4661446742812,4.89006091602033e-06,13210.9314712137,13950.2376232483
1.32775272139208e-05,1.52698743495351,0.0122713975042336,16.6189753620054,4.63915095533433e-06,13085.5923517886,13817.8843139243
1.25559121672232e-05,1.08616071415685,0.0104852068737014,16.8099319709714,1.00655071562191e-06,12932.2896596565,13656.0025428935
2.25141387538556e-05,1.47884311034397,0.0573871308611196,24.3713491359289,7.73361480289176e-06,8834.41966587797,9328.8087877102
2.35114586745584e-05,1.26392851557741,0.0489120768498245,11.7768346887621,5.16192700568348e-06,18710.6593747061,19757.73963657
1.35541443822747e-05,1.39831219775266,0.015199489485424,9.74912915783602,3.92046245239746e-06,22819.9253577561,24096.9671199301
2.32942962952713e-05,1.06711323018916,0.00345340334566906,16.6340604601824,1.47007491278692e-06,13073.3496806957,13804.9565221738
2.28683235231098e-05,1.20862176634458,0.23346357053414,12.2017849208233,5.14940556070237e-06,18030.3379384093,19039.3462577828
1.28797547907829e-05,1.15714705130035,0.0628263807078588,19.6481885448773,1.8663762539957e-06,11014.4422059204,11630.8290899043
1.21826217018915e-05,1.49568069545017,0.0343367116395573,17.4587999133539,4.18092725243679e-06,12437.1890845467,13133.1952991167
2.22534966077842e-05,1.78692562506879,0.0590424937799996,17.7692877127157,1.0414655407813e-05,12213.4523001222,12896.9378244197
1.94223064007023e-05,1.40761967390908,0.0327840366455846,11.211650199833,5.81484774811363e-06,19699.3005045588,20801.7068023685
1.58012142126588e-05,1.18009691755058,0.00283975385371634,7.62156853106244,2.41828355263106e-06,29657.2537779616,31316.9240455937
1.66396059894785e-05,1.82495921735518,0.0217912227508806,12.9426399037134,7.68923858908985e-06,16955.5883059329,17904.4518113759
2.3978694603486e-05,1.79945403376334,0.0672532585213377,11.1434582061458,1.1420970629018e-05,19825.6981847502,20935.1779113164
1.98878466084106e-05,1.20839211155219,0.00651060966457073,25.0849022378106,3.45214649638765e-06,8577.93735880106,9057.97329532434
1.81596098826192e-05,1.35594896770942,0.0132389693187986,9.00807076054258,4.83093169949166e-06,24811.961042353,26200.4805031211
1.7812098289093e-05,1.27303738381604,0.0333878532815263,23.8108664918921,3.95217101821301e-06,9046.89741125191,9553.17714841793
1.3830835939751e-05,1.07690270537561,0.000189817289508544,11.693789436692,9.87847061222578e-07,18849.655573112,19904.5142981989
1.86897330120457e-05,1.48966009470506,0.112151171388819,17.8824837131877,6.91929868278278e-06,12133.8733617506,12812.9055135635
2.16076484757839e-05,1.20652865508883,0.0693762544748624,4.54433279818394,3.97434752517191e-06,52404.9134621258,55337.5813821594
2.01710305971019e-05,1.10020361321989,0.0299909106829332,11.5556053101127,1.89388473421782e-06,19085.577461859,20153.6387763417
2.22463404753758e-05,1.1585010728508,0.11011855230007,25.5836673694308,3.42019724022692e-06,8407.32748786553,8877.81580638358
1.92383786543375e-05,1.71880135472332,0.0708538941293254,36.2704419447947,8.65881335016663e-06,5895.15799675779,6225.06104588916
1.31674881831463e-05,1.21500134053717,0.115032354085671,19.8278407888249,2.63289381396894e-06,10912.0170685673,11522.6720679878
2.3936899746554e-05,1.43835784850063,0.0291504261981658,34.7957652824253,7.51392732347901e-06,6148.67788179782,6492.76833407192
1.91958969460521e-05,1.72794228559436,0.0455899256165504,13.8409777939382,8.47290231500541e-06,15812.7451843598,16697.6532486265
2.31486308312276e-05,1.16778741799811,0.0787299028626927,11.389897056015,3.61013038144979e-06,19376.4027292617,20460.7391194138
1.59173505961848e-05,1.21146523951912,0.0745444611021014,24.6488794349189,3.00217275701418e-06,8732.86115705994,9221.56689233276
1.79219468299979e-05,1.41492930727255,0.0479405219209473,25.0657921646715,5.52016648783262e-06,8584.61209896729,9065.02156528133
1.62581464260081e-05,1.40427036574038,0.0374239233003654,13.4004027121501,4.86238928786865e-06,16353.3152926823,17268.4745778838
1.63038661466148e-05,1.55868772401418,0.0188603374673171,26.614774164054,5.95610734707881e-06,8075.29263136169,8527.19971564671
1.63606614222592e-05,1.71530476430078,0.018560919288686,15.4280065211142,6.95152416458457e-06,14130.3245005141,14921.0814472319
1.86009084390197e-05,1.95639934570435,0.0253296442371997,18.6220113124355,9.3293151863449e-06,11638.4543889303,12289.7620539999
1.77110275073117e-05,1.22557888334083,0.0320800674669622,16.6535191029777,3.36785590373477e-06,13057.5913583317,13788.3163373389
1.78290026329011e-05,1.03268302516966,0.0508395704639352,32.8763219616759,5.94476188223025e-07,6513.26108144615,6877.75422848979
2.06922980275908e-05,1.24583650781596,0.0100633963745546,6.89427209805832,4.12455947691883e-06,33043.638834893,34892.8169590454
1.75135306525882e-05,1.13289099644186,0.000247943111668277,10.6201584299163,2.054855128837e-06,20852.4889225099,22019.4296018432
1.64592839319455e-05,1.28806602417766,0.00711260887995,17.2072562473727,3.70729927114893e-06,12624.5538829838,13331.0453497453
1.73178653334277e-05,1.42232040536382,0.0260770027070813,27.2587264140925,5.27966757020254e-06,7880.91385257273,8321.94317041889
1.3177931087438e-05,1.55633418618932,0.058759788079828,14.4170662285961,5.00464681119209e-06,15157.6102047876,16005.8558034389
1.26957850873573e-05,1.14802547639455,0.0262415728541539,21.4754800639934,1.68107694797434e-06,10054.5314457593,10617.200094058
1.96138365364987e-05,1.30542741044691,0.273722634997829,19.4209813285486,6.31833374446756e-06,11146.7672449265,11770.5592627284
1.5123480091908e-05,1.60732317459055,0.0485429551785099,25.8171704172966,6.00581795152652e-06,8329.76551786775,8795.91333687536
1.70716416148664e-05,1.26840863263433,0.100229659082254,18.7001978793822,4.01487906302303e-06,11588.4313100313,12236.9395986864
1.90815101689724e-05,1.26549215369148,0.150151131773612,16.9307915873612,4.71034984589724e-06,12837.1049067008,13555.4910895765
1.2210526352196e-05,1.28719741007811,0.00310813847818207,10.9100270352509,2.73285367273344e-06,20270.940910328,21405.3371756626
1.82900485578161e-05,1.28531917386795,0.00739542337457007,14.9066546192456,4.09025649557566e-06,14642.0803585804,15461.4760318734
1.3861228184469e-05,1.38023595446317,0.0103360825116703,18.7895542141127,3.85840418393411e-06,11531.7860102403,12177.1243317579
1.48963380088387e-05,1.17510171231591,0.026303158453064,5.12193007611625,2.27962819418393e-06,45800.573658608,48363.6515116954
1.70923709982969e-05,1.50653518083913,0.055374183984019,12.2622862997359,6.08365844884594e-06,17937.4835499017,18941.2955800646
1.789040943141e-05,1.61703856849856,0.00849640065297943,8.27997357601026,6.88509687939007e-06,27140.1562488248,28658.9654656962
1.45397296105474e-05,1.32752405593643,0.0455238097380686,10.8803129741372,3.75824718808375e-06,20329.057096562,21466.7056423364
1.276967621921e-05,1.08449147203704,0.0358413852712467,12.5737729894098,1.03184001306322e-06,17474.1843174187,18452.069336034
1.38383205414796e-05,1.67318657794606,0.082778699702359,7.3090812149057,6.07006778118111e-06,31023.1132880136,32759.2193725142
2.32069489691248e-05,1.34171271724401,0.0495458137077173,27.9872720116729,6.21838662245724e-06,7671.98481644252,8101.32211074845
1.20543925767532e-05,1.59021362032031,0.00226342587062897,12.2211806795848,4.48412740279831e-06,18000.4657468211,19007.8023676423
2.12899826626768e-05,1.12709959617656,0.0375847024910738,14.8575843639476,2.49450866771082e-06,14692.1633761067,15514.3617800815
2.36778999955812e-05,1.8167812049771,0.0449940377251967,10.0601569887631,1.11462610612571e-05,22076.1275201422,23311.5450926506
2.33525901218327e-05,1.58734836115618,0.142214936626177,25.5644115596618,1.00732019771334e-05,8413.78815597075,8884.63802444361
1.46093729923367e-05,1.48646837500821,0.0581066165357155,21.399688294441,5.07600331760311e-06,10091.0076414701,10655.7175596028
1.35694999327501e-05,1.53437426511366,0.00855687982669441,26.349914379338,4.76655169484252e-06,8158.05310656705,8614.59160753892
1.57251153330132e-05,1.32544350772299,0.0636920700629307,27.9031206245695,4.12365299188962e-06,7695.54969742621,8126.20572247578
1.62868338919803e-05,1.16238865442207,0.00400531258424424,30.8918656939059,2.28442476982331e-06,6938.62302491616,7326.92014841174
2.29436435982529e-05,1.06309102820113,0.00506607705841052,27.154125366825,1.36853304773008e-06,7911.84883547607,8354.60932748079
1.28006290582297e-05,1.37887679327071,0.0880155341668719,8.13370407014579,3.85664937318997e-06,27661.6679363743,29209.6618326004
2.37358381905276e-05,1.45895565463426,0.113664317777641,20.8350234433059,8.42408757968116e-06,10371.3271642981,10951.7242387994
2.11894727168586e-05,1.12908628352765,0.0041738303663187,15.2420355423419,2.43265396676318e-06,14308.7147210148,15109.4546873075
2.07902941592373e-05,1.11615049104479,0.0202770869836237,21.6734593903639,2.20824079263642e-06,9960.48289158618,10517.8884231364
1.3432549127304e-05,1.06910995839568,0.065143303693303,14.5513646493369,9.28806790926857e-07,15012.6156279806,15852.7470839708
2.00284177405285e-05,1.33173732032264,0.118739814243334,21.7619678478354,5.66119418389501e-06,9919.00447166995,10474.0888004278
1.42368357008407e-05,1.79776392226336,0.124249169362311,19.0127706058023,7.2138505694397e-06,11392.6742618208,12030.2276537405
1.40373256173609e-05,1.28862897934842,0.04063754247613,12.7444353060038,3.27723270486555e-06,17230.3569634486,18194.596989414
1.5415769471149e-05,1.16106779388084,0.00215325891887761,17.2914470900887,2.14311651282806e-06,12561.2179374198,13264.1650171482
2.11479184832638e-05,1.39928102511824,0.0872112624097894,19.3202325161021,6.61090240049865e-06,11206.4663429742,11833.5992236482
1.93559495636579e-05,1.54712816407538,0.29065580660479,16.5624591503163,9.64954143252636e-06,13131.6640898718,13866.534304682
1.51725746745011e-05,1.25896846314318,0.0221352759479634,20.3396743635282,3.19158019927621e-06,10630.3826948947,11225.2769566613
1.74960520164957e-05,1.17749457154921,0.129115634556774,18.2431956863636,3.0282854428213e-06,11887.0645987339,12552.2849131853
1.49104426232306e-05,1.43281329932785,0.0429155224897276,7.79266753184472,4.70591847145836e-06,28959.2257346718,30579.8331680275
1.34429314903496e-05,1.34479844999226,0.0514469712291563,17.254337835781,3.63357588731386e-06,12589.0563459173,13293.5613102437
2.25606340036718e-05,1.17355032468894,0.0081872409142488,27.6304311145173,3.3638407748272e-06,7772.91553823759,8207.90108707538
1.88747246009801e-05,1.33767044148344,0.104513061444622,15.1745116955736,5.32054180143167e-06,14374.6062687346,15179.0336378953
2.37432998676645e-05,1.21628864273301,0.0403099980895134,23.9291971872495,4.39942933569279e-06,9001.19154934249,9504.9135088857
1.65321372024855e-05,1.61327057854139,0.0371229024967114,28.1151802728083,6.52672770913656e-06,7636.44185583659,8063.79010572921
1.50165135603463e-05,1.472841665263,0.0805810029600909,16.8227808121481,5.24334004401096e-06,12922.1033436059,13645.2461833043
2.04576758636003e-05,1.52320776083167,0.0293494239992443,20.5218630754644,7.23934312959497e-06,10533.6112270243,11123.0899931695
2.02917788453177e-05,1.47669763382906,0.0288623663869165,24.1026748465259,6.74499437473713e-06,8935.01368061264,9435.03221427803
1.65826131384429e-05,1.73986590531044,0.0345716544450471,16.4181987340255,7.30403065014808e-06,13250.7492230758,13992.2836440993
1.29563524888689e-05,1.35148884852922,0.099339240995331,13.7430915526593,3.74122795963468e-06,15929.7358092166,16821.1908674538
2.01444695901666e-05,1.67017735579511,0.016094849072549,17.8226422064698,8.21525050940051e-06,12175.8133930319,12857.1925801928
1.45217321808245e-05,1.15181231500423,0.0647271508724311,17.9571265673204,2.0464379286375e-06,12081.9631187252,12758.0902852155
1.95180536081214e-05,1.1075912647062,0.00759408231326801,19.911698208858,1.91045189161384e-06,10864.8568750173,11472.8727099475
1.43137794742612e-05,1.66719415125317,0.0668004482960162,16.2384057125541,6.13817125243358e-06,13402.2250233093,14152.2362872595
2.12014398659058e-05,1.36609025551057,0.0179883967253241,9.48123242167338,5.78559581426049e-06,23501.9993592591,24817.2111404475
1.45723476562165e-05,1.04639266186538,0.0238799734813723,23.602573457266,6.61872618381881e-07,9128.48969649545,9639.33547645493
2.26472169770608e-05,1.12192099299569,0.0255705095160096,13.6079736691113,2.52563458816008e-06,16094.0992761187,16994.7523929876
1.54983939285558e-05,1.50478038060528,0.00501481016855446,24.7046664280651,5.2250764387655e-06,8712.72789593303,9200.30693973493
1.54742660889672e-05,1.7662847410467,0.00244615989429523,13.6397483449899,6.72971129042599e-06,16055.1426957422,16953.6157362404
1.71389868607325e-05,1.50525452048379,0.0948090042654097,25.9903080994988,6.3553090767217e-06,8273.17272930978,8736.15351979765
2.04365402583294e-05,1.07816212427173,0.132816926864008,19.1345000410865,1.70843522624718e-06,11318.2160236391,11951.6026061497
1.36212543483339e-05,1.17405909419474,0.0879896233653524,15.5517508949216,2.21420336260982e-06,14014.0695163255,14798.3206367734
2.13507322987681e-05,1.1562023372181,0.0247303375953677,13.0428241366061,2.95755074612815e-06,16820.0134209288,17761.2899256547
1.49655553169791e-05,1.46947982447865,0.0305379517541934,9.1405296313576,4.9318352273398e-06,24430.7367209287,25797.9222215027
2.08553002585592e-05,1.48469029564446,0.0306991444424766,29.2642124553912,7.02387646320984e-06,7331.32930479722,7741.60293837396
2.39206308969352e-05,1.18974161674698,0.0473622659995409,9.54998007724059,4.00445854512299e-06,23323.1021014394,24628.3024883839
2.36636338210702e-05,1.55275057659724,0.185409388676408,18.3019394425363,1.03408420117418e-05,11847.818373406,12510.8424024636
1.36769085802529e-05,1.2281734495372,0.0226566827165467,15.37580503658,2.59980093782372e-06,14179.9472964474,14973.4812190654
2.30903699236382e-05,1.8588178454048,0.0418298975784129,30.1006425345464,1.11337592258678e-05,7124.126774263,7522.80500248358
1.22899895032207e-05,1.38467777149386,0.05017907742091,13.3709113756054,3.59461555386468e-06,16390.8236245788,17308.0819397075
2.14581972809862e-05,1.07327446612268,0.0114900081932878,16.9416053117917,1.48198770856361e-06,12828.6566685729,13546.5700737012
1.36404036407936e-05,1.18750571432762,0.0674864590431041,9.92859317322305,2.30964083394043e-06,22384.7462176886,23637.4346164234
1.41107290226799e-05,1.3636668270694,0.0759824363359264,12.81408853621,4.07246967997633e-06,17132.7878433912,18091.5677357646
1.52530410231985e-05,1.24661912507241,0.0359277788756042,31.7028601640894,3.12991767357852e-06,6758.24977629825,7136.45290659915
1.37068000529939e-05,1.764357802548,0.0316072296371274,16.7844096126104,6.1318051508911e-06,12952.5710202337,13677.4188828382
1.80384099312304e-05,1.25758581538328,0.132074234344725,8.96577412597025,4.25687284159521e-06,24936.2148019962,26331.6877140874
1.43486008683443e-05,1.68278188494391,0.011152530519215,25.4071762351439,5.88746150220472e-06,8466.91738778887,8940.74045826657
1.83398581208093e-05,1.35791109779307,0.236816969794811,17.4033291146508,6.33373376210256e-06,12478.0273645915,13176.3189586399
1.65688994045975e-05,1.26473134429096,0.0784710745346243,20.4526715235431,3.7634298456662e-06,10570.1547881062,11161.678593966
1.27136224145796e-05,1.45927380972043,0.00195298174043516,24.3573114641787,4.00910714241393e-06,8839.61937170558,9334.29947790295
1.73691249403562e-05,1.27557515346459,0.0847526788056408,18.5823752173343,4.09982267313387e-06,11663.9785756458,12316.7146175338
2.21283935754318e-05,1.46644043438961,0.0584332545865834,22.1047686665446,7.47515378657741e-06,9761.56389082122,10307.8375774033
1.9954488796033e-05,1.028522525926,0.017436035076195,16.5169836855897,5.63177280489946e-07,13168.9717549156,13905.9297699952
2.09527399747605e-05,1.26653317729612,0.0193641783354645,12.6571209329078,4.49633290059493e-06,17354.2473816755,18325.4205257615
1.64869572861968e-05,1.24229422039095,0.0386465720874491,17.7419943064682,3.34478739169453e-06,12232.7965581347,12917.3646199495
1.62278928868566e-05,1.31050532134063,0.102604019754087,8.72040433633453,4.28450057083414e-06,25682.3475588537,27119.5753266552
1.88417397046275e-05,1.36871564188925,0.0195173735006702,8.89370100622118,5.17667664611531e-06,25150.8373175466,26558.3208699516
2.15883913277937e-05,1.33071670543427,0.0141102385790005,15.2119841883525,5.44192942289547e-06,14337.9648445072,15140.3416973655
1.87861322480086e-05,1.38380855310362,0.0173797434337497,17.3387793894453,5.30251562715138e-06,12525.8886803856,13226.8586749154
2.33461381182773e-05,1.09197087690529,0.00411254435508283,24.0739278832685,1.97439423000012e-06,8945.91265026083,9446.54110876984
1.67519237554818e-05,1.31091454884498,0.0547323493765853,22.7960873577276,4.20309059726249e-06,9458.79097868211,9988.12097911293
1.6542642102926e-05,1.22784994332592,0.0619195616740016,11.9359017667248,3.27235696112598e-06,18450.0698653868,19482.5670959319
1.3747406737539e-05,1.07783087347269,0.0216905996118157,45.125670986474,1.01470482679017e-06,4725.25098397508,4989.68405063448
2.34595254653106e-05,1.4128101713203,0.00469011700793986,34.4156443102378,6.88679622474489e-06,6217.601185464,6565.54870281561
1.44610080666896e-05,1.27810191761629,0.00946751794189794,14.5984557123957,3.17659604740537e-06,14962.4289637697,15799.7518888337
2.10909118694644e-05,1.06978437265271,0.0011858771877442,12.4658721672521,1.37741066295407e-06,17631.9385585741,18618.6517723284
2.17723510204135e-05,1.08957045195682,0.00918098255017828,10.5467310030611,1.8063873977592e-06,21005.1424656033,22180.6258963532
1.40114274314465e-05,1.62674687581416,0.075760985628541,12.4094284940266,5.8406810310113e-06,17715.6016710914,18706.9968146489
1.44378756718626e-05,1.16937842723408,0.00612002343695755,22.4327945707887,2.10409846448808e-06,9615.5193845455,10153.6201726309
2.36758250527857e-05,1.67219115328187,0.147903763041708,10.3489745139509,1.11689008857089e-05,21427.6215600779,22626.747638156
1.34827604153696e-05,1.5164192505501,0.147234995090249,22.2690540103712,5.38425117391102e-06,9687.8699077923,10230.019553981
1.4815571224032e-05,1.70460496657094,0.00011112558436939,24.2575135401237,6.12466234473707e-06,8876.76280893594,9373.5215249355
1.5972524148996e-05,1.10335666175495,0.0159466346568143,16.4121015186298,1.52044388348434e-06,13255.8300032163,13997.6487533216
1.48777208563434e-05,1.1867094129394,0.0223844598090877,11.6056811890902,2.39432721958029e-06,18999.403209135,20062.6420661456
1.47625997132342e-05,1.52517629771123,0.0093427291007498,20.9383251867586,5.13118874543838e-06,10318.886225898,10896.3486164626
1.99434225304741e-05,1.43236062633475,0.0183149322511979,32.6308728302815,6.13214472678383e-06,6563.02416896166,6930.3021428606
2.370800979516e-05,1.34464622208124,0.00619997411925293,12.4770469732792,6.11436278557427e-06,17615.4684827275,18601.2600030778
2.20937668292094e-05,1.16531707657148,0.0503240414148156,36.1560882850234,3.30033290121767e-06,5914.06700031417,6245.02822938452
1.75260546565438e-05,1.41352705426339,0.00521375635388351,21.1635955997051,5.15402509624496e-06,10206.3476038486,10777.5121420774
2.2127305382682e-05,1.28230861105878,0.0747246012325478,19.9857632536017,5.26475918114973e-06,10823.5415721271,11429.2453325706
2.27358433280429e-05,1.23076950791249,0.0348031130750839,15.2930347806097,4.41658458235234e-06,14259.3475119393,15057.3248054062
1.35394233811386e-05,1.39134262363834,0.0369315864053286,26.0975601297232,3.9542117361427e-06,8238.49986139447,8699.54029933306
1.89738005457558e-05,1.7699084291241,0.0627583273191052,25.5173018304972,8.80606667484487e-06,8429.63625881914,8901.37301403118
2.27574464530824e-05,1.68816351457554,0.00793991163040528,27.277736210839,9.35088445177708e-06,7875.3178076057,8316.03396127564
1.81526862054784e-05,1.23870835140699,0.0118522214828753,14.1371443070856,3.54005127990944e-06,15469.018215418,16334.6907349912
2.37970045042299e-05,1.24848754822891,0.0727364058820402,29.1554417616694,5.10773291855152e-06,7359.16329782067,7770.99456889805
1.97346456401758e-05,1.62897910862616,0.0119314552859957,27.1918318510167,7.7117732306527e-06,7900.66946554992,8342.80434103545
1.7433571964887e-05,1.19669202207789,0.0973516701384405,16.8491200138637,3.17441431405022e-06,12901.2722251902,13623.2493201391
2.08233150147088e-05,1.37532405360943,0.0399478811639649,13.0064086516261,5.91898026052177e-06,16869.0412108685,17813.0613939491
1.62377889667433e-05,1.57851744685023,0.024952019817913,29.4039798223388,6.1032432583262e-06,7295.87101947824,7704.16034721447
1.63940922212033e-05,1.15356095456033,0.0321913227591771,13.7778780185549,2.25491786923975e-06,15887.962236623,16777.079574823
1.50796746136146e-05,1.23180761052341,0.0063355346999299,24.840561100197,2.85581730076493e-06,8664.0705362445,9148.92663159739
2.1577157795459e-05,1.04943949583816,0.00203495070679185,18.4835871511131,1.01855885089962e-06,11728.0844997039,12384.4080179286
1.70024341771463e-05,1.1298110487042,0.0156988735959077,22.4114676168905,1.98463865398326e-06,9624.88164761163,10163.5063638316
1.51175549058393e-05,1.56585225074394,0.105015112986735,27.8496643378578,6.10394304845157e-06,7710.59438327549,8142.09233448507
2.05307272371668e-05,1.54157397808786,0.0282789184024514,3.68848068026751,7.4224427549511e-06,66681.609631684,70413.225705516
2.24714098193385e-05,1.16374076736119,0.182931834044878,20.3990487266494,3.86954839580482e-06,10598.6506046755,11191.769084805
1.3618660694059e-05,1.4716120710158,0.0452637000164986,6.80892521250864,4.57126340017555e-06,33492.5212457986,35366.8195916891
2.06536368835727e-05,1.82972875611561,0.00335477992621925,32.5307582901462,9.39715444039587e-06,6583.54072165869,6951.9668366755
2.17545964206224e-05,1.25126947824058,0.0305042153592254,16.6728144088276,4.5059273610471e-06,13042.0027919163,13771.8554082838
1.30548471663119e-05,1.12653906586601,0.0854532104131507,20.5065392808098,1.60338555016273e-06,10541.6826938366,11131.6131529668
1.92780365222823e-05,1.03498243799609,0.018720279779688,13.4245128445899,6.64015979303072e-07,16322.7783683764,17236.2287554541
2.14754810327142e-05,1.82534004574604,0.0136167913336975,26.6924172261316,9.84411892704255e-06,8051.34894426807,8501.91609917647
1.74849650313556e-05,1.10986616352068,0.0671386087286799,12.4389081965691,1.85537969262121e-06,17671.8067940357,18660.7511019269
2.07187142633395e-05,1.24970580152433,0.0330822238436207,22.7703444221049,4.28138944151451e-06,9469.72834262365,9999.67041650792
1.56675916465838e-05,1.52266872043745,0.0341879225769077,23.6368861563715,5.56831204732437e-06,9114.94765154321,9625.03559567816
2.32495778776025e-05,1.224987692079,0.0629938371497714,17.6678982824027,4.55710202259057e-06,12285.6226755258,12973.1469765475
2.00405399838807e-05,1.29442405089374,0.0935247511527758,23.3234878184129,5.02852197555511e-06,9240.14839340298,9757.24278359346
2.38303636200624e-05,1.16145383034762,0.0533636759176618,32.2222206598203,3.49931378474556e-06,6647.58431279341,7019.59441589065
1.86639219249431e-05,1.20242533688482,0.0150823113341551,17.0875080922449,3.19007924898695e-06,12715.7478224728,13427.342656899
2.28822384106228e-05,1.29756710620038,0.0025544301085037,17.7889027735049,5.26083186642903e-06,12199.5878364922,12882.2974818687
1.9320279039368e-05,1.19204482947495,0.0267435733635226,35.5468448433263,3.19806646485904e-06,6016.88913107321,6353.60446113191
2.21993895544242e-05,1.05828428662713,0.0197763801117484,8.0553769387291,1.24725473354015e-06,27949.2745595226,29513.3634106217
1.65867651582705e-05,1.16824972631533,0.0401805997943674,30.5539888586162,2.48876161520675e-06,7016.64362604141,7409.30691482389
2.31043275269447e-05,1.45580719142738,0.0631426042088274,22.7039616198762,7.72122519652534e-06,9498.04938733938,10029.5763549638
1.31150633192444e-05,1.36142917840014,0.0862047843775325,28.0005590268396,3.81016057328538e-06,7668.27724614776,8097.40705852602
1.80806947521251e-05,1.48334143821896,0.032554198993066,19.1275479413046,6.08966168117355e-06,11322.4421933007,11956.0652794399
1.5232920492419e-05,1.14901662386886,0.0188132458454056,20.2220454681098,2.01341428831203e-06,10693.8129659462,11292.2568933603
1.35239208778963e-05,1.68153307048922,0.019205357660636,10.2257857965535,5.58856133480705e-06,21699.5043381291,22913.8454380157
2.19713942728853e-05,1.45303285767738,0.0364714930311594,8.97562026822854,7.1094711436694e-06,24907.1789073295,26301.0269214638
1.21521765760314e-05,1.13248075131972,0.00247550438516898,21.9301506393279,1.42510600869583e-06,9841.13222622739,10391.8586919342
2.18116398413228e-05,1.14209534525246,0.0146460537275425,15.6800595163741,2.75399988401429e-06,13895.5302409344,14673.1477022989
2.28349624218e-05,1.2745247723121,0.0179216842186069,20.1636678450162,5.00814968554457e-06,10725.5744983867,11325.7958550746
1.381058531994e-05,1.58613164875332,0.090998883703865,36.5701689076497,5.61431489669855e-06,5846.16557209471,6173.32692197229
2.12179225253966e-05,1.05596693317467,0.00773354921544741,16.066582566369,1.13330407268338e-06,13550.2593841416,14308.5549022274
1.44349219468134e-05,1.19222995332374,0.000259556768918535,16.5385523401263,2.32799441425554e-06,13151.2506222379,13887.2169326495
1.72665468953345e-05,1.78315396068724,0.0218915268902851,21.2171327060223,7.75298663975136e-06,10179.9621531537,10749.6501167697
2.04835901126023e-05,1.37208443585047,0.0127522304252967,9.44850158486331,5.62641210769824e-06,23588.1414444541,24908.173882965
1.26538909689188e-05,1.57330690407279,0.0363382568843404,21.1421825872242,4.7848399150077e-06,10216.9392227359,10788.6964859381
1.21398691303767e-05,1.72146884368121,0.0111954565999355,23.2673653797184,5.14536998394479e-06,9262.93303530734,9781.30249273804
1.86424745214768e-05,1.32454112629619,0.0426111178376266,26.2250605161862,4.77101652823247e-06,8197.65730616596,8656.41212537956
1.30757642355189e-05,1.14167851484659,0.0128258280408578,20.8021027785588,1.64371948670106e-06,10388.1514809622,10969.490072785
2.01958483525068e-05,1.24785136834312,0.0353563339211259,30.0074951833066,4.15828725064154e-06,7146.62005574882,7546.557046186
2.14445544358771e-05,1.22665641524955,0.00670314687381089,49.5474148470592,3.98908840795545e-06,4299.2271302764,4539.81917886382
1.23578680510623e-05,1.49487876848241,0.00109587173413263,17.6328095314535,4.09550278937885e-06,12310.7984562044,12999.7316366514
2.07102527000858e-05,1.07534523099726,0.0434553479904636,13.2468763345631,1.51697552016055e-06,16550.4795689674,17476.6725017762
1.55359211958814e-05,1.27119021473106,0.0529485196567567,13.2733818018243,3.49961030864041e-06,16516.1012522576,17440.3703161027
2.35798532873997e-05,1.41584949879017,0.0506988117503277,29.8568017467075,7.29533448338598e-06,7183.31194525165,7585.30227611363
2.25345502404682e-05,1.3303683013928,0.0307954288844586,20.6668742407408,5.77364058909668e-06,10457.8374710802,11043.0758092091
2.18721026760992e-05,1.66493917355115,0.0271714063110875,16.4368479770462,8.97899817807309e-06,13235.2330535009,13975.8991633348
1.9816603857547e-05,1.28086330974808,0.0230021707068945,12.2351496615649,4.44753115214329e-06,17979.012832685,18985.1489120126
1.22184241775461e-05,1.04126255927419,0.0472924840538549,6.14542349853449,5.08213192755156e-07,37448.4959102825,39544.1773140685
1.67382947348105e-05,1.27152888920303,0.056408882271527,16.0473760917334,3.78799481397321e-06,13567.0102626059,14326.2431882869
1.24276204228811e-05,1.10486763146907,0.00453496115526722,22.0414372784657,1.1849165182365e-06,9790.27298782446,10338.1532842114
1.32931746529425e-05,1.42138594736114,0.0346989644646123,14.0822047013694,4.08251628067407e-06,15531.6464079219,16400.8237074653
1.9267866763087e-05,1.38092008254577,0.0118151777184823,14.2250460253213,5.37838990502276e-06,15369.8592329463,16229.9826475278
2.05114443127122e-05,1.10670052286311,0.0136657278659799,19.6824398354886,2.00493136019428e-06,10994.7663985705,11610.0521909735
1.57515180293871e-05,1.23833584045988,0.00964173221060561,15.7805918921997,3.06107575289692e-06,13804.0447776131,14576.5425571443
2.24104805550389e-05,1.16629083824798,0.0251789933277857,18.9056832101788,3.27776435401364e-06,11458.991315476,12100.2559222982
1.70253461960703e-05,1.50196985062326,0.0371009462106021,10.3711664916795,5.90913391198629e-06,21379.3661279877,22575.7917501675
1.6379231351682e-05,1.40261629498121,0.0102631444318278,10.7416849105062,4.75027807467553e-06,20604.6596979995,21757.7314332139
1.88993573247045e-05,1.11981301607527,0.00561531177753431,31.6920042875524,2.03349373466782e-06,6760.60227960678,7138.93705998644
1.54642887572022e-05,1.31473600467805,0.133164220193338,32.0913313433602,4.27063996288382e-06,6675.1311987966,7048.68287239824
2.22233432534281e-05,1.58909251042709,0.34073012906049,14.7559064003222,1.24957705509725e-05,14797.0385957034,15625.1059950032
2.39582835976174e-05,1.25686224937656,0.00277201439355252,17.0512466490091,4.90979555258998e-06,12743.6231734964,13456.7779598872
1.41759666036721e-05,1.26715485851112,0.0428801894221375,17.9874099859697,3.122577791987e-06,12061.0290370469,12735.9846967887
2.10452956777783e-05,1.1133010264813,0.0087587928276563,10.8396117418922,2.16066624823534e-06,20409.2059180582,21551.3397279443
1.3658973059711e-05,1.43374873955745,0.155747329889509,20.6980500452835,4.89444399932844e-06,10441.6891366921,11026.0237866152
1.55157417420661e-05,1.12457735347967,0.0135131323352487,20.9978245323696,1.74230490519074e-06,10288.9215337495,10864.7070492733
1.80846629644688e-05,1.63584299144126,0.124478750058122,20.4964820607033,8.02865012838147e-06,10546.9868381451,11137.2141261951
1.41298542918339e-05,1.3824153121178,0.0114272148237989,23.7742063707277,3.95384412633631e-06,9061.15191921651,9568.22936284672
1.81341710331319e-05,1.38689256275688,0.0551332816116591,25.924340443452,5.35385058774199e-06,8294.64437361477,8758.82675376826
1.89005501492936e-05,1.8835576771362,0.105918972203776,17.6864810991898,9.91616755985768e-06,12272.3313881058,12959.1118861202
2.19599512339141e-05,1.75282565346333,0.0385422834364849,14.5817721352888,9.80949795374073e-06,14980.1708182823,15818.4866076434
1.30378907981711e-05,1.59362881378687,0.00958766706263454,25.8849181003947,4.90358107594988e-06,8307.52914451223,8772.43257831835
1.8446164552683e-05,1.12838565061762,0.00581685184517555,21.5606261976114,2.11101125998011e-06,10013.8666066517,10574.2595815213
1.2505362498357e-05,1.10636068624901,0.0753741859448711,18.9761129612286,1.3001957660498e-06,11415.2889986265,12054.1079496086
1.5703441562972e-05,1.57769290606002,0.0239065801155895,19.4606826512026,5.89075512589063e-06,11123.4164557077,11745.9017237046
2.30427506551249e-05,1.21411807660052,0.0282818181721383,38.1617011079398,4.1819231566388e-06,5599.08491484772,5912.4192117011
2.32385977075053e-05,1.2760663791959,0.0728437897060415,14.9165274737738,5.42233304313452e-06,14632.0449867133,15450.8790635606
1.93627046179008e-05,1.11249911711976,0.0886033929078941,14.9880999868496,2.1483188279405e-06,14559.7037763615,15374.4895162709
1.35859781033238e-05,1.28443498753671,0.101234955241687,21.9866609566394,3.34740991339348e-06,9815.24050536399,10364.5180264174
1.94761154596908e-05,1.83996283914912,0.0812531519808992,5.95795551707689,9.67715999353658e-06,38741.8918028775,40909.9538364847
1.44902977497401e-05,1.17679682245923,0.0675811801401994,16.600011929208,2.33470720827921e-06,13101.0151568346,13834.1702053224
2.3581778651691e-05,1.51161744360895,0.0152958634579914,19.8603533876955,8.10520099774961e-06,10893.6839315014,11503.3129774493
1.23262913079187e-05,1.56814899016384,0.0512174500270026,10.4136859666541,4.70689925081773e-06,21287.5145449423,22478.7999966075
2.24993078726605e-05,1.44612122033649,0.0407178564027778,13.5647743509915,7.23536860501267e-06,16147.3671483055,17051.0012257297
1.91127231551344e-05,1.41596348587211,0.0382675287719226,28.4294933385073,5.83798147941215e-06,7550.48435858135,7973.02228100594
2.28553374138521e-05,1.39868939207685,0.00931336106094459,24.9888910186944,6.57589218920192e-06,8611.57737707133,9093.49586612439
1.24134189203493e-05,1.42938023018976,0.00425874801205746,10.8578921316499,3.74484430822934e-06,20373.1300916611,21513.2450370596
1.42241497419337e-05,1.64804538689328,0.000304367669757656,5.61271084060065,5.59485158172927e-06,41374.2879668655,43689.6633585709
1.5137572567164e-05,1.49078168047219,0.116529210092939,15.1158996076546,5.64066846952059e-06,14432.2956608971,15239.9514263768
1.83041501831934e-05,1.42491290230929,0.0241545935590287,7.33561542111469,5.59334929927865e-06,30902.2566726797,32631.5994158198
1.5555073362493e-05,1.17992843549,0.0010197206415993,28.0622356253142,2.3743925707845e-06,7651.11400978811,8079.28333832334
2.05998213617234e-05,1.48018852259107,0.212180057099089,14.492222383121,8.48240255199528e-06,15076.1248525499,15919.8103925604
1.43646722641038e-05,1.69110190262049,0.000507746084241045,27.1062099582107,5.8733023153085e-06,7926.10072153923,8369.65877328208
2.24460861915573e-05,1.51471319922001,0.0526123252846425,28.6396093857653,8.0507679263663e-06,7494.09362557966,7913.47582685644
1.81939742239332e-05,1.1040326577029,0.0071524803007572,24.0161929779454,1.72673156805492e-06,8967.8824882637,9469.7404162034
1.6172674317224e-05,1.17528449002528,0.0323387885926537,12.5242947079206,2.4925948773858e-06,17546.1709684151,18528.084482225
1.82150447300021e-05,1.02773753577341,0.0360586868163307,12.6795337558227,5.09984633720726e-07,17322.2760652315,18291.6600401747
1.31577730409894e-05,1.24359342391269,0.0252805213928872,27.722736468342,2.6441372621907e-06,7746.55362558369,8180.06391703733
1.39075179325836e-05,1.45422774932302,0.0276969171590789,15.8189157146129,4.46768899343492e-06,13769.4861761204,14540.0499976453
2.35612042672299e-05,1.26617733806202,0.0593317701802348,15.7611273896718,5.26534129698364e-06,13821.6634757334,14595.1472275209
1.70047742928425e-05,1.64412345746072,0.0578528306287168,12.8712523070297,7.07096661617541e-06,17053.5359408612,18007.8807622308
1.65597699221838e-05,1.3156499263405,0.119085944457162,33.0929784585135,4.51001178686735e-06,6469.95842615098,6832.02828309363
1.61427228210093e-05,1.04054506582344,0.0608480582379681,30.6683002808046,6.69746664336917e-07,6990.05181609751,7381.22698205321
1.87498465122711e-05,1.25288196248496,0.0234185695425105,12.9946190804866,3.87515048776175e-06,16884.975372256,17829.8872580577
1.81864006521385e-05,1.48697717732761,0.186980844752884,11.7153799113368,7.32554322730046e-06,18813.3203160774,19866.1456584979
2.13981546540912e-05,1.37064514222177,0.13589400229019,19.0935177083156,6.69624556962848e-06,11343.1747437084,11977.9580585639
1.29158518758779e-05,1.44732516082076,0.049713778513594,28.475999267452,4.20068232799584e-06,7537.93012792771,7959.76549429283
1.45670298337201e-05,1.79406192374515,0.0137612229727781,16.2265905837225,6.53731518059384e-06,13412.3006830788,14162.8757980542
1.78768095361423e-05,1.32362530240041,0.0184101039982858,10.9831194624938,4.45276112107666e-06,20129.3884151737,21255.8631625796
1.26603316692179e-05,1.75013183555709,0.0189839478193978,19.9800169890401,5.53133740837027e-06,10826.7357306065,11432.6182415809
1.75390241175815e-05,1.22449730972238,0.0209989592643597,40.8088259097785,3.28448865284704e-06,5231.34777440592,5524.10287660883
1.65067531398805e-05,1.40360390793343,0.0286804335110696,25.6778724482136,4.8865558831799e-06,8375.86249241361,8844.58997637113
1.38149267639648e-05,1.32593718725833,0.0380401339632889,15.6523809974263,3.530175516233e-06,13920.9313247709,14699.9702739078
1.79854288408309e-05,1.88741418297315,0.0911897531168584,13.9127483872122,9.30460055408675e-06,15728.0536973104,16608.2222821895
1.27318712192802e-05,1.19805883706842,0.00746497198471718,55.7838289602048,2.12059089657486e-06,3814.21521558315,4027.66517406708
2.10108929188997e-05,1.21915289578225,0.0269764858437526,10.5120730625255,3.8815107038873e-06,21077.9751260314,22257.5343960997
1.2681290455115e-05,1.63759984803467,0.0445534848723562,13.1714167181371,5.1676324411702e-06,16649.1415520466,17580.8557769173
1.88304688522546e-05,1.54838258643504,0.0203842222596774,15.6367816967956,6.80773010761612e-06,13935.2880636627,14715.1304402801
1.7216399006716e-05,1.29472174778246,0.113017626784874,26.297561861125,4.41829182071092e-06,8174.61286955865,8632.07808297942
1.96877976678824e-05,1.70099475718453,0.0277854694998262,11.6575090946768,8.34522261770823e-06,18911.0301704649,19969.3235222093
1.4417260629748e-05,1.19085750280453,0.00415433295777148,14.3388396380793,2.3202450912692e-06,15243.3658283882,16096.4104573151
2.34692388979783e-05,1.53003625737725,0.0231005824200312,24.1561756320084,8.32228324505702e-06,8914.80023431864,9413.68758921503
1.6223184980141e-05,1.22171957236891,0.00380884449332256,20.6499710845216,2.95541764373887e-06,10466.6138127133,11052.3432898187
2.13878114044927e-05,1.24323488811298,0.0165349035631791,24.775012803963,4.25471620275219e-06,8687.47219352147,9173.63788534228
1.74415761823906e-05,1.87226485804063,0.00586289782991511,18.5529373515051,8.17359089767777e-06,11683.0080662642,12336.8090307518
1.67903050143896e-05,1.38222150405244,0.064475753167105,11.9720971379912,4.96287191213316e-06,18391.7844830714,19421.0199646767
2.05749517670944e-05,1.23401281429019,0.0224707569569376,22.0803556225494,3.99135040266588e-06,9772.6107321939,10319.5026187723
1.25247665312067e-05,1.72955887800588,0.024434933648718,11.4183273642709,5.41542767463535e-06,19325.8776186249,20407.3865378143
1.68960411784183e-05,1.18174138806484,0.0820994012903456,14.837706634376,2.83082222471174e-06,14712.5490432182,15535.8882637314
1.46750032539004e-05,1.21996109875722,0.0686942987816986,20.1316416456354,2.84105020301409e-06,10743.0792951704,11344.2802500024
1.47200928201154e-05,1.59455321872394,0.0634342474307757,27.3818801999988,5.86026147171946e-06,7844.80072352724,8283.80908936628
2.1928407025368e-05,1.07414832673729,0.019323572997321,26.1988650258285,1.54350741852852e-06,8206.01548990368,8665.23804726811
1.76287912206268e-05,1.08526466964737,0.0144859102765579,11.036006777001,1.40535281760896e-06,20028.1930678724,21149.0047518539
1.64889377909526e-05,1.58156179889792,0.122401511910846,25.8507881986642,6.90872553465884e-06,8318.71651504763,8784.24601310062
1.37791382149877e-05,1.53908016834872,0.013379263406651,35.9750309929866,4.8916777208805e-06,5944.25517308605,6276.90578355222
1.20935626369799e-05,1.35563183863057,0.0773954452448359,24.4262581001157,3.43867966738651e-06,8814.13942505078,9307.39363017853
2.03616732596112e-05,1.5540942079729,0.229953440564653,19.2074235774626,9.42735891793754e-06,11274.0753424956,11904.991737556
1.94709388733413e-05,1.06590153181785,0.0517296960301756,12.8989503497922,1.26947519493385e-06,17015.3986035683,17967.609194801
2.31371504617324e-05,1.11548363091099,0.0053361052743367,45.9621826690563,2.40813392345845e-06,4638.29850772748,4897.86556620536
1.53755788809545e-05,1.04375366049752,0.00404695688922262,14.9337663807419,6.47146005113139e-07,14614.5552629881,15432.4105852051
1.44814543354539e-05,1.2232008585381,0.077116085525548,12.3029927685857,2.86323020972553e-06,17875.5460342488,18875.8919358904
1.791276163805e-05,1.09985499781416,0.0116578398923342,23.0351731166852,1.64543874058774e-06,9358.40529719361,9882.11754447339
1.59445687280092e-05,1.29165255644533,0.0295068790986923,8.75912118807705,3.70965234688899e-06,25561.6588537117,26992.132676692
1.67673980080616e-05,1.04572694275656,0.139547196084317,18.4165968844235,8.52087049211144e-07,11771.9586209178,12430.7374094464
1.76182184488513e-05,1.69591906291836,0.0461354424975703,16.4778193972287,7.57915360480996e-06,13201.2721569538,13940.0377573647
1.95752693570126e-05,1.37453392005378,0.083748144523494,22.656752952342,5.82128771472055e-06,9518.29343624918,10050.9532952169
2.04847605771488e-05,1.54972377178759,0.0054502811893963,9.48923185736778,7.30610071173109e-06,23481.0418720477,24795.0808366743
1.4094228532319e-05,1.89373316838513,0.0470008894146065,20.6151375616262,6.97961281650451e-06,10484.7463837976,11071.4905903628
1.81276352352044e-05,1.21804913393672,0.000372740029856332,28.5794541180489,3.24627053759362e-06,7510.15178771859,7930.43263100903
1.28880976182092e-05,1.26089054937901,0.0475351851642858,11.0066704939954,2.79972191099055e-06,20084.1994249061,21208.1453197036
1.7578871248506e-05,1.24075225107803,0.0181830180054097,4.19010115162643,3.47406488919252e-06,57495.3084827429,60712.8435495957
1.26317293498451e-05,1.24921621935882,0.00685593717772382,11.5385909869465,2.53736953135257e-06,19115.0352791413,20184.7451030868
1.70597276795888e-05,1.15925382609589,0.0700992086568325,10.594694129347,2.52022180284577e-06,20905.1763309397,22075.065487091
2.20407738366136e-05,1.15783990024581,0.0696801352850469,19.8169440397204,3.22962751240699e-06,10918.1753220739,11529.1749478149
2.02611897947872e-05,1.67554509287941,0.146159953702302,5.80788265817324,9.56699686255599e-06,39843.7034065155,42073.4246879001
2.00164416935379e-05,1.67924526770848,0.00223484983736013,20.9834557524707,8.11451019421495e-06,10296.1418967069,10872.3314759991
2.06858360358663e-05,1.63431847523908,0.00100037488024823,28.7354662562492,8.03654583212772e-06,7468.64652198598,7886.6046601466
1.56472691426827e-05,1.19291096027832,0.0332483525455805,15.0469841698181,2.61737191169243e-06,14500.7215465991,15312.2065408026
1.95281095927684e-05,1.75259494645116,0.13142067087859,11.5034182249048,9.65428373432775e-06,19176.2211992649,20249.3550911698
2.09885023572324e-05,1.31962910726488,0.0570393174627358,20.8821880197745,5.39103923913933e-06,10347.3181704032,10926.3716608484
1.76411332910964e-05,1.10294436427641,0.0227180080047721,21.9035156585984,1.68479745578233e-06,9853.38319091166,10404.7952413994
1.52482683522748e-05,1.31693202222205,0.0567021239995501,14.0664735741301,3.89015863664403e-06,15549.6725877555,16419.8586629236
2.29236639584592e-05,1.65546752429531,0.0274389115274357,24.8048721347259,9.33227024330736e-06,8676.79633547931,9162.36458816072
1.71019369426053e-05,1.20772358300881,0.0120996001247493,22.3068065556653,2.97743893827264e-06,9671.09211404268,10212.3028464111
1.7551461087523e-05,1.25216038704287,0.0092384919704776,17.2819695486653,3.56741261834333e-06,12568.3160284776,13271.6603294313
1.51835611475771e-05,1.77560890538159,0.0356129122297698,24.5957598852336,6.87718615649709e-06,8752.11843379955,9241.90183896992
1.63174545838432e-05,1.55139224104689,0.056047043381447,18.0577723307468,6.14374853055548e-06,12012.6685544801,12684.9178795206
1.26155710784281e-05,1.12132882620095,0.0808526377280184,26.3094404500419,1.48506943966882e-06,8170.84962733035,8628.10424332753
2.09006124955053e-05,1.19378962929104,0.0542769579801603,10.1596242250655,3.58746841170298e-06,21848.3957302626,23071.0690452114
1.42807677780865e-05,1.60016779671859,0.0217164434512791,15.8378109593636,5.47504349262965e-06,13752.5109750961,14522.1248355545
2.07774014629684e-05,1.09647930921654,0.0521978499122217,22.3767825955609,1.92884673232411e-06,9640.14693817652,10179.6259259709
1.91573845253857e-05,1.52930951164455,0.00447990291627149,9.70991209778595,6.66027440524214e-06,22917.2867186809,24199.7769878932
2.00527664420223e-05,1.57057781934338,0.138593605055905,16.8919964775675,8.45689480178564e-06,12867.5054553703,13587.5929045576
1.55896810039105e-05,1.22956416322161,0.0316503797970381,21.2782190885161,3.00573648524e-06,10150.0222628961,10718.0347394273
1.73408216474187e-05,1.25826762073722,0.00943605420695221,7.99945153741926,3.59315936631616e-06,28158.317450712,29734.1046968737
1.33811540736565e-05,1.2829013286366,0.0393825645145016,22.8021979214134,3.07169955214432e-06,9456.19850225814,9985.38342330728
1.25751362494407e-05,1.12234835896455,0.0235089572278323,31.151363244438,1.40381313197143e-06,6879.8694707045,7264.87864556623
1.23205351350987e-05,1.13851364862852,0.0109909533767924,16.5881081771467,1.51557773355792e-06,13110.7149737994,13844.412840511
1.44586939785853e-05,1.16313706260316,0.0198007856972483,20.2964140150025,2.06885491821693e-06,10653.622738794,11249.8175528696
2.26087545875637e-05,1.23466233769456,0.00593530822836857,7.92575287001006,4.3226223539367e-06,28438.6252621173,30030.0990092564
2.2263154317149e-05,1.33974383252011,0.0401201529780058,27.8205962287442,5.88151838170573e-06,7718.80000338993,8150.75715503099
1.69086973630451e-05,1.30324978979035,0.00731099254215686,14.3908224385175,3.96334952326909e-06,15186.2720642257,16036.1216291876
2.31622543145595e-05,1.30675524365777,0.0148577378671207,29.3197429389545,5.51911408834027e-06,7317.20030803188,7726.68325896421
1.75936192638008e-05,1.18302014262257,0.0285584311453595,23.2925882265766,2.80180144848188e-06,9252.67915066873,9770.47478330804
1.91163950538486e-05,1.70260486549568,0.0204904663805269,35.0087591498462,8.05352597088638e-06,6110.72187857984,6452.68824847968
1.28387167554963e-05,1.7356058657285,0.122763657587055,20.2140388808102,6.20286520591569e-06,10698.1579749556,11296.8450564499
1.98584760585409e-05,1.64574619532617,0.0207339025005573,8.03421329516629,7.95674270009206e-06,28028.0152853054,29596.5106010897
1.72221765657859e-05,1.754930294036,0.103082163945495,30.6096240200795,8.2598775284225e-06,7003.67621234687,7395.6138226455
1.35067475783341e-05,1.42878979131499,0.0515745727564632,10.2624680436347,4.27383161628213e-06,21617.8257735264,22827.5960022802
1.98108862129636e-05,1.17827723123385,0.0214825497432317,11.6308419095709,3.06319681746415e-06,18956.3980521402,20017.2302675598
1.59897085899794e-05,1.08333336825348,0.0357484515576567,23.9241086490544,1.27555678639485e-06,9003.14751807286,9506.97893694667
1.39964824968344e-05,1.61625997439248,0.0655838946600646,18.7423969734094,5.71116430294956e-06,11561.6110045255,12208.6183833542
1.71519316985607e-05,1.67534701223592,0.0731329333902627,42.9304519485583,7.45949629374247e-06,4969.7427820533,5247.85802478296
1.31899541886952e-05,1.10248032501581,0.0289894238290017,19.2744059536789,1.26265021687388e-06,11233.8332016199,11862.4975781617
1.47391922730552e-05,1.32406124494776,0.0460288052495833,9.61883824030505,3.78138289938112e-06,23146.6294431458,24441.9541205519
1.98694865223365e-05,1.13369629291505,0.105357853842042,23.5323917588255,2.61908835626049e-06,9156.31372673428,9668.71658666006
2.27787327143261e-05,1.1254646586266,0.1305200303619,16.768225210642,2.92043776988982e-06,12965.4649696796,13691.0343995839
2.30316768364487e-05,1.13938367418093,0.0108283835135624,9.52194634844976,2.84829981791097e-06,23395.7221083186,24704.9864341279
1.82648322901335e-05,1.80392928810446,0.000951019394941586,19.2274906672495,8.14740501917752e-06,11261.9890719584,11892.2290988019
2.03501449784199e-05,1.34075963899989,0.0506191878046278,8.43265034853111,5.44772083227244e-06,26616.3977880516,28105.8965923247
1.33209780982845e-05,1.27814650971234,0.0692972449415451,24.5510311574675,3.11466809712899e-06,8768.39980852929,9259.09434706883
1.33175831891941e-05,1.57943850653034,0.0572558709371943,18.3972561652148,5.18238819190375e-06,11784.6866406674,12444.1777107883
1.67775081579052e-05,1.15104061598345,0.00208655540653926,13.9310963371083,2.20612632805975e-06,15706.5480320014,16585.5131233417
1.80317424309449e-05,1.3525005843246,0.117426993598054,12.3285281195766,5.32476265209246e-06,17836.9103298426,18835.0941118776
1.97707387159243e-05,1.87752471111427,0.0496285874800272,28.9722986466999,9.72285861972865e-06,7406.50954081132,7820.99038802154
1.77572344804751e-05,1.30547854228184,0.197049368803567,25.9494978145809,5.17472531510079e-06,8286.44282919309,8750.16623699777
1.89121378937848e-05,1.30956549705124,0.0266507403561092,30.8487519016579,4.5929186760316e-06,6948.48189686685,7337.33073957322
1.30268598182341e-05,1.31149986041659,0.0591917269201213,18.4576563563153,3.28868378056767e-06,11745.0285661122,12402.3003030574
1.35767048654817e-05,1.07979140538842,0.0303055516955298,13.679497331912,1.03459320293555e-06,16006.6742546755,16902.4349189315
1.84574376529483e-05,1.40034513041888,0.106440121097018,15.9785657940132,5.90524523762675e-06,13627.3646000452,14389.975056907
1.93786767602116e-05,1.46196031281172,0.0609170623801064,22.544564828719,6.52048810152577e-06,9566.75004906983,10102.1216223511
1.24352874446008e-05,1.61146675203267,0.00880182267956874,15.1817450056118,4.7603771903478e-06,14367.518795202,15171.5495373121
1.50334936694847e-05,1.11903773678066,0.0101475643129695,14.1100775726209,1.61555886666413e-06,15499.8095610525,16367.2052165988
1.28648946676478e-05,1.13023745317445,0.154423037491719,35.1634569845487,1.75312364121778e-06,6083.44684697192,6423.88685980083
2.31759942352893e-05,1.65489096966306,0.0420587154800576,14.373844475233,9.5738894851318e-06,15204.8721959442,16055.7626558528
1.58755376414889e-05,1.13782780396319,0.0208019336931507,23.8819405558429,1.96386274010709e-06,9019.38916573879,9524.12949478784
1.47546472545583e-05,1.69266609906504,0.00806950754857839,18.1739679228178,6.08686606490878e-06,11933.6502561369,12601.4775830605
1.69218926276732e-05,1.13355717471927,0.0175465748639666,11.0537233559813,2.02933273671355e-06,19994.5212066197,21113.4485560841
1.89602432652656e-05,1.3190160779918,0.0129476036760924,33.4048625604716,4.64577112600999e-06,6408.62435024647,6767.26184818064
1.87409345367495e-05,1.96159805298609,0.0324364606403767,20.3602028037365,9.49482036250111e-06,10619.3899831327,11213.6690740879
1.38895202329522e-05,1.71783882824845,0.106238087017484,19.7807806857555,6.49385889740387e-06,10938.6628116266,11550.8089520626
1.31254907546639e-05,1.47509598391664,0.00234985569533545,27.4947374569768,4.23733344416799e-06,7811.99634203577,8249.16891899777
1.42568382177232e-05,1.26044335265426,0.0464089956809909,16.7371777151432,3.08918887768751e-06,12990.2722152251,13717.2299007029
1.77877682105703e-05,1.17599925632596,0.0765247864751412,31.3553343394876,2.88264747668043e-06,6834.38167824077,7216.84527901605
1.66168265747046e-05,1.64315425261613,0.0660111500844876,12.3503165959534,6.96362323718035e-06,17804.0756383672,18800.4219353271
2.32095793935796e-05,1.15518384107576,0.0264692510597325,26.1285247514902,3.20259924766119e-06,8228.5435011608,8689.02676427877
1.96618806232056e-05,1.13703608630715,0.0153544959317377,11.7892777941793,2.40656259983544e-06,18690.0093505614,19735.9340020186
1.69388197517339e-05,1.59961299111525,0.144529798096424,13.5130854070811,7.42207309909103e-06,16211.5687742919,17118.795683695
1.61071159748761e-05,1.07181079644115,0.0522368150761102,14.5054430568583,1.13862878442213e-06,15061.8813795115,15904.769830591
1.62056171585983e-05,1.1143444045287,0.0256545282624379,12.9633186835762,1.70663575760998e-06,16927.425829527,17874.7133149816
1.64180641134074e-05,1.62454382293328,0.0308759675723467,20.3038644982296,6.51278321361309e-06,10649.6129965286,11245.5834186201
1.7233018936649e-05,1.37347997796992,0.0652845474018916,13.0268469619787,5.01324322518467e-06,16841.4890508614,17783.9673682953
1.86158831180865e-05,1.2475982580188,0.0790510621075274,14.6769040830001,4.01154796227647e-06,14879.5649415338,15712.2506552433
1.95078101825919e-05,1.46557383936776,0.0556664932769323,10.9607285902221,6.56228136338216e-06,20172.5404453512,21301.4300536208
1.73597309026178e-05,1.59111307742893,0.00843440038583253,13.5401707551795,6.5040434254961e-06,16177.8631304052,17083.2038147577
1.61381512095127e-05,1.60277964328302,0.0264556927132416,17.7638393663356,6.23412556487194e-06,12217.3089364311,12901.0102846435
2.29078900500191e-05,1.83366180297437,0.00239128940282636,14.7945413582747,1.04396404108529e-05,14757.0128001176,15582.8402879486
1.3923531333399e-05,1.17655879603865,0.00884332302217743,10.318989996676,2.1080295730196e-06,21493.1688698391,22695.9630866447
1.59987939713253e-05,1.48748676786331,0.112415525504796,22.5002988219731,5.90716519911342e-06,9586.00558592322,10122.454731735
2.22831454999605e-05,1.6990607444934,0.0981453686792943,22.2146330558437,1.01656406709244e-05,9712.15810703636,10255.6669620865
2.27037802323857e-05,1.17171268171661,0.033553517634238,22.8393720835758,3.44263793775554e-06,9440.45751352098,9968.76154211845
1.90999806456165e-05,1.0647531800774,0.00304481898690536,22.9927932081812,1.1650944429067e-06,9376.04378895107,9900.74311617273
1.34026858242229e-05,1.07648170803195,0.0265619560996399,18.8123449697971,9.78201798690905e-07,11517.4269040935,12161.9616656551
1.53238713031802e-05,1.52388813171809,0.060647918645833,36.7766965328913,5.6081332673619e-06,5812.87841765287,6138.17696185954
2.20583781670835e-05,1.32084289020201,0.0117219522904236,20.6783740067634,5.42158118068263e-06,10451.8750505133,11036.7797214654
1.60588609323856e-05,1.27408114904964,0.0364925991663478,23.0963103892914,3.58537397134571e-06,9333.07662813245,9855.37144009356
1.78953987648357e-05,1.35225006818616,0.113518950908677,14.2871114470302,5.25844019243203e-06,15300.6078842748,16156.8558758234
2.32262780357525e-05,1.50330413179441,0.0312976879286265,12.0294304578983,8.02716894055941e-06,18300.2110399772,19324.3219162516
1.41700093390178e-05,1.19165976210518,0.0183638097566617,19.6959011872733,2.32162438274337e-06,10987.0526985061,11601.9068191587
1.43876896804199e-05,1.43660729587311,0.0913995546224044,31.1946819934096,4.8124247372735e-06,6870.15833869563,7254.62406212451
1.87063156742938e-05,1.21226033292469,0.0298022532170089,12.2666544170656,3.37592294184602e-06,17930.8166151136,18934.2555522879
2.35048982841717e-05,1.80302277999065,0.0397286457867588,9.97390725142148,1.09013486104482e-05,22277.4793036316,23524.1648637592
2.15651473009363e-05,1.40195640587844,0.0310996235280853,34.9734023134402,6.38128283925827e-06,6116.99007574166,6459.30722459558
1.20782469233796e-05,1.5133517097822,0.036661330793515,28.8755872487647,4.25299170485418e-06,7431.75807373058,7847.65187170492
1.43218898623819e-05,1.29616057559391,0.0326061988583095,26.5693354670695,3.38266498517631e-06,8089.37126834467,8542.06621705518
2.26715239096703e-05,1.13437822427858,0.0064314042594416,21.9621144419757,2.70298699473994e-06,9826.47039193692,10376.3763565068
2.08748680119859e-05,1.22887253343439,0.0169293205083074,18.1230224568681,3.95472767670896e-06,11968.1671158334,12637.9260648215
1.86732999464627e-05,1.09613036768244,0.0940052454834198,16.3467960372749,1.80752682570077e-06,13310.4941899397,14055.3720407321
1.84171100133089e-05,1.14070072382641,0.264759252704099,25.767090500743,3.08962070787459e-06,8346.27959939843,8813.35157444284
2.09261994963326e-05,1.64964492419865,0.252099032161293,11.1995080775104,1.10183883741041e-05,19721.6884506477,20825.3476159263
1.33551211049287e-05,1.40713595934038,0.0176699032018458,24.7141708651012,3.93357872282235e-06,8709.30704256165,9196.69464960163
1.47853207666771e-05,1.08021398914938,0.0421700213765109,15.2553360833105,1.14624094027937e-06,14295.8068791444,15095.8245006936
1.39533867110834e-05,1.09251589598982,0.0834483801716583,19.7728960008633,1.28915350586832e-06,10943.1399085761,11555.5365949577
2.23827682064585e-05,1.20721866169643,0.0535465490523742,22.2804190524123,4.05926208210001e-06,9682.81299134175,10224.6796439012
2.25052064420488e-05,1.09296897578062,0.0720883251023022,30.2741462429841,2.06298452830523e-06,7082.6043229135,7478.95888426796
2.1427250020802e-05,1.40854565313049,0.0916396248989589,14.1603732346237,6.84175279553545e-06,15442.6902170404,16306.8893771299
1.52818088583704e-05,1.85576756136178,0.00492191205556357,25.1430004722087,7.08179182642928e-06,8557.70849086276,9036.61238559565
2.29461420841254e-05,1.61851573498124,0.00479431774595369,21.8570621026864,8.8109072064902e-06,9874.82302350901,10427.4348834252
1.9023879216034e-05,1.46853098262952,0.0172597223551052,18.4408989329207,6.17599692547919e-06,11756.0045127738,12413.890482327
1.48512337642964e-05,1.76095697824682,0.0414050370933301,23.1459968473631,6.69471195127651e-06,9312.59272277858,9833.74122062257
1.60284914014768e-05,1.09334038210274,0.0314658583659846,21.4265603620153,1.41281303224598e-06,10078.0447104224,10642.0292009278
2.25442388890022e-05,1.29312983031713,0.169921455717596,13.5361266120956,6.15633059614473e-06,16182.8868488865,17088.5086690535
1.58578216882143e-05,1.17037258790512,0.0985175615153813,14.4553498669682,2.56067273432918e-06,15115.9927378926,15961.9093524466
1.53404320659209e-05,1.86796733517125,0.0710695786740467,12.837000313941,7.67328065500482e-06,17100.93459853,18057.9319292469
2.14366863317722e-05,1.36286346052884,0.201590255172534,15.5110594292131,7.14842343959274e-06,14052.0864634053,14838.4650767495
2.37185149076069e-05,1.1229279213684,0.165018757427731,12.8631509107578,3.10954486841099e-06,17064.723078282,18019.693950853
2.03682654686943e-05,1.18531471905604,0.023630867411705,16.1683812471973,3.26142314905774e-06,13462.1622880444,14215.5277430788
1.69909156208737e-05,1.10936492057743,0.0186629196832631,26.5274682859451,1.70684723377346e-06,8102.38684301488,8555.8101653792
1.42002419485431e-05,1.21835899293302,0.0691085579854789,11.103695503704,2.73392000376329e-06,19900.1525989314,21013.7989209091
2.0218295421551e-05,1.4637395659081,0.0520050594643963,17.027345010706,6.75677464287227e-06,12762.0640867339,13476.2508579347
2.26431041690614e-05,1.34205097141687,0.0415636738375882,15.2153580817087,6.02121510748549e-06,14334.6749456578,15136.8676901916
2.15469353585606e-05,1.41047118031489,0.065797573758475,14.2190345846162,6.71201238696998e-06,15376.6000055403,16237.1006451993
1.50872309801225e-05,1.47851859786126,0.034508023492066,34.2079299512236,5.05738522029513e-06,6255.92077206285,6606.01271853195
2.36032410480632e-05,1.25423938385306,0.0378534955083996,24.5144195108744,4.97258356169341e-06,8781.7717035841,9273.21455607107
2.33650806250172e-05,1.44841164298905,0.180813644982919,11.1738588554949,8.82990872314984e-06,19769.1489320103,20875.464066395
1.2243681809471e-05,1.19719965394197,0.143390518952164,20.1357713082234,2.35430294043884e-06,10740.8189060068,11341.8933656241
2.03019247872569e-05,1.30119387524296,0.0220651064678207,20.4324277990326,4.80532023422416e-06,10580.894526913,11173.0193467882
2.29739278141446e-05,1.00841953352659,0.00598710351697112,14.0546538910303,1.92965636403079e-07,15563.2442402101,16434.1898080889
1.94308844208727e-05,1.6566446788826,0.000720170711205209,13.9626167301814,7.70722531172091e-06,15669.7399640135,16546.6452133837
1.59352836193526e-05,1.94102743749291,0.00770142600516681,22.1582787951107,7.78540198921713e-06,9737.43785331176,10282.3614058784
1.71732015455682e-05,1.45135865431564,0.163212312636865,12.1568395797362,6.38224628459471e-06,18099.9428544771,19112.8463831153
1.93960513899755e-05,1.0300311311933,0.0018824401957005,13.2180542732411,5.66558173400167e-07,16588.0254508848,17516.3195149837
1.9588979173285e-05,1.0950251484042,0.00867629127673211,11.7224926277067,1.7147554211687e-06,18801.3807890683,19853.5379752887
1.7382124801347e-05,1.34567286572134,0.0157988691485506,19.5760549351541,4.53666903005554e-06,11056.1109315023,11674.8296681067
1.78598000201862e-05,1.06011932563589,0.0260326411634241,19.5309162861931,1.03988080480978e-06,11082.3465275071,11702.5334526015
2.36406180669358e-05,1.56409243143479,0.000839309090188288,25.6203453212204,8.53298670631323e-06,8395.04879180655,8864.8499736488
1.40420419205194e-05,1.60890050836961,0.00340238854573813,5.56724373810726,5.33238435467187e-06,41747.9483309282,44084.2343909332
1.3358147269805e-05,1.26771988303528,0.0923396701731963,22.4673564035807,3.10794746091262e-06,9600.38579775532,10137.6396846331
1.61787411823338e-05,1.41715166180939,0.0281459422646241,7.53314059483757,4.90020254558743e-06,30031.3895572915,31711.9970982686
2.12466592024611e-05,1.52813920957171,0.0603331604188738,13.300409759586,7.81433823475283e-06,16481.1920852042,17403.5075727991
1.57835617274847e-05,1.1460586949488,0.0107210861553464,26.8001082494824,2.03329258339277e-06,8018.37313234035,8467.09490483347
2.22049042514591e-05,1.32878725546204,0.00135484754045761,18.1938259759103,5.50158176139604e-06,11920.2497979207,12587.3272124539
2.28228960599815e-05,1.49399294369921,0.00370361257605823,10.7855622000501,7.5743337217251e-06,20516.623001914,21664.7680541642
2.20081547164293e-05,1.10553335887787,0.061618907670743,16.0009364888429,2.23878321305712e-06,13607.6841492861,14369.1932547139
2.30189105085963e-05,1.61026962131499,0.0798030584366896,13.6132596605927,9.48016530203033e-06,16087.6054027546,16987.8951114461
1.76659948599972e-05,1.19976338886711,0.160708574793213,14.5216161680499,3.50458157038912e-06,15044.4936312059,15886.4090343727
2.11254593499396e-05,1.42122455056669,0.0763464183601372,16.0334970367348,6.77856618283328e-06,13579.1406542713,14339.0524172625
1.85568873304557e-05,1.1414190869964,0.0213065406595728,31.3048067528902,2.34916264700902e-06,6845.59374102464,7228.68478786693
1.4620981342678e-05,1.3023369434335,0.0210830208798751,22.9401057441142,3.46730463914281e-06,9398.06522493533,9923.9969090983
2.20691569036329e-05,1.50431235130671,0.0998921733251552,8.36070296423584,8.2194308026969e-06,26860.6685634476,28363.8371749864
2.09401878983527e-05,1.18164029891849,0.110611563304572,23.391778167821,3.61914171584696e-06,9212.57456178304,9728.12587354667
1.83842929272931e-05,1.57640227926535,0.0126601024603938,34.6234073315029,6.80817570884269e-06,6179.7394006052,6525.56810820187
2.33309459236348e-05,1.86229803811591,0.0441390793578367,13.805150270329,1.13014723301233e-05,15855.3651325112,16742.6582814282
1.22853504352905e-05,1.68437731366674,0.0624494222629657,9.84746517361962,5.32406341559831e-06,22579.3965667535,23842.9779294608
2.23981644530911e-05,1.07563771596459,0.0205741137936633,42.3761657627168,1.60806385055008e-06,5035.53008113906,5317.32689280622
1.8565859035573e-05,1.02237717749623,0.100534446869722,9.20483417755471,4.51768230843112e-07,24249.8618507142,25606.9252864974
1.44083731156597e-05,1.11402664617196,0.0376555580880889,17.3777208586958,1.53245823833302e-06,12496.9711237062,13196.3228426736
2.3446155049229e-05,1.77969645773584,0.0755721552964777,23.4972200152107,1.11113500574575e-05,9170.32172285358,9683.5084940222
1.26400000954466e-05,1.77214844477676,0.134592282386139,18.9137561615895,6.36385452674659e-06,11453.964997624,12094.9483231665
2.16909891154859e-05,1.20132443020071,0.0896426472749636,24.5189256714953,3.99294293293707e-06,8780.12369018629,9271.47431704584
1.93890966262193e-05,1.70979145048318,0.108913264550749,16.1163681647097,9.0326522323014e-06,13507.0310255678,14262.9074113233
1.41955088871745e-05,1.40943515811427,0.180164456401831,24.2797744752603,5.02986414592483e-06,8868.4505630907,9364.74411170187
2.02385480029564e-05,1.22089873764789,0.00783264746159582,12.5675252616624,3.69061835476498e-06,17483.2416051913,18461.6334850061
1.89899751851242e-05,1.29205863954268,0.121700914896632,13.1832492764433,4.88720004825473e-06,16633.5929797773,17564.4370801486
1.66651754385363e-05,1.05184601767984,0.00462205036142491,14.4681713678711,8.25235383670699e-07,15102.1057711365,15947.2452474563
1.25342296857974e-05,1.55009402113664,0.14961731181425,15.0156302217681,5.23064590627622e-06,14532.0680659883,15345.3072646308
2.13441708535496e-05,1.59855891512495,0.0392208663625752,8.82407036635502,8.31810096946665e-06,25361.7289659889,26781.0143730509
1.45552610152988e-05,1.5009719400048,0.213618895912717,12.6366458369066,6.17758869211632e-06,17383.5579664386,18356.3713806056
1.2097328903418e-05,1.38969113103546,0.117097361691729,14.0223281492786,3.84213603918378e-06,15600.4827958263,16473.5122964937
1.29893878973667e-05,1.47236369972144,0.0398291585748361,28.2452224411864,4.34005899761189e-06,7600.64199764733,8025.98682670176
1.92944809505157e-05,1.11476320072192,0.0292325187087751,12.7238356225296,2.04611127855483e-06,17259.4260751991,18225.2928580058
2.3529840136718e-05,1.23290760223215,0.00818043248212527,12.6185971929049,4.48155901548121e-06,17409.4773009618,18383.7412050895
1.69736445945287e-05,1.14286114019089,0.0319540731370675,16.0143847673885,2.19175568787145e-06,13595.8804706921,14356.7290222278
1.90588543225983e-05,1.64010376900927,0.031831974795963,9.40643401075543,7.68274562402488e-06,23699.7889963867,25026.0694214369
2.15539417158784e-05,1.09718902613021,0.00376605709725409,18.6001852859614,1.9164246489071e-06,11652.4957064084,12304.5891474406
2.30724229742428e-05,1.90182577012878,0.0228944327654884,41.5977727482405,1.1196783004971e-05,5130.91249024873,5418.04706345105
2.01170031570476e-05,1.21031666367081,0.0333488571144045,11.8741626492623,3.61625539092249e-06,18550.3459934074,19588.4548463054
1.94445302250981e-05,1.70719542929465,0.0126896862633509,39.3710041667062,8.15814441224268e-06,5424.87410315075,5728.45926724093
1.34676964177424e-05,1.79151468794087,0.0488881728615385,18.1121568241053,6.25596127674735e-06,11975.554717985,12645.7270897307
1.85241567331189e-05,1.26188387553188,0.0736086261598693,16.2049563034904,4.14977438619014e-06,13430.7892148866,14182.3989794881
2.33129288338227e-05,1.45033460220067,0.010549820805267,16.7453038849287,7.31576505490714e-06,12983.77015807,13710.3639773916
1.85860200381484e-05,1.55940138280059,0.022223780315886,23.0506396602967,6.81874153077009e-06,9351.98465189325,9875.33758896231
2.08160284381835e-05,1.71634238279944,0.0064682669685173,21.6449078665122,8.74427337180601e-06,9973.93733440748,10532.0957994182
1.68869726105724e-05,1.29362963319492,0.0352406595910105,18.339644088122,3.97296802068358e-06,11822.7645023732,12484.3864742763
2.34849498052597e-05,1.23963308201907,0.00455379701754499,10.0238269050119,4.5605288084086e-06,22160.4950477467,23400.6339703224
2.13784334502378e-05,1.17313813061432,0.109139740353293,24.8606520099514,3.54159792853039e-06,8656.92302704475,9141.37913564919
2.19812175991237e-05,1.08741466901747,0.0204505393980451,13.0911300664138,1.80386795948397e-06,16755.4152969801,17693.0767810279
1.57634120956762e-05,1.2110692671715,0.102214428298056,12.5956319705991,3.06003116764947e-06,17442.5692650392,18418.6850516536
1.79728204648308e-05,1.4828183860522,0.241952590814088,14.1751852459999,7.71976960490995e-06,15425.9488346927,16289.2111186058
1.96019145463407e-05,1.20566439850264,0.0949550055401682,6.6027590666539,3.69446391655831e-06,34628.9897932047,36566.8868482795
1.23918395290179e-05,1.23349339669624,0.081549320881635,13.8998220557615,2.55394627426513e-06,15743.2400844489,16624.2585253326
1.41540852706628e-05,1.9242345806733,0.0486963313461547,26.4667331680226,7.14628305856796e-06,8121.34267206466,8575.82679480206
1.29607486485159e-05,1.15974253475994,0.0275624567002044,24.0235649588971,1.83578385438008e-06,8965.07122298732,9466.77182774975
1.7335737195896e-05,1.13112490114009,0.0290731910678486,21.3106793291283,2.06977268479837e-06,10134.1842830142,10701.3104393045
2.35386076189969e-05,1.12365710954751,0.0955015194704035,20.852364381066,2.86382701400708e-06,10362.486866011,10942.3892224128
2.10659541051742e-05,1.42317063729167,0.00131371355983088,14.624716262828,6.27193331402647e-06,14934.5876592288,15770.3525376272
1.29971390145309e-05,1.29965352708,0.0966050841257504,8.16801601581048,3.31707677907878e-06,27537.5377794918,29078.5851414151
1.97787094089221e-05,1.28914398617754,0.0523948993160711,16.9070652971128,4.68138242160662e-06,12855.6801645673,13575.1058504066
1.84041136928257e-05,1.40597805544301,0.0196429927083052,12.4010848519315,5.4205888394136e-06,17728.0364013487,18720.1274135206
2.02508362832246e-05,1.42548512129568,0.0337501462538741,13.6590288679986,6.25555740645578e-06,16031.5961188806,16928.751452965
1.3494759158981e-05,1.37386188669547,0.142590966048898,22.2309316835129,4.28290120116085e-06,9704.87122370723,10247.972292396
2.2604319360327e-05,1.30207634952544,0.028523068243184,21.9103401064467,5.39795229393705e-06,9850.24132752312,10401.477554002
1.32071397481794e-05,1.31269675819831,0.0168480191584488,18.0363147620764,3.19993549442147e-06,12027.3753144131,12700.4476547057
1.38535577197205e-05,1.84264536122641,0.0800823379883235,19.1960069232762,6.8866599163078e-06,11280.9631025561,11912.2649483622
1.2035197264066e-05,1.49923617333981,0.0191228251651633,32.2673683413229,4.08572577356483e-06,6638.13522569065,7009.61654183283
2.30074759907126e-05,1.82107301226328,0.00317054023577749,21.7494231576397,1.0406207836378e-05,9924.86236131499,10480.2745075217
1.24825388113484e-05,1.73722757055257,0.022612664473211,21.3677171272781,5.41970279978002e-06,10106.4738630921,10672.0492972424
1.26112439298313e-05,1.03840078985895,0.0194494822878454,18.8414590950864,4.75617157013881e-07,11499.1357651458,12142.6469235208
1.66684789578253e-05,1.60881279188297,0.00799934184430572,19.0416111702578,6.35850399553167e-06,11374.9449143115,12011.5061418472
1.51630361838955e-05,1.73110253888296,0.0199872675250604,11.9996065645962,6.53436176192467e-06,18347.7319394126,19374.502165891
1.54047579831658e-05,1.54075916712843,0.12024427391864,25.2055412663418,6.14545352018538e-06,8536.03917137667,9013.73041420524
2.26856183703197e-05,1.90917021514929,0.037921724232234,22.9135785098791,1.12287220157124e-05,9409.19184507304,9935.7461937875
2.17298831257755e-05,1.12103011174137,0.0778968951769295,10.1322537669842,2.54415598238628e-06,21910.5905003423,23136.7443402066
1.98724832517793e-05,1.19565841377746,0.119735252245682,18.8882906457318,3.6941983611718e-06,11469.8351454981,12111.7065914568
1.64737769677062e-05,1.28678664248391,0.0476153054896625,15.087109813885,3.85501040129835e-06,14460.8022179032,15270.0532587058
2.25842809785185e-05,1.35015936872335,0.0122187595659299,21.5687628390527,5.92947509657182e-06,10009.9978528577,10570.1743256973
1.7733939036875e-05,1.16024600946051,0.0438997200065263,15.9031715890866,2.56171492784565e-06,13694.1135126443,14460.4593519682
1.58827708645323e-05,1.73466301751737,0.0167218999186652,8.61128126899948,6.84094182704843e-06,26028.7308039915,27485.3427662119
1.36899836872509e-05,1.10513722014529,0.0234424077569509,25.0171952115265,1.33364196445463e-06,8601.63287118092,9082.99484880254
2.28865639510844e-05,1.47074463509185,0.0509489952874513,19.4020757770018,7.71842156862139e-06,11157.9212629988,11782.3374785872
2.17568976397254e-05,1.14472462565562,0.0548899029221248,21.8160794563912,2.91035458078754e-06,9893.81548188547,10447.4901920141
1.81025632432066e-05,1.09843479308087,0.0424581979490783,32.7022633401952,1.69413666055766e-06,6548.47199163923,6914.9356009914
2.34173527327739e-05,1.05919878009437,0.00825922321025688,29.2376054725367,1.31966789957932e-06,7338.1184547039,7748.77202063469
1.25462369980384e-05,1.48042847831814,0.153129346123518,34.1253561332337,4.80762853356958e-06,6271.28570467846,6622.23749886027
1.21279567904016e-05,1.42731329170715,0.0017084462238456,23.1886032557485,3.63707338876158e-06,9295.09914853617,9815.26867626842
1.24513807928218e-05,1.72321153908357,0.00442827576791075,15.0204708047015,5.2488755171135e-06,14527.2197829162,15340.1876634076
1.81087033686535e-05,1.09057348863259,0.0962146311262737,17.1744314010077,1.66402340266237e-06,12649.4211417208,13357.3042224958
1.54271055730144e-05,1.54517549162199,0.0238063380588249,32.9635427275556,5.57570847368283e-06,6495.7589374123,6859.27263476413
1.77622846295955e-05,1.12406727939485,0.117828318934198,3.28374867025633,2.22229542595529e-06,76576.9980223432,80862.3768289489
1.7777150742095e-05,1.27241633971127,0.0541722789790677,16.0999234041946,4.02388693979975e-06,13521.279305032,14277.9530486942
1.32147366145318e-05,1.81876408269962,0.0582405813872491,19.3622072966329,6.31676455111031e-06,11181.5164687318,11807.2531120882
1.97012987015918e-05,1.89140256895318,0.000624205008914483,30.4597181635793,9.29067715620734e-06,7038.72616123399,7432.62522617321
1.45113713698145e-05,1.1951397389183,0.0682954853942281,15.8751577781471,2.54302391395774e-06,13719.0820224044,14486.8251419211
1.37280959103573e-05,1.27317689083495,0.0150135493898808,17.0803354488743,2.99039932832782e-06,12721.2519844275,13433.1548411006
1.98997364874696e-05,1.29123148409001,0.156958233851159,9.91564392762754,5.32380045749903e-06,22415.5897237244,23670.0041774171
1.72077993416833e-05,1.24454434292286,0.022290668854104,15.5697586785266,3.45824008642499e-06,13997.3109315448,14780.6242131389
1.3752379103397e-05,1.24505988226421,0.012165059053551,22.9675288022298,2.74011867232292e-06,9386.5904929996,9911.88003168393
1.60446419873424e-05,1.07037486017622,0.0905046028948224,25.7179879052344,1.15985435728072e-06,8362.5351123295,8830.51677347292
1.79493638283871e-05,1.3852678641926,0.11553703816437,21.0445203150657,5.64402984905153e-06,10265.5265229369,10840.0028139402
1.21580755264498e-05,1.08849778209985,7.62814855119487e-06,11.4395230297158,9.88469304633969e-07,19288.3808368277,20367.791372453
2.24383919116622e-05,1.45004890379868,0.00904483791538269,11.3035932193091,7.02756582419258e-06,19531.4104860757,20624.4213734407
1.39400912614279e-05,1.56841267877479,0.0257344268383291,21.5911091462875,5.18543743980918e-06,9999.38815090104,10558.9708868081
2.22904652894e-05,1.27733113137433,0.0866559795506549,15.9333585520074,5.29869660487497e-06,13667.30965796,14432.1555080735
1.24601285443464e-05,1.3372366660401,0.0577369841829042,22.606241608491,3.33480970580945e-06,9540.04953827857,10073.9269056491
2.02005936825816e-05,1.43121380409067,0.00665762568274213,15.3163920504644,6.12695176001838e-06,14236.8512969515,15033.569664038
1.50416986871185e-05,1.33890342557234,0.0339172189733552,19.4421172240864,3.94096362994572e-06,11134.323732399,11757.4193901158
1.25012183630168e-05,1.12040968172688,0.0350012220685306,14.0168465247684,1.39220915391778e-06,15606.8151955138,16480.1990680176
1.40855875216182e-05,1.41877419379306,0.0698899650177375,11.8145523904128,4.46992817386748e-06,18648.2048540037,19691.7900548661
1.8774655101696e-05,1.49988447560569,0.00863336769491902,17.1469471186988,6.31162607431124e-06,12670.3180269108,13379.3705328557
2.24196498462008e-05,1.15562231337601,0.0313783003050359,21.1976896351966,3.11688287916224e-06,10189.5287634794,10759.7520908495
1.74808871996105e-05,1.32699655457545,0.00729384042992884,17.4841704541207,4.33918805322543e-06,12418.5999637016,13113.5658995122
1.45832410818972e-05,1.17933691324389,0.0368565602532297,21.8058738309657,2.30243971926699e-06,9898.55641187793,10452.4964324971
1.22573332350394e-05,1.53660013391983,0.0684166104525028,14.1864040008903,4.59471212185979e-06,15413.2929053757,16275.8469419995
2.16778570461245e-05,1.51879347039597,0.0254747962438216,28.6848881871452,7.5981752379233e-06,7482.05189445069,7900.76022001143
2.12673055095216e-05,1.27665630990109,0.107885241742539,9.69586909130992,5.16592034489263e-06,22952.3527940425,24236.8054203603
1.88136544325212e-05,1.54645053396696,0.003676506013774,17.9116748650621,6.67235893677698e-06,12113.5193883683,12791.4124972778
1.95674818297215e-05,1.6633656031502,0.11567288630849,6.87279651759552,8.82423610847246e-06,33155.4506900039,35010.8859953804
2.37807710853908e-05,1.0615899238172,0.0284521437792882,26.4417745190782,1.42005107964965e-06,8129.1581718279,8584.07966319966
2.36979178578649e-05,1.46306080185276,0.0875617489320861,24.3259014044784,8.21997939720467e-06,8851.27620101738,9346.60864317169
1.22298518958483e-05,1.60545971920734,0.0560207037709771,9.63931553920257,4.88583523804282e-06,23094.6638731849,24387.080469079
1.99627753575146e-05,1.8741506150517,0.00601490905092606,19.2588002425982,9.36729246220875e-06,11243.183213416,11872.3708324906
2.12347786217434e-05,1.06359514914763,0.0663058483880133,16.3006687539178,1.3598181145716e-06,13349.3777700951,14096.4316120419
1.41135969420439e-05,1.30663786461834,0.0340143395299476,19.3444069504312,3.42871333221779e-06,11192.0834391941,11818.4114281562
1.42092235804936e-05,1.36191646968114,0.0712862949172632,22.8621005640834,4.06573986705027e-06,9430.85918281686,9958.62607253398
2.30639373529181e-05,1.37585445542889,0.107283814755112,23.434643684026,7.0575775776003e-06,9195.35052874857,9709.93795438404
1.68260428018039e-05,1.2419588500012,0.0228597632066995,12.0604953138901,3.35468606584567e-06,18250.9740067213,19272.3294950299
1.98397979366155e-05,1.60102572079276,0.0705550780659641,25.4771819963378,8.0130674811281e-06,8443.18005720273,8915.67474636429
1.47308003869867e-05,1.28584783129263,0.0125478303080893,33.7505834363271,3.31626406054761e-06,6341.98097708536,6696.8889987235
1.56056710450435e-05,1.26291991563787,0.0190381159344214,17.8023937769223,3.3118529898876e-06,12190.0702857698,12872.2473128508
1.58384006735478e-05,1.34312880886611,0.0423454851931778,16.8812602799821,4.22507788829603e-06,12875.9439956725,13596.5036799003
1.20219965646425e-05,1.44164969947005,0.0214577918869049,31.8024915885266,3.76365545347249e-06,6736.73555312008,7113.73471096934
1.83248571472401e-05,1.32224978418871,0.121439665959634,12.0898789043705,5.08321844187891e-06,18204.6450952604,19223.4079390356
1.7652402457335e-05,1.4340579376366,0.0432866897419673,15.8915101621832,5.58463618864892e-06,13704.4962048977,14471.4230773058
2.26224227074245e-05,1.63350745326375,0.167596204389582,10.826014993087,1.05395712771523e-05,20436.1217421974,21579.7618072946
1.42689242502786e-05,1.35432206873599,0.000790457728168699,14.9541133968962,3.73598151192245e-06,14593.965952672,15410.6690621313
1.52998653479079e-05,1.70336960363071,0.220852978666536,4.89761167930848,8.1083665050968e-06,48156.6833808093,50851.6131336879
1.45972417335939e-05,1.14392336217999,0.0569415133644581,21.2423669773558,1.94742062671741e-06,10167.5728462987,10736.567483271
2.29952197613195e-05,1.37984625106628,0.00280252223395057,21.6867324754921,6.34780410426366e-06,9954.24051964202,10511.2967174612
2.20548522115303e-05,1.05871924556468,0.0871123859062321,18.2330993046302,1.33991098980817e-06,11893.8361153622,12559.4353753795
2.03284344323007e-05,1.22993969459815,0.0481813525974728,27.7644504959167,3.99273506086799e-06,7734.69890361916,8167.54578470707
1.82403862541216e-05,1.57188091204922,0.00988251888492722,10.6739694013817,6.70232114385384e-06,20742.0199377633,21902.7785851778
1.61913479868332e-05,1.47761181181474,0.140207543170485,8.24527043876557,6.08689025074347e-06,27262.0976187248,28787.7308816637
2.055483673512e-05,1.19036439563404,0.0499803092487257,20.7483296683988,3.460013116699e-06,10415.7503060804,10998.6333750086
2.38790054932237e-05,1.35723699868134,0.0442235460882857,25.3282014372495,6.57581622904344e-06,8493.85665914499,8969.18729697994
1.66218714041524e-05,1.58370127268736,0.168176133657933,15.4105371409401,7.36472595157637e-06,14146.8921889655,14938.5762916544
1.21967313500857e-05,1.0819972083335,0.0141909958089362,14.3516069212026,9.37601349093666e-07,15229.3035110673,16081.5611888447
1.46620219430644e-05,1.18231500389215,0.0382935053544708,23.7897543187269,2.35089842048601e-06,9055.10094771401,9561.8397687068
1.54534346377244e-05,1.03919088613586,0.0621907533641012,17.5069402255822,6.21431249089634e-07,12401.9637051418,13095.9986476816
1.39094633597257e-05,1.48539240274126,0.101450111595058,22.0212323510765,5.05839786683783e-06,9799.46776491056,10347.8626166324
2.1743397926758e-05,1.20982367077573,0.0851607552906797,20.0163688439653,4.12196729704747e-06,10806.5606455246,11411.3141244886
2.31843427044852e-05,1.62391375554039,0.0109566220527773,19.8965377226828,9.00597682341172e-06,10873.3526951786,11481.8439706276
2.13168185075317e-05,1.18581592877206,0.00476385780002183,21.1009268665769,3.3562368354026e-06,10237.4078475178,10810.3105697103
2.17182283247486e-05,1.76954013792619,0.171567423175575,21.0628194933756,1.14005465998717e-05,10256.3874641092,10830.352317866
1.27640907757217e-05,1.34815271444935,0.0299500704096913,23.3517719142079,3.39797931221383e-06,9228.70802276561,9745.16219039402
1.71673903831607e-05,1.49191907739139,0.0310060842955526,40.4275448472512,5.84149293561356e-06,5281.30880656365,5576.85981294006
1.83685130541539e-05,1.30410604615517,0.0703473580677761,28.380188080688,4.60740837455631e-06,7563.84001998276,7987.12534789197
2.03910178289143e-05,1.32038648887512,0.0103556084216327,13.4746322554265,4.99946908846432e-06,16259.6628526546,17169.5811883275
1.82784835770372e-05,1.29042191322229,0.0232311470249806,25.1652075673275,4.21151006094488e-06,8550.00152342758,9028.47412317943
1.59070859213099e-05,1.24111449249414,0.0151696187184813,17.0011034119891,3.1378604233164e-06,12782.3719380623,13497.6951710982
2.10575996008795e-05,1.11596329882555,0.00498507008364327,12.0518279292361,2.19907843891892e-06,18264.6849128947,19286.8076867884
1.89270922527406e-05,1.1039562057973,0.0271464085926844,15.4777569927285,1.83200441980104e-06,14083.3539182452,14871.4823114419
1.97588257748913e-05,1.63251194631464,0.0989795591075321,13.2546261464051,8.49628209717936e-06,16540.4130470968,17466.0426402529
1.88522793858005e-05,1.58444487112128,0.00157792178101685,24.1270682881986,6.96478802174804e-06,8925.78609199325,9425.28823413472
2.12799080363838e-05,1.5804308903893,0.133988304281201,20.375083297634,9.0242209365168e-06,10611.4358779313,11205.2698436565
2.2705968117658e-05,1.22211480159325,0.0393587610947415,9.98387221909305,4.29570008601994e-06,22254.0282360192,23499.4014345927
1.38794333603801e-05,1.16880118476744,0.00787302248183891,23.4653839869882,2.02038084776314e-06,9183.03820317487,9696.9366101698
1.56343593194447e-05,1.78818708157839,0.0484230408593983,9.77162825528765,7.24177846605947e-06,22764.4413710272,24038.3781551141
2.1822880388665e-05,1.73283597062013,0.00898490005992745,7.17364203220222,9.31261232141348e-06,31655.0602114541,33426.5311185849
1.63372746439604e-05,1.13662389045106,0.104238710849511,21.017069926135,2.19224534284889e-06,10279.266508708,10854.5117126401
1.43337498697937e-05,1.6255685869611,0.00659765448155262,18.5234691131617,5.55262048841186e-06,11702.1194967202,12356.9899692997
1.50072407114608e-05,1.13485099542032,0.0120123088546864,13.7153289345569,1.80492026922458e-06,15963.2327658846,16856.5623706815
1.4069505316115e-05,1.61465028447322,0.0395065296137829,22.3388284625491,5.57606160575531e-06,9656.90659292711,10197.3234794526
2.36052422850514e-05,1.78410387473077,0.0145454290746602,13.987961924722,1.05272478386163e-05,15640.2679629485,16515.5239091074
2.12577693405552e-05,1.84558791536336,0.0413577559371447,29.6566416168479,1.01595702248081e-05,7232.63496634962,7637.3854972031
2.37702419847781e-05,1.20388933087329,0.126026508403149,28.5585980377641,4.60607682533233e-06,7515.73529845241,7936.3286044821
1.29419219809575e-05,1.68089112124068,0.00384939877074574,30.3248896213516,5.26267091735735e-06,7070.55188323514,7466.23196960495
1.72856763295485e-05,1.39460576788596,0.0253884517574677,23.6667286703907,5.01832791650876e-06,9103.20246661703,9612.63313026486
1.91391087106364e-05,1.21672403213328,0.0171335964797618,11.9946473888587,3.46843629413754e-06,18355.6577645294,19382.8715336363
1.96312017480573e-05,1.52042542593926,0.0617444163298142,34.5062097546539,7.16159603288275e-06,6201.04006035753,6548.06078903399
1.90557489496619e-05,1.09424810659092,0.150984490740817,38.8187776664916,1.93311340463655e-06,5503.06283890226,5811.02357737846
2.01313741591657e-05,1.34385697220772,0.00694159617255488,14.7825236900045,5.18698028100991e-06,14769.4398667276,15595.9627943023
2.18979833699791e-05,1.11098355725393,0.0518991755105929,7.07452193893213,2.3072280400939e-06,32134.1400583388,33932.4210869882
1.83793786828173e-05,1.51234130468163,0.048356099677592,5.89863003186275,6.54270564449119e-06,39170.0653688516,41362.0887220791
1.98258703769082e-05,1.33257224020386,0.00973813733759812,16.3895685134468,4.99653262163758e-06,13274.6405134402,14017.5119316304
1.29813233688064e-05,1.44295600828198,0.00986115416370063,33.5567119467349,4.02461799459354e-06,6379.18117776758,6736.17098578704
2.27755196132809e-05,1.28386192029188,0.0149860907619122,23.7336885993652,5.11216278210089e-06,9076.95875001766,9584.92077073321
2.34737630448444e-05,1.39540305785564,0.0272827422359172,35.6800799368508,6.8379494355396e-06,5994.09870625467,6329.53864545145
1.82525981238652e-05,1.1725008608209,0.026886343177254,10.194648911836,2.75950408469575e-06,21769.3216114098,22987.5698044311
1.34107403297033e-05,1.5756110670725,0.0200954684455753,38.2313204146008,4.99969039873244e-06,5588.75264791169,5901.50873356726
1.43987621281855e-05,1.19416814443396,0.0232621448722986,12.9176694362964,2.39691817906766e-06,16989.7208599977,17940.4944811096
1.89436240675226e-05,1.25037429574473,0.00518038818736331,7.47015325438302,3.81294161028991e-06,30303.70585268,31999.5526758317
1.6429733484325e-05,1.35982125569067,0.0427512231825633,26.0269012472463,4.54154002206098e-06,8261.30999112604,8723.62692264693
1.85084794437401e-05,1.15030585528445,0.207132344879108,25.3807863641534,3.05015650954863e-06,8475.9002631855,8950.22603061975
1.7456887356366e-05,1.03419532396073,0.0110926403321179,12.327614742519,5.83670414391499e-07,17838.2894130723,18836.550370946
1.36513231547037e-05,1.50714322520373,0.0172960154895233,21.7113345569341,4.67435900441239e-06,9942.69075835907,10499.1006119299
1.2360850805752e-05,1.56146336023272,0.00266193931079722,10.9423577268432,4.45646197877285e-06,20208.0835718463,21338.9622338126
2.38476535234535e-05,1.10880683805896,0.106941290085926,24.4074356383228,2.6203192284451e-06,8821.0808712461,9314.72353148676
1.49910023244051e-05,1.36076159890579,0.0748958416024667,22.6788629634961,4.2960676151732e-06,9508.80147328446,10040.9301458911
1.91818109366996e-05,1.55310008398356,0.0666984055473969,9.81660181572354,7.31918503459166e-06,22654.3396886774,23922.1149957112
1.33782224823637e-05,1.31633667977589,0.08231965912012,22.4023380757685,3.50334644889325e-06,9628.89497667548,10167.7442856029
1.56933661350254e-05,1.70902697965348,0.0132859003421457,5.42661687333165,6.59829410388762e-06,42947.7554104807,45351.1847114525
1.7680248677901e-05,1.42385750258859,0.0131851980585179,19.152530642111,5.33332745595982e-06,11307.26994289,11940.0439641397
2.11151572716208e-05,1.25514215172925,0.0903164057095049,21.6283238229707,4.71827199414073e-06,9981.76900030923,10540.3657386389
1.32306660792986e-05,1.0745283814205,0.0921268020275624,9.11201221257336,1.01077371337344e-06,24511.8175576884,25883.5404795305
2.33850163876964e-05,1.77840222891076,0.137352560351704,19.3051914660935,1.18649475980922e-05,11215.4338921009,11843.0686120474
1.48406326451451e-05,1.3976825225951,0.0956385044987009,18.2540131039771,4.66907640653339e-06,11879.8180454935,12544.6328305238
1.64103873255746e-05,1.1893835294123,0.00559040010849379,9.79730120153473,2.6276446600889e-06,22701.4594883002,23971.8716993116
1.67048202699451e-05,1.06515740212759,0.0101905317182008,10.4332127129234,1.032363979579e-06,21245.5965575439,22434.5362074741
1.41466030145455e-05,1.1539919389501,0.0373264143457127,12.7036735795749,1.96092917641523e-06,17287.9728045289,18255.4371107698
1.20417571433913e-05,1.09791371679481,0.013584685981161,10.2062680428982,1.08867957591898e-06,21743.2158650376,22960.0031361748
1.53047903019469e-05,1.0878979129934,0.0580666074719578,36.952073788205,1.31277566781973e-06,5784.90813501638,6108.6414147243
1.56800838547954e-05,1.09577971039272,0.00627450168884122,10.0861700138754,1.37919400305295e-06,22016.1126713742,23248.1717110642
2.19380778954746e-05,1.56053849425749,0.0163437123441996,7.69809382822272,8.01080969515117e-06,29340.9338016385,30982.9022664101
1.42452294525392e-05,1.16704563983856,0.0384189260100617,8.50711874010225,2.12043212331035e-06,26368.2093028338,27843.8190581488
2.11758188841585e-05,1.25998780068461,0.00483600195593017,14.3076696626523,4.39059053907929e-06,15277.8068828401,16132.7788916414
1.99206769927656e-05,1.92759304576914,0.0838520168627188,14.7226492327308,1.04633496425138e-05,14831.6673772944,15661.672661998
1.49289590740744e-05,1.11133265256115,0.0408237675390473,14.8473530242058,1.55920353923269e-06,14702.6490949453,15525.4342975469
1.70287469312176e-05,1.77400252778514,0.0278850086056085,8.18229949814027,7.6426767713564e-06,27486.1927563845,29024.3667636513
1.56530824601585e-05,1.22358945048206,0.00607413294892499,38.7740042288793,2.87776028794893e-06,5509.50112659777,5817.82216258306
1.3306333472779e-05,1.15428492863785,0.0123603424561016,11.7449971422822,1.80079594097197e-06,18763.7040203568,19813.75275064
1.2065097691183e-05,1.05488131030006,0.0138877648481872,16.7170703230905,6.36531723642603e-07,13006.3889400277,13734.2485447853
1.99098240877781e-05,1.49706579492772,0.0405928985286413,10.778737361918,6.89014475674582e-06,20530.2670803079,21679.1756783472
1.64473524053302e-05,1.43483360023579,0.0147024327766381,17.3539985180972,5.05874586522398e-06,12514.5711821238,13214.9078302383
2.13678032048503e-05,1.13584051764719,0.00268017321358977,15.9528541906113,2.5622888510584e-06,13650.0546455654,14413.9348758932
1.36000124282045e-05,1.1879349533107,0.120575355350938,12.9720387596745,2.44651966378328e-06,16915.5779772161,17862.2024367424
1.34206092468482e-05,1.36347260980717,0.0361669261760686,6.68771030380706,3.71184276016879e-06,34151.4715985199,36062.6459247842
2.38376661278615e-05,1.89753081371656,0.013831478666112,24.4609077210394,1.14330620423634e-05,8801.38968490855,9293.93039293396
2.16582554307785e-05,1.6975970960969,0.0389720813911389,18.7250549761711,9.26077978020701e-06,11572.6179426181,12220.241288388
1.32565838654693e-05,1.15242626658891,0.0279410760539043,22.0631212863113,1.80376414909778e-06,9780.42429644125,10327.7534433393
1.39644712142581e-05,1.12602875724555,0.0156378778348698,12.1018544406943,1.58775541073884e-06,18185.8307835008,19203.5407464507
1.84281137826238e-05,1.20440672881531,0.0432447471078236,11.8448469720551,3.26883964181192e-06,18598.3431545274,19639.1380100418
1.30849202402886e-05,1.29926461046712,0.0863647272790578,20.777828541068,3.29875164181802e-06,10400.591997298,10982.626781534
1.68647176417848e-05,1.36845262932407,0.0894867365033398,31.5948222146643,4.98696629018642e-06,6781.73513702091,7161.25254797665
1.25829075426618e-05,1.55712943566316,0.00908584259466544,18.6512986165271,4.54329387104518e-06,11619.6661114726,12269.9223526407
1.39795502243629e-05,1.54474331770641,0.054489475380386,23.6219956634241,5.21381798714964e-06,9120.81947946085,9631.23602105411
1.81699657726726e-05,1.09009950198072,0.0273759213418519,7.12180585265832,1.54403524364848e-06,31903.8021494371,33689.1930776823
2.2805486484848e-05,1.63107440300549,0.0170687644739694,19.731717902916,8.97662026386559e-06,10966.5814259041,11580.2899393898
2.21046171675129e-05,1.06832502410549,0.0889495601110564,29.564406174037,1.55169501515574e-06,7255.5921439284,7661.62739741135
2.03200797796603e-05,1.2981130049944,0.0237150127144397,20.7227132844311,4.77978244100991e-06,10428.9494540634,11012.5711697197
2.31316311742729e-05,1.15306255595237,0.0575344944735273,25.4328242965059,3.25796295445756e-06,8458.20524651775,8931.54077078017
2.38623259215793e-05,1.31394526275237,0.0303723183425998,8.56524217891936,5.87995037618099e-06,26177.6923517263,27642.6404550353
1.7567273877955e-05,1.13546020985266,0.0665774723354764,16.3234369748742,2.24521365782621e-06,13330.1566473952,14076.1348426858
1.62746307717813e-05,1.13757912213331,0.0192365913021346,13.0725313611448,2.00683000964561e-06,16780.2279468139,17719.2779888684
1.37663131740019e-05,1.33454559080131,0.123256780234892,14.8852103087058,3.93604509596455e-06,14663.9251754393,15484.5433217676
2.00044105435973e-05,1.37717593801091,0.038784331355809,17.1845284500311,5.69967814210765e-06,12641.761447975,13349.2158792849
1.211653855009e-05,1.43010181891414,0.00633311563658657,27.6696324393883,3.66721833288009e-06,7761.69796087835,8196.05575504413
1.6692264256563e-05,1.05392727261185,0.0928262535870488,20.4733112817477,9.41487500672103e-07,10559.2273720846,11150.1396611934
1.52030417422978e-05,1.05309416826688,0.0610737860291111,20.0384246225092,8.16340950833369e-07,10794.3564228296,11398.4269327737
1.56208446098529e-05,1.66252788697005,0.0995722246395012,13.5762942545352,6.913261541067e-06,16133.1278132117,17035.9650332712
2.1107062942897e-05,1.41993109822724,0.00140059912715261,19.4806128610453,6.25083581160476e-06,11111.7311270692,11733.5624642385
1.31011416821089e-05,1.44453078929703,0.046200121183363,14.7377775774986,4.22688925889187e-06,14815.8950173888,15645.0176540569
1.47975979475118e-05,1.65317753834465,0.0112351588678336,9.19096448352149,5.91293935986402e-06,24288.6471721189,25647.88110033
2.03147861175109e-05,1.01822250600415,0.0341073656832865,30.1602050583152,3.76391380180339e-07,7109.81765331603,7507.69511883722
1.4642796416617e-05,1.110287973801,0.0243699161072231,6.2319865742901,1.49081869140567e-06,36880.047600815,38943.9176722042
2.09101072930377e-05,1.51537521341874,0.017561058173113,14.3202652342003,7.23843604134142e-06,15263.8707614662,16118.0628812574
1.40199872428151e-05,1.91171277206145,0.0224848630597547,17.7118874858372,6.83995472486258e-06,12254.2060507733,12939.972224141
2.11661812903807e-05,1.28159304376636,0.00177819838251978,16.1422658358772,4.65884250625159e-06,13484.6532363869,14239.2773230712
2.21654981322968e-05,1.74589206249161,0.00804732999186573,20.5749925765679,9.54630711897294e-06,10505.7219320791,11093.6399659343
1.73932112509534e-05,1.24551596044283,0.0410689802709796,13.1391706426872,3.57531979555619e-06,16691.6625097692,17625.7562796178
1.86340083104074e-05,1.8314594326496,0.13765472542378,16.0757039855946,9.8097692941878e-06,13542.3186446015,14300.1697854224
1.70771210610922e-05,1.25336488714919,0.00567868744942831,18.9612419236487,3.47175720328054e-06,11424.4888253525,12063.8226142558
2.01823189802086e-05,1.62874758565878,0.163685639345564,20.5860605645324,9.31564188276775e-06,10499.9305886109,11087.5245290542
2.04003337375503e-05,1.97032795703628,0.0390555748745513,29.4729759505384,1.04546529663432e-05,7278.49320700162,7685.81004285104
1.60094264778486e-05,1.48154307409956,0.00352287700604704,16.5492459546417,5.22182503500515e-06,13142.4822658043,13877.9578841047
1.26992983890697e-05,1.61418712536728,0.190480840924969,31.0403586595415,5.96886838192217e-06,6904.88009066037,7291.28890227291
1.54396615878297e-05,1.21258487975791,0.0605014911117993,8.40698891468664,2.88107582055391e-06,26703.0096549837,28197.3554063628
1.31301913746893e-05,1.74265154782032,0.0555690003496623,20.2600264102048,5.92473823313798e-06,10673.2494952209,11270.5426559046
1.82238351110984e-05,1.15786749274504,0.0125655674582705,23.0717224033399,2.51627053467467e-06,9343.24672560937,9866.11067349006
1.79950297167571e-05,1.31345457789363,0.0367382965443412,12.8037456503097,4.45820100368134e-06,17147.2060349972,18106.7927938492
2.34334771702252e-05,1.2805002384098,0.000895385281385145,28.8251605082632,5.13770486005089e-06,7444.99143691696,7861.6257963602
1.91757009302247e-05,1.09938378180801,0.00952504900046877,17.6097666552361,1.75011073672089e-06,12327.3876783544,13017.2492198347
2.2583030607515e-05,1.41061075602124,0.222031030231922,6.65977300138703,8.44946915415164e-06,34307.0463970306,36226.9269531237
1.95540867689168e-05,1.64675981259334,0.0155056690116061,28.1896496560197,7.80060713188604e-06,7615.8997059157,8042.09838222635
1.74045090786042e-05,1.15668963007819,0.0715731709336911,29.1171476773707,2.53938928384874e-06,7369.01297792488,7781.39545382172
1.77982696110886e-05,1.42665917700817,0.161768092999796,18.9905139599732,6.34986798910363e-06,11406.3940711977,12044.7152469408
1.96694620992411e-05,1.56982724833768,0.0539793454498409,15.9251029826518,7.5469938839315e-06,13674.6295772193,14439.8850624409
1.34548321644897e-05,1.2834198630246,0.0328788615263238,18.8560587700405,3.07222379461877e-06,11489.9852838687,12132.9843657776
1.61596949587902e-05,1.23602910897508,0.00550820456075899,10.4739498887353,3.10285698178994e-06,21158.6759487226,22342.7513738266
2.20049497869937e-05,1.14859574514979,0.0130305944766934,12.1393798379675,2.88433807928312e-06,18127.1272443786,19141.5520576239
1.87570784350047e-05,1.33239158059904,0.0512249258579395,14.8189079635405,4.93186705738705e-06,14731.8802158529,15556.3012416034
1.29053606501687e-05,1.16173152483925,0.0718806500401471,18.1535070269093,1.93574934664359e-06,11947.489079975,12616.0908509734
1.32690829955321e-05,1.19748459630502,0.0245454190421964,12.7718860773417,2.24331993790953e-06,17191.7719097071,18153.852650563
2.27973424095958e-05,1.67745944611255,0.0843160181380816,7.00334460585877,1.00544579914559e-05,32487.2249558545,34305.2652147666
1.79314707265282e-05,1.21565751126023,0.0208650910129226,19.1847264043806,3.24876834570898e-06,11287.7770042026,11919.4601675121
2.03762221420147e-05,1.33478833830205,0.145084936790453,13.7823241872258,5.97788868943644e-06,15882.6388167636,16771.4582473512
1.5369011851687e-05,1.18072451934912,0.0163964664021513,23.5705678724619,2.39159456291137e-06,9141.15752994096,9652.712223365
1.85444744741181e-05,1.11671427564632,0.205580269915418,21.2849959146405,2.43969764921491e-06,10146.7116300668,10714.5388379647
2.04150237379242e-05,1.08672410209111,0.056576342666658,13.1995094296004,1.72684833697715e-06,16612.2736659601,17541.9247013385
1.9644593887154e-05,1.26910915074852,0.0768080886493717,17.9400799844926,4.5120213935526e-06,12093.7789513829,12770.5673519273
1.59705137134669e-05,1.38657409002632,0.126759004297702,30.3929044018212,5.09877875461444e-06,7054.46138069753,7449.24101523007
1.30574000477549e-05,1.04859957409134,0.0492059700345467,14.6216476260172,6.3648338337406e-07,14937.835662985,15773.7823051874
1.22706323890546e-05,1.22747510025143,0.00833706817585343,10.7101152520043,2.29307710561959e-06,20668.4711826174,21825.1139168375
1.71316927549699e-05,1.3363460171605,0.0250303066758921,15.2749605671902,4.42251023497417e-06,14276.8042985561,15075.7585034367
2.29840179378893e-05,1.05232965404375,0.0558344749507341,14.6606568197272,1.21049573995185e-06,14896.6512425,15730.2931346172
2.20847251641238e-05,1.34745840728197,0.0168039161644476,7.7400898421455,5.79201285431799e-06,29170.1972643353,30802.6110226366
1.58069388768347e-05,1.35504330637756,0.0586371353302936,27.4334740851452,4.39958238456724e-06,7829.76973069417,8267.93693665763
1.28544681700906e-05,1.56280384813188,0.0296873616711351,31.8759568917317,4.77077785249877e-06,6720.959134613,7097.07541730053
1.80086005718093e-05,1.59668064784266,0.0435379327797771,15.0592932518948,7.03603173901055e-06,14488.4523304793,15299.2507185205
1.68443515976854e-05,1.29848025007789,0.00301387650301205,6.31190472534048,3.88363220904001e-06,36370.3825321743,38405.7308811139
2.39075226254566e-05,1.5743535378241,0.0216035745431885,32.0365926328446,8.91427559562437e-06,6686.71930124473,7060.91946473135
2.08562633938864e-05,1.29564911175213,0.039664957192595,10.4921221516713,4.95556734502884e-06,21120.1310975726,22302.0494873725
1.53840413417537e-05,1.18344337184216,0.0490765520194894,11.6511164605727,2.50768130718328e-06,18921.8859056906,19980.786762807
1.4632008200096e-05,1.32834107069284,0.00527796555100825,18.7689881113267,3.63589565970684e-06,11544.7742687081,12190.8394352185
1.47752593243662e-05,1.32290442229268,0.0169870942321853,11.261641612101,3.66872248915986e-06,19607.658439255,20704.9362915186
1.77207671902226e-05,1.06201970567876,0.0526365453149008,17.319296272181,1.09233253384756e-06,12540.4069551896,13242.1894170237
1.49822296204241e-05,1.49295692354482,0.06431743221424,19.6571604665899,5.28691699797125e-06,11009.2814396254,11625.3795183665
2.0534074958534e-05,1.08256534632166,0.072345472656253,16.2850805180116,1.68819609205069e-06,13362.569498465,14110.3615719256
1.94944976879368e-05,1.35066905643531,0.0812204360151104,17.1284035687941,5.508581645613e-06,12684.4561446792,13394.2998436953
1.80638453844208e-05,1.53265687622426,0.0803968284915554,27.0494331795771,6.82658585898183e-06,7943.05493627197,8387.56177465277
1.72491049743304e-05,1.65106093169775,0.101638888094981,34.0054707739566,7.57121266161684e-06,6293.7282122725,6645.93592727772
2.06495131625868e-05,1.11844928020788,0.0158996959711581,48.0176489064775,2.22217088755337e-06,4437.64494442745,4685.98308887314
1.90407231300781e-05,1.63904172030109,0.0929581210060689,20.5613094842885,8.18438068479972e-06,10512.8904724007,11101.2096699416
1.90103968497701e-05,1.13203834672732,0.0182579815452755,14.2625648692898,2.25852194642602e-06,15327.9216976167,16185.698216528
1.97149567366289e-05,1.66182115143973,0.044620446884452,17.6506239237539,8.2180185661116e-06,12298.0039470182,12986.2211250111
2.27488772638673e-05,1.45797979601644,0.199163276781867,43.9795031288188,8.92272485121903e-06,4849.82467298176,5121.22909475454
1.92258160448726e-05,1.40626775275812,0.0300894613281262,17.2260668171253,5.7264932429481e-06,12610.3475116613,13316.0439657667
2.26634085105658e-05,1.39686818252776,0.0211806301081006,26.162037583712,6.57814454036044e-06,8217.79487464446,8677.67662637569
1.63204875575406e-05,1.11164998323312,0.177919501225736,17.4365115457419,1.99388712921696e-06,12453.5658763727,13150.4885640145
1.55851369235599e-05,1.3649107321058,0.0164350810814179,19.844580714,4.23626448584819e-06,10902.5700926963,11512.6964233099
2.16292724288497e-05,1.71330251483751,0.15222060974595,27.0771632810484,1.06215243938897e-05,7934.76534825376,8378.80828721664
1.37944861702379e-05,1.31204005290514,0.063883986789246,22.6275900208137,3.50455273962806e-06,9530.84228611389,10064.204400023
2.18519296968207e-05,1.1006417478384,0.0734008696416362,37.6950059058248,2.1563526104189e-06,5669.34646651831,5986.61271907934
1.84727370219771e-05,1.10160791013041,0.108168107026494,18.8075625596602,1.91046737427951e-06,11520.4370515638,12165.1402660878
1.49264124968285e-05,1.86485389822999,0.0419532896271581,13.6870191649266,7.22536492184515e-06,15997.5353354824,16892.7845703061
1.63535537251113e-05,1.8112945434603,0.0430957701927943,6.44297107700798,7.65465413147383e-06,35564.4179565159,37554.6631595944
2.1613059727991e-05,1.62273780210823,0.067776370515319,17.8553062184251,8.89698120770698e-06,12152.8848810853,12832.9809497941
1.63812214176776e-05,1.53416180645561,0.0259318870623965,14.1247982191746,5.85532826802923e-06,15483.0480341419,16349.5056861879
1.49631880999468e-05,1.21742332864711,0.103842562571165,6.48045357259806,2.98192654590716e-06,35340.4695959579,37318.1822686044
1.83201859485721e-05,1.2354399249685,0.0388716156797273,10.3851324693974,3.63244135051637e-06,21349.1091207045,22543.8415093923
